[0mGET /app/version [33m404[0m 4.878 ms - 57[0m
[0mOPTIONS /api/category/getAllCategory [32m204[0m 1.215 ms - 0[0m
[0mOPTIONS /api/store/list?page=1&limit=20 [32m204[0m 0.220 ms - 0[0m
[0mOPTIONS /api/category/getAllCategory [32m204[0m 0.362 ms - 0[0m
[0mOPTIONS /api/product/getAllproductList?page=1&limit=20 [32m204[0m 0.190 ms - 0[0m
[0mGET /api/category/getAllCategory [32m200[0m 207.667 ms - -[0m
[0mGET /api/category/getAllCategory [36m304[0m 83.856 ms - -[0m
[0mGET /api/store/list?page=1&limit=20 [32m200[0m 292.146 ms - -[0m
[0mGET /api/product/getAllproductList?page=1&limit=20 [32m200[0m 287.346 ms - -[0m
[0mOPTIONS /api/store/list?currentLocation=12.680382175114904%2C78.61644482546886&page=1&limit=20 [32m204[0m 0.610 ms - 0[0m
[0mGET /api/store/list?currentLocation=12.680382175114904%2C78.61644482546886&page=1&limit=20 [32m200[0m 113.710 ms - -[0m
[0mOPTIONS /api/category/getAllCategory [32m204[0m 0.249 ms - 0[0m
[0mOPTIONS /api/store/list?page=1&limit=20 [32m204[0m 0.218 ms - 0[0m
[0mOPTIONS /api/category/getAllCategory [32m204[0m 0.110 ms - 0[0m
[0mOPTIONS /api/product/getAllproductList?page=1&limit=20 [32m204[0m 0.473 ms - 0[0m
[0mGET /api/category/getAllCategory [32m200[0m 191.335 ms - -[0m
[0mGET /api/category/getAllCategory [36m304[0m 69.642 ms - -[0m
[0mGET /api/store/list?page=1&limit=20 [32m200[0m 263.098 ms - -[0m
[0mGET /api/product/getAllproductList?page=1&limit=20 [32m200[0m 283.584 ms - -[0m
[0mGET /app/version [33m404[0m 0.585 ms - 57[0m
[0mOPTIONS /api/category/getAllCategory [32m204[0m 0.631 ms - 0[0m
[0mOPTIONS /api/store/list?page=1&limit=20 [32m204[0m 0.256 ms - 0[0m
[0mOPTIONS /api/category/getAllCategory [32m204[0m 0.112 ms - 0[0m
[0mOPTIONS /api/product/getAllproductList?page=1&limit=20 [32m204[0m 0.110 ms - 0[0m
[0mGET /api/category/getAllCategory [36m304[0m 49.703 ms - -[0m
[0mGET /api/store/list?page=1&limit=20 [36m304[0m 82.547 ms - -[0m
[0mGET /api/category/getAllCategory [36m304[0m 44.021 ms - -[0m
[0mGET /api/product/getAllproductList?page=1&limit=20 [36m304[0m 104.288 ms - -[0m
[0mOPTIONS /api/store/list?currentLocation=12.680376702630086%2C78.61646622078291&page=1&limit=20 [32m204[0m 0.242 ms - 0[0m
[0mGET /api/store/list?currentLocation=12.680376702630086%2C78.61646622078291&page=1&limit=20 [32m200[0m 84.090 ms - -[0m
[0mOPTIONS /api/auth/rootLogin [32m204[0m 0.319 ms - 0[0m
[0mPOST /api/auth/rootLogin [32m200[0m 241.328 ms - 753[0m
[0mOPTIONS /api/auth/user/122 [32m204[0m 0.338 ms - 0[0m
[0mGET /api/auth/user/122 [32m200[0m 78.630 ms - 579[0m
[0mGET /api/auth/user/122 [36m304[0m 76.651 ms - -[0m
[0mOPTIONS /api/order/store/list/57 [32m204[0m 0.823 ms - 0[0m
[0mGET /api/order/store/list/57 [32m200[0m 48.593 ms - 26[0m
[0mOPTIONS /api/one-day/orders/57 [32m204[0m 0.876 ms - 0[0m
[0mGET /api/one-day/orders/57 [32m200[0m 214.872 ms - -[0m
[0mOPTIONS /api/rental/bookings/57 [32m204[0m 0.569 ms - 0[0m
[0mGET /api/rental/bookings/57 [32m200[0m 174.280 ms - -[0m
[0mOPTIONS /api/store/list/57 [32m204[0m 1.091 ms - 0[0m
[0mOPTIONS /api/order/store/list/57 [32m204[0m 0.441 ms - 0[0m
[0mGET /api/order/store/list/57 [36m304[0m 88.183 ms - -[0m
[0mOPTIONS /api/one-day/orders/57 [32m204[0m 2.446 ms - 0[0m
[0mGET /api/store/list/57 [32m200[0m 275.987 ms - -[0m
[0mGET /api/one-day/orders/57 [36m304[0m 210.249 ms - -[0m
[0mOPTIONS /api/rental/bookings/57 [32m204[0m 0.478 ms - 0[0m
[0mGET /api/rental/bookings/57 [36m304[0m 156.380 ms - -[0m
[0mOPTIONS /api/order/store/list/57 [32m204[0m 0.289 ms - 0[0m
[0mGET /api/order/store/list/57 [36m304[0m 53.012 ms - -[0m
[0mOPTIONS /api/one-day/orders/57 [32m204[0m 0.514 ms - 0[0m
[0mGET /api/one-day/orders/57 [36m304[0m 196.438 ms - -[0m
[0mOPTIONS /api/rental/bookings/57 [32m204[0m 0.381 ms - 0[0m
[0mGET /api/rental/bookings/57 [36m304[0m 168.470 ms - -[0m
[0mOPTIONS /api/order/store/list/57 [32m204[0m 0.570 ms - 0[0m
[0mGET /api/order/store/list/57 [36m304[0m 42.485 ms - -[0m
[0mOPTIONS /api/one-day/orders/57 [32m204[0m 0.733 ms - 0[0m
[0mGET /api/one-day/orders/57 [36m304[0m 200.782 ms - -[0m
[0mOPTIONS /api/rental/bookings/57 [32m204[0m 0.473 ms - 0[0m
[0mGET /api/rental/bookings/57 [36m304[0m 160.540 ms - -[0m
[0mOPTIONS /api/order/store/list/57 [32m204[0m 0.199 ms - 0[0m
[0mGET /api/order/store/list/57 [36m304[0m 40.560 ms - -[0m
[0mOPTIONS /api/one-day/orders/57 [32m204[0m 0.215 ms - 0[0m
[0mGET /api/one-day/orders/57 [36m304[0m 192.504 ms - -[0m
[0mOPTIONS /api/rental/bookings/57 [32m204[0m 0.232 ms - 0[0m
[0mGET /api/rental/bookings/57 [36m304[0m 158.189 ms - -[0m
[0mOPTIONS /api/auth/user/122 [32m204[0m 0.710 ms - 0[0m
[0mGET /api/auth/user/122 [36m304[0m 74.229 ms - -[0m
[0mOPTIONS /api/store/product/admin/getAllProductById/57 [32m204[0m 0.387 ms - 0[0m
[0mGET /api/store/product/admin/getAllProductById/57 [32m200[0m 122.893 ms - -[0m
[0mOPTIONS /api/category/getAllCategory [32m204[0m 0.561 ms - 0[0m
[0mGET /api/category/getAllCategory [36m304[0m 97.482 ms - -[0m
[0mGET /api/auth/user/122 [36m304[0m 144.569 ms - -[0m
[0mGET /api/store/product/admin/getAllProductById/57 [36m304[0m 127.012 ms - -[0m
[0mOPTIONS /api/order/store/list/57 [32m204[0m 0.506 ms - 0[0m
[0mGET /api/order/store/list/57 [36m304[0m 45.733 ms - -[0m
[0mOPTIONS /api/one-day/orders/57 [32m204[0m 0.513 ms - 0[0m
[0mGET /api/one-day/orders/57 [36m304[0m 195.020 ms - -[0m
[0mOPTIONS /api/rental/bookings/57 [32m204[0m 0.373 ms - 0[0m
[0mGET /api/rental/bookings/57 [36m304[0m 162.536 ms - -[0m
[0mOPTIONS /api/order/store/list/57 [32m204[0m 0.325 ms - 0[0m
[0mGET /api/order/store/list/57 [36m304[0m 40.653 ms - -[0m
[0mOPTIONS /api/one-day/orders/57 [32m204[0m 0.211 ms - 0[0m
[0mGET /api/one-day/orders/57 [36m304[0m 192.107 ms - -[0m
[0mOPTIONS /api/rental/bookings/57 [32m204[0m 0.317 ms - 0[0m
[0mGET /api/rental/bookings/57 [36m304[0m 163.374 ms - -[0m
[0mOPTIONS /api/order/store/list/57 [32m204[0m 0.713 ms - 0[0m
[0mGET /api/order/store/list/57 [36m304[0m 40.971 ms - -[0m
[0mOPTIONS /api/one-day/orders/57 [32m204[0m 0.394 ms - 0[0m
[0mGET /api/one-day/orders/57 [36m304[0m 196.733 ms - -[0m
[0mOPTIONS /api/rental/bookings/57 [32m204[0m 0.647 ms - 0[0m
[0mGET /api/rental/bookings/57 [36m304[0m 158.232 ms - -[0m
[0mOPTIONS /api/order/store/list/57 [32m204[0m 1.093 ms - 0[0m
[0mGET /api/order/store/list/57 [36m304[0m 45.274 ms - -[0m
[0mOPTIONS /api/one-day/orders/57 [32m204[0m 0.301 ms - 0[0m
[0mGET /api/one-day/orders/57 [36m304[0m 199.035 ms - -[0m
[0mOPTIONS /api/rental/bookings/57 [32m204[0m 0.772 ms - 0[0m
[0mGET /api/rental/bookings/57 [36m304[0m 180.315 ms - -[0m
[0mOPTIONS /api/order/store/list/57 [32m204[0m 0.382 ms - 0[0m
[0mGET /api/order/store/list/57 [36m304[0m 43.807 ms - -[0m
[0mOPTIONS /api/one-day/orders/57 [32m204[0m 0.396 ms - 0[0m
[0mGET /api/one-day/orders/57 [36m304[0m 197.482 ms - -[0m
[0mOPTIONS /api/rental/bookings/57 [32m204[0m 0.537 ms - 0[0m
[0mGET /api/rental/bookings/57 [36m304[0m 162.423 ms - -[0m
[0mOPTIONS /api/order/store/list/57 [32m204[0m 1.214 ms - 0[0m
[0mGET /api/order/store/list/57 [36m304[0m 38.829 ms - -[0m
[0mOPTIONS /api/one-day/orders/57 [32m204[0m 0.324 ms - 0[0m
[0mGET /api/one-day/orders/57 [36m304[0m 201.243 ms - -[0m
[0mOPTIONS /api/rental/bookings/57 [32m204[0m 0.581 ms - 0[0m
[0mGET /api/rental/bookings/57 [36m304[0m 154.774 ms - -[0m
[0mOPTIONS /api/order/store/list/57 [32m204[0m 0.667 ms - 0[0m
[0mGET /api/order/store/list/57 [36m304[0m 41.871 ms - -[0m
[0mOPTIONS /api/one-day/orders/57 [32m204[0m 0.360 ms - 0[0m
[0mGET /api/one-day/orders/57 [36m304[0m 191.819 ms - -[0m
[0mOPTIONS /api/rental/bookings/57 [32m204[0m 0.318 ms - 0[0m
[0mGET /api/rental/bookings/57 [36m304[0m 156.744 ms - -[0m
[0mOPTIONS /api/order/store/list/57 [32m204[0m 0.241 ms - 0[0m
[0mGET /api/order/store/list/57 [36m304[0m 38.569 ms - -[0m
[0mOPTIONS /api/one-day/orders/57 [32m204[0m 0.174 ms - 0[0m
[0mGET /api/one-day/orders/57 [36m304[0m 204.367 ms - -[0m
[0mOPTIONS /api/rental/bookings/57 [32m204[0m 0.208 ms - 0[0m
[0mGET /api/rental/bookings/57 [36m304[0m 160.630 ms - -[0m
[0mOPTIONS /api/order/store/list/57 [32m204[0m 0.288 ms - 0[0m
[0mGET /api/order/store/list/57 [36m304[0m 43.239 ms - -[0m
[0mOPTIONS /api/one-day/orders/57 [32m204[0m 0.214 ms - 0[0m
[0mGET /api/one-day/orders/57 [36m304[0m 207.272 ms - -[0m
[0mOPTIONS /api/rental/bookings/57 [32m204[0m 1.168 ms - 0[0m
[0mGET /api/rental/bookings/57 [36m304[0m 183.990 ms - -[0m
[0mOPTIONS /api/order/store/list/57 [32m204[0m 0.725 ms - 0[0m
[0mGET /api/order/store/list/57 [36m304[0m 42.976 ms - -[0m
[0mOPTIONS /api/one-day/orders/57 [32m204[0m 0.707 ms - 0[0m
[0mGET /api/one-day/orders/57 [36m304[0m 205.462 ms - -[0m
[0mOPTIONS /api/rental/bookings/57 [32m204[0m 0.295 ms - 0[0m
[0mGET /api/rental/bookings/57 [36m304[0m 157.247 ms - -[0m
[0mOPTIONS /api/order/store/list/57 [32m204[0m 0.722 ms - 0[0m
[0mGET /api/order/store/list/57 [36m304[0m 42.610 ms - -[0m
[0mOPTIONS /api/one-day/orders/57 [32m204[0m 0.555 ms - 0[0m
[0mGET /api/one-day/orders/57 [36m304[0m 225.156 ms - -[0m
[0mOPTIONS /api/rental/bookings/57 [32m204[0m 0.520 ms - 0[0m
[0mGET /api/rental/bookings/57 [36m304[0m 167.050 ms - -[0m
[0mOPTIONS /api/order/store/list/57 [32m204[0m 0.903 ms - 0[0m
[0mGET /api/order/store/list/57 [36m304[0m 49.995 ms - -[0m
[0mOPTIONS /api/one-day/orders/57 [32m204[0m 0.672 ms - 0[0m
[0mGET /api/one-day/orders/57 [36m304[0m 206.877 ms - -[0m
[0mOPTIONS /api/rental/bookings/57 [32m204[0m 1.461 ms - 0[0m
[0mGET /api/rental/bookings/57 [36m304[0m 177.638 ms - -[0m
[0mOPTIONS /api/order/store/list/57 [32m204[0m 0.673 ms - 0[0m
[0mGET /api/order/store/list/57 [36m304[0m 65.796 ms - -[0m
[0mOPTIONS /api/one-day/orders/57 [32m204[0m 0.572 ms - 0[0m
[0mGET /api/one-day/orders/57 [36m304[0m 200.269 ms - -[0m
[0mOPTIONS /api/rental/bookings/57 [32m204[0m 0.212 ms - 0[0m
[0mGET /api/rental/bookings/57 [36m304[0m 165.466 ms - -[0m
[0mOPTIONS /api/order/store/list/57 [32m204[0m 0.468 ms - 0[0m
[0mGET /api/order/store/list/57 [36m304[0m 38.435 ms - -[0m
[0mOPTIONS /api/one-day/orders/57 [32m204[0m 0.231 ms - 0[0m
[0mGET /api/one-day/orders/57 [36m304[0m 202.230 ms - -[0m
[0mOPTIONS /api/rental/bookings/57 [32m204[0m 0.786 ms - 0[0m
[0mGET /api/rental/bookings/57 [36m304[0m 165.875 ms - -[0m
[0mOPTIONS /api/order/store/list/57 [32m204[0m 0.310 ms - 0[0m
[0mGET /api/order/store/list/57 [36m304[0m 37.224 ms - -[0m
[0mOPTIONS /api/one-day/orders/57 [32m204[0m 0.204 ms - 0[0m
[0mGET /api/one-day/orders/57 [36m304[0m 199.017 ms - -[0m
[0mOPTIONS /api/rental/bookings/57 [32m204[0m 0.785 ms - 0[0m
[0mGET /api/rental/bookings/57 [36m304[0m 163.032 ms - -[0m
[0mOPTIONS /api/order/store/list/57 [32m204[0m 1.605 ms - 0[0m
[0mGET /api/order/store/list/57 [36m304[0m 44.365 ms - -[0m
[0mOPTIONS /api/one-day/orders/57 [32m204[0m 0.881 ms - 0[0m
[0mGET /api/one-day/orders/57 [36m304[0m 218.970 ms - -[0m
[0mOPTIONS /api/rental/bookings/57 [32m204[0m 0.378 ms - 0[0m
[0mGET /api/rental/bookings/57 [36m304[0m 166.745 ms - -[0m
[0mOPTIONS /api/order/store/list/57 [32m204[0m 0.402 ms - 0[0m
[0mGET /api/order/store/list/57 [36m304[0m 50.399 ms - -[0m
[0mOPTIONS /api/one-day/orders/57 [32m204[0m 0.292 ms - 0[0m
[0mGET /api/one-day/orders/57 [36m304[0m 194.175 ms - -[0m
[0mOPTIONS /api/rental/bookings/57 [32m204[0m 0.208 ms - 0[0m
[0mGET /api/rental/bookings/57 [36m304[0m 157.323 ms - -[0m
[0mOPTIONS /api/order/store/list/57 [32m204[0m 0.790 ms - 0[0m
[0mGET /api/order/store/list/57 [36m304[0m 46.561 ms - -[0m
[0mOPTIONS /api/one-day/orders/57 [32m204[0m 0.494 ms - 0[0m
[0mGET /api/one-day/orders/57 [36m304[0m 201.125 ms - -[0m
[0mOPTIONS /api/rental/bookings/57 [32m204[0m 0.229 ms - 0[0m
[0mGET /api/rental/bookings/57 [36m304[0m 158.489 ms - -[0m
[0mOPTIONS /api/order/store/list/57 [32m204[0m 0.826 ms - 0[0m
[0mGET /api/order/store/list/57 [36m304[0m 40.263 ms - -[0m
[0mOPTIONS /api/one-day/orders/57 [32m204[0m 0.531 ms - 0[0m
[0mGET /api/one-day/orders/57 [36m304[0m 195.974 ms - -[0m
[0mOPTIONS /api/rental/bookings/57 [32m204[0m 0.407 ms - 0[0m
[0mGET /api/rental/bookings/57 [36m304[0m 164.209 ms - -[0m
[0mOPTIONS /api/order/store/list/57 [32m204[0m 0.668 ms - 0[0m
[0mGET /api/order/store/list/57 [36m304[0m 42.746 ms - -[0m
[0mOPTIONS /api/one-day/orders/57 [32m204[0m 0.574 ms - 0[0m
[0mGET /api/one-day/orders/57 [36m304[0m 214.873 ms - -[0m
[0mOPTIONS /api/rental/bookings/57 [32m204[0m 0.774 ms - 0[0m
[0mGET /api/rental/bookings/57 [36m304[0m 167.931 ms - -[0m
[0mOPTIONS /api/order/store/list/57 [32m204[0m 0.380 ms - 0[0m
[0mGET /api/order/store/list/57 [36m304[0m 38.999 ms - -[0m
[0mOPTIONS /api/one-day/orders/57 [32m204[0m 0.307 ms - 0[0m
[0mGET /api/one-day/orders/57 [36m304[0m 231.644 ms - -[0m
[0mOPTIONS /api/rental/bookings/57 [32m204[0m 0.609 ms - 0[0m
[0mGET /api/rental/bookings/57 [36m304[0m 164.635 ms - -[0m
[0mOPTIONS /api/order/store/list/57 [32m204[0m 0.687 ms - 0[0m
[0mGET /api/order/store/list/57 [36m304[0m 44.408 ms - -[0m
[0mOPTIONS /api/one-day/orders/57 [32m204[0m 0.596 ms - 0[0m
[0mGET /api/one-day/orders/57 [36m304[0m 203.981 ms - -[0m
[0mOPTIONS /api/rental/bookings/57 [32m204[0m 0.872 ms - 0[0m
[0mGET /api/rental/bookings/57 [36m304[0m 167.076 ms - -[0m
[0mOPTIONS /api/order/store/list/57 [32m204[0m 0.791 ms - 0[0m
[0mGET /api/order/store/list/57 [36m304[0m 44.804 ms - -[0m
[0mOPTIONS /api/one-day/orders/57 [32m204[0m 0.623 ms - 0[0m
[0mGET /api/one-day/orders/57 [36m304[0m 206.789 ms - -[0m
[0mOPTIONS /api/rental/bookings/57 [32m204[0m 0.460 ms - 0[0m
[0mGET /api/rental/bookings/57 [36m304[0m 160.127 ms - -[0m
[0mOPTIONS /api/order/store/list/57 [32m204[0m 0.533 ms - 0[0m
[0mGET /api/order/store/list/57 [36m304[0m 40.253 ms - -[0m
[0mOPTIONS /api/one-day/orders/57 [32m204[0m 0.709 ms - 0[0m
[0mGET /api/one-day/orders/57 [36m304[0m 202.919 ms - -[0m
[0mOPTIONS /api/rental/bookings/57 [32m204[0m 0.409 ms - 0[0m
[0mGET /api/rental/bookings/57 [36m304[0m 163.949 ms - -[0m
[0mOPTIONS /api/order/store/list/57 [32m204[0m 0.885 ms - 0[0m
[0mGET /api/order/store/list/57 [36m304[0m 41.847 ms - -[0m
[0mOPTIONS /api/one-day/orders/57 [32m204[0m 0.609 ms - 0[0m
[0mGET /api/one-day/orders/57 [36m304[0m 201.977 ms - -[0m
[0mOPTIONS /api/rental/bookings/57 [32m204[0m 0.300 ms - 0[0m
[0mGET /api/rental/bookings/57 [36m304[0m 163.667 ms - -[0m
[0mOPTIONS /api/order/store/list/57 [32m204[0m 0.222 ms - 0[0m
[0mGET /api/order/store/list/57 [36m304[0m 40.323 ms - -[0m
[0mOPTIONS /api/one-day/orders/57 [32m204[0m 0.314 ms - 0[0m
[0mGET /api/one-day/orders/57 [36m304[0m 198.159 ms - -[0m
[0mOPTIONS /api/rental/bookings/57 [32m204[0m 0.363 ms - 0[0m
[0mGET /api/rental/bookings/57 [36m304[0m 158.334 ms - -[0m
[0mOPTIONS /api/category/getAllCategory [32m204[0m 0.346 ms - 0[0m
[0mGET /api/category/getAllCategory [36m304[0m 45.824 ms - -[0m
[0mOPTIONS /api/order/store/list/57 [32m204[0m 0.328 ms - 0[0m
[0mGET /api/order/store/list/57 [36m304[0m 56.469 ms - -[0m
[0mOPTIONS /api/one-day/orders/57 [32m204[0m 0.274 ms - 0[0m
[0mGET /api/one-day/orders/57 [36m304[0m 198.322 ms - -[0m
[0mOPTIONS /api/rental/bookings/57 [32m204[0m 0.403 ms - 0[0m
[0mGET /api/rental/bookings/57 [36m304[0m 162.627 ms - -[0m
[0mOPTIONS /api/store/list/57 [32m204[0m 0.349 ms - 0[0m
[0mGET /api/store/list/57 [36m304[0m 156.489 ms - -[0m
[0mOPTIONS /api/order/store/list/57 [32m204[0m 0.325 ms - 0[0m
[0mGET /api/order/store/list/57 [36m304[0m 42.210 ms - -[0m
[0mOPTIONS /api/one-day/orders/57 [32m204[0m 0.269 ms - 0[0m
[0mGET /api/one-day/orders/57 [36m304[0m 192.700 ms - -[0m
[0mOPTIONS /api/rental/bookings/57 [32m204[0m 0.292 ms - 0[0m
[0mGET /api/rental/bookings/57 [36m304[0m 160.341 ms - -[0m
[0mOPTIONS /api/order/store/list/57 [32m204[0m 0.262 ms - 0[0m
[0mGET /api/order/store/list/57 [36m304[0m 39.727 ms - -[0m
[0mOPTIONS /api/one-day/orders/57 [32m204[0m 0.205 ms - 0[0m
[0mGET /api/one-day/orders/57 [36m304[0m 193.039 ms - -[0m
[0mOPTIONS /api/rental/bookings/57 [32m204[0m 0.332 ms - 0[0m
[0mGET /api/rental/bookings/57 [36m304[0m 160.101 ms - -[0m
[0mOPTIONS /api/order/store/list/57 [32m204[0m 1.546 ms - 0[0m
[0mGET /api/order/store/list/57 [36m304[0m 42.602 ms - -[0m
[0mOPTIONS /api/one-day/orders/57 [32m204[0m 0.592 ms - 0[0m
[0mGET /api/one-day/orders/57 [36m304[0m 204.709 ms - -[0m
[0mOPTIONS /api/rental/bookings/57 [32m204[0m 0.420 ms - 0[0m
[0mGET /api/rental/bookings/57 [36m304[0m 179.286 ms - -[0m
[0mOPTIONS /api/order/store/list/57 [32m204[0m 0.860 ms - 0[0m
[0mGET /api/order/store/list/57 [36m304[0m 43.854 ms - -[0m
[0mOPTIONS /api/one-day/orders/57 [32m204[0m 0.927 ms - 0[0m
[0mGET /api/one-day/orders/57 [36m304[0m 216.050 ms - -[0m
[0mOPTIONS /api/rental/bookings/57 [32m204[0m 0.824 ms - 0[0m
[0mGET /api/rental/bookings/57 [36m304[0m 193.775 ms - -[0m
[0mOPTIONS /api/order/store/list/57 [32m204[0m 0.537 ms - 0[0m
[0mGET /api/order/store/list/57 [36m304[0m 39.568 ms - -[0m
[0mOPTIONS /api/one-day/orders/57 [32m204[0m 0.588 ms - 0[0m
[0mGET /api/one-day/orders/57 [36m304[0m 203.772 ms - -[0m
[0mOPTIONS /api/rental/bookings/57 [32m204[0m 1.268 ms - 0[0m
[0mGET /api/rental/bookings/57 [36m304[0m 160.889 ms - -[0m
[0mOPTIONS /api/auth/user/122 [32m204[0m 0.411 ms - 0[0m
[0mGET /api/auth/user/122 [32m200[0m 83.843 ms - 579[0m
[0mGET /api/auth/user/122 [36m304[0m 82.714 ms - -[0m
[0mOPTIONS /api/store/list/57 [32m204[0m 0.414 ms - 0[0m
[0mGET /api/store/list/57 [32m200[0m 156.852 ms - -[0m
[0mGET /app/version [33m404[0m 0.795 ms - 57[0m
[0mOPTIONS /api/order/store/list/57 [32m204[0m 0.491 ms - 0[0m
[0mGET /api/order/store/list/57 [32m200[0m 40.718 ms - 26[0m
[0mOPTIONS /api/one-day/orders/57 [32m204[0m 0.231 ms - 0[0m
[0mGET /api/one-day/orders/57 [32m200[0m 197.861 ms - -[0m
[0mOPTIONS /api/rental/bookings/57 [32m204[0m 0.261 ms - 0[0m
[0mGET /api/rental/bookings/57 [32m200[0m 156.618 ms - -[0m
[0mOPTIONS /api/order/store/list/57 [32m204[0m 2.853 ms - 0[0m
[0mGET /api/order/store/list/57 [36m304[0m 40.413 ms - -[0m
[0mOPTIONS /api/one-day/orders/57 [32m204[0m 0.264 ms - 0[0m
[0mGET /api/one-day/orders/57 [36m304[0m 204.624 ms - -[0m
[0mOPTIONS /api/rental/bookings/57 [32m204[0m 1.229 ms - 0[0m
[0mGET /api/rental/bookings/57 [36m304[0m 161.953 ms - -[0m
[0mOPTIONS /api/order/store/list/57 [32m204[0m 0.632 ms - 0[0m
[0mGET /api/order/store/list/57 [36m304[0m 42.905 ms - -[0m
[0mOPTIONS /api/one-day/orders/57 [32m204[0m 0.314 ms - 0[0m
[0mGET /api/one-day/orders/57 [36m304[0m 200.354 ms - -[0m
[0mOPTIONS /api/rental/bookings/57 [32m204[0m 0.670 ms - 0[0m
[0mGET /api/rental/bookings/57 [36m304[0m 163.493 ms - -[0m
[0mOPTIONS /api/order/store/list/57 [32m204[0m 0.825 ms - 0[0m
[0mGET /api/order/store/list/57 [36m304[0m 47.104 ms - -[0m
[0mOPTIONS /api/one-day/orders/57 [32m204[0m 0.258 ms - 0[0m
[0mGET /api/one-day/orders/57 [36m304[0m 205.520 ms - -[0m
[0mOPTIONS /api/rental/bookings/57 [32m204[0m 0.811 ms - 0[0m
[0mGET /api/rental/bookings/57 [36m304[0m 161.723 ms - -[0m
[0mOPTIONS /api/order/store/list/57 [32m204[0m 0.299 ms - 0[0m
[0mGET /api/order/store/list/57 [36m304[0m 41.354 ms - -[0m
[0mOPTIONS /api/one-day/orders/57 [32m204[0m 0.233 ms - 0[0m
[0mGET /api/one-day/orders/57 [36m304[0m 189.748 ms - -[0m
[0mOPTIONS /api/rental/bookings/57 [32m204[0m 0.274 ms - 0[0m
[0mGET /api/rental/bookings/57 [36m304[0m 155.929 ms - -[0m
[0mGET /app/version [33m404[0m 0.812 ms - 57[0m
[0mOPTIONS /api/category/getAllCategory [32m204[0m 0.936 ms - 0[0m
[0mOPTIONS /api/store/list?page=1&limit=20 [32m204[0m 0.165 ms - 0[0m
[0mOPTIONS /api/category/getAllCategory [32m204[0m 0.108 ms - 0[0m
[0mOPTIONS /api/product/getAllproductList?page=1&limit=20 [32m204[0m 0.095 ms - 0[0m
[0mGET /api/category/getAllCategory [32m200[0m 183.115 ms - -[0m
[0mGET /api/category/getAllCategory [36m304[0m 40.728 ms - -[0m
[0mGET /api/store/list?page=1&limit=20 [32m200[0m 231.036 ms - -[0m
[0mGET /api/product/getAllproductList?page=1&limit=20 [32m200[0m 291.007 ms - -[0m
[0mOPTIONS /api/store/list?currentLocation=12.680355889962144%2C78.61648311002513&page=1&limit=20 [32m204[0m 0.360 ms - 0[0m
[0mGET /api/store/list?currentLocation=12.680355889962144%2C78.61648311002513&page=1&limit=20 [32m200[0m 116.365 ms - -[0m
[0mOPTIONS /api/auth/rootLogin [32m204[0m 0.274 ms - 0[0m
[0mPOST /api/auth/rootLogin [32m200[0m 230.576 ms - 753[0m
[0mOPTIONS /api/auth/user/122 [32m204[0m 0.423 ms - 0[0m
[0mGET /api/auth/user/122 [32m200[0m 80.709 ms - 579[0m
[0mGET /api/auth/user/122 [36m304[0m 86.720 ms - -[0m
[0mOPTIONS /api/store/product/admin/getAllProductById/57 [32m204[0m 0.519 ms - 0[0m
[0mOPTIONS /api/order/store/list/57 [32m204[0m 0.253 ms - 0[0m
[0mGET /api/order/store/list/57 [32m200[0m 32.421 ms - 26[0m
[0mOPTIONS /api/one-day/orders/57 [32m204[0m 0.198 ms - 0[0m
[0mGET /api/store/product/admin/getAllProductById/57 [32m200[0m 146.185 ms - -[0m
[0mGET /api/one-day/orders/57 [32m200[0m 183.589 ms - -[0m
[0mOPTIONS /api/rental/bookings/57 [32m204[0m 0.159 ms - 0[0m
[0mGET /api/rental/bookings/57 [32m200[0m 142.890 ms - -[0m
[0mOPTIONS /api/category/getAllCategory [32m204[0m 0.456 ms - 0[0m
[0mGET /api/category/getAllCategory [36m304[0m 49.771 ms - -[0m
[0mGET /api/auth/user/122 [36m304[0m 70.494 ms - -[0m
[0mGET /api/store/product/admin/getAllProductById/57 [36m304[0m 127.705 ms - -[0m
[0mOPTIONS /api/order/store/list/57 [32m204[0m 0.383 ms - 0[0m
[0mGET /api/order/store/list/57 [36m304[0m 36.845 ms - -[0m
[0mOPTIONS /api/one-day/orders/57 [32m204[0m 0.226 ms - 0[0m
[0mGET /api/one-day/orders/57 [36m304[0m 166.075 ms - -[0m
[0mOPTIONS /api/rental/bookings/57 [32m204[0m 0.359 ms - 0[0m
[0mGET /api/rental/bookings/57 [36m304[0m 141.652 ms - -[0m
[0mOPTIONS /api/order/store/list/57 [32m204[0m 0.923 ms - 0[0m
[0mGET /api/order/store/list/57 [36m304[0m 243.513 ms - -[0m
[0mOPTIONS /api/one-day/orders/57 [32m204[0m 0.824 ms - 0[0m
[0mGET /api/one-day/orders/57 [36m304[0m 179.862 ms - -[0m
[0mOPTIONS /api/rental/bookings/57 [32m204[0m 0.846 ms - 0[0m
[0mGET /api/rental/bookings/57 [36m304[0m 135.703 ms - -[0m
[0mOPTIONS /api/order/store/list/57 [32m204[0m 0.434 ms - 0[0m
[0mGET /api/order/store/list/57 [36m304[0m 31.672 ms - -[0m
[0mOPTIONS /api/one-day/orders/57 [32m204[0m 0.376 ms - 0[0m
[0mGET /api/one-day/orders/57 [36m304[0m 158.750 ms - -[0m
[0mOPTIONS /api/rental/bookings/57 [32m204[0m 0.335 ms - 0[0m
[0mGET /api/rental/bookings/57 [36m304[0m 135.512 ms - -[0m
[0mOPTIONS /api/order/store/list/57 [32m204[0m 0.587 ms - 0[0m
[0mGET /api/order/store/list/57 [36m304[0m 36.196 ms - -[0m
[0mOPTIONS /api/one-day/orders/57 [32m204[0m 0.400 ms - 0[0m
[0mGET /api/one-day/orders/57 [36m304[0m 162.846 ms - -[0m
[0mOPTIONS /api/rental/bookings/57 [32m204[0m 0.414 ms - 0[0m
[0mGET /api/rental/bookings/57 [36m304[0m 164.139 ms - -[0m
[0mOPTIONS /api/order/store/list/57 [32m204[0m 0.358 ms - 0[0m
[0mGET /api/order/store/list/57 [36m304[0m 35.326 ms - -[0m
[0mOPTIONS /api/one-day/orders/57 [32m204[0m 0.188 ms - 0[0m
[0mGET /api/one-day/orders/57 [36m304[0m 158.882 ms - -[0m
[0mOPTIONS /api/rental/bookings/57 [32m204[0m 0.268 ms - 0[0m
[0mGET /api/rental/bookings/57 [36m304[0m 129.600 ms - -[0m
[0mOPTIONS /api/order/store/list/57 [32m204[0m 0.878 ms - 0[0m
[0mGET /api/order/store/list/57 [36m304[0m 38.679 ms - -[0m
[0mOPTIONS /api/one-day/orders/57 [32m204[0m 0.826 ms - 0[0m
[0mGET /api/one-day/orders/57 [36m304[0m 165.990 ms - -[0m
[0mOPTIONS /api/rental/bookings/57 [32m204[0m 0.483 ms - 0[0m
[0mGET /api/rental/bookings/57 [36m304[0m 130.680 ms - -[0m
[0mOPTIONS /api/order/store/list/57 [32m204[0m 0.703 ms - 0[0m
[0mGET /api/order/store/list/57 [36m304[0m 43.740 ms - -[0m
[0mOPTIONS /api/one-day/orders/57 [32m204[0m 0.622 ms - 0[0m
[0mGET /api/one-day/orders/57 [36m304[0m 190.645 ms - -[0m
[0mOPTIONS /api/rental/bookings/57 [32m204[0m 0.884 ms - 0[0m
[0mGET /api/rental/bookings/57 [36m304[0m 144.980 ms - -[0m
[0mOPTIONS /api/order/store/list/57 [32m204[0m 0.731 ms - 0[0m
[0mGET /api/order/store/list/57 [36m304[0m 35.221 ms - -[0m
[0mOPTIONS /api/one-day/orders/57 [32m204[0m 0.245 ms - 0[0m
[0mGET /api/one-day/orders/57 [36m304[0m 168.628 ms - -[0m
[0mOPTIONS /api/rental/bookings/57 [32m204[0m 0.317 ms - 0[0m
[0mGET /api/rental/bookings/57 [36m304[0m 138.960 ms - -[0m
[0mOPTIONS /api/order/store/list/57 [32m204[0m 0.725 ms - 0[0m
[0mGET /api/order/store/list/57 [36m304[0m 36.187 ms - -[0m
[0mOPTIONS /api/one-day/orders/57 [32m204[0m 0.420 ms - 0[0m
[0mGET /api/one-day/orders/57 [36m304[0m 160.453 ms - -[0m
[0mOPTIONS /api/rental/bookings/57 [32m204[0m 0.668 ms - 0[0m
[0mGET /api/rental/bookings/57 [36m304[0m 143.113 ms - -[0m
[0mOPTIONS /api/order/store/list/57 [32m204[0m 0.678 ms - 0[0m
[0mGET /api/order/store/list/57 [36m304[0m 40.690 ms - -[0m
[0mOPTIONS /api/one-day/orders/57 [32m204[0m 0.595 ms - 0[0m
[0mGET /api/one-day/orders/57 [36m304[0m 177.572 ms - -[0m
[0mOPTIONS /api/rental/bookings/57 [32m204[0m 0.743 ms - 0[0m
[0mGET /api/rental/bookings/57 [36m304[0m 141.022 ms - -[0m
[0mOPTIONS /api/order/store/list/57 [32m204[0m 0.980 ms - 0[0m
[0mGET /api/order/store/list/57 [36m304[0m 36.633 ms - -[0m
[0mOPTIONS /api/one-day/orders/57 [32m204[0m 0.657 ms - 0[0m
[0mGET /api/one-day/orders/57 [36m304[0m 171.520 ms - -[0m
[0mOPTIONS /api/rental/bookings/57 [32m204[0m 0.629 ms - 0[0m
[0mGET /api/rental/bookings/57 [36m304[0m 134.059 ms - -[0m
[0mOPTIONS /api/order/store/list/57 [32m204[0m 0.676 ms - 0[0m
[0mGET /api/order/store/list/57 [36m304[0m 36.890 ms - -[0m
[0mOPTIONS /api/one-day/orders/57 [32m204[0m 0.646 ms - 0[0m
[0mGET /api/one-day/orders/57 [36m304[0m 168.864 ms - -[0m
[0mOPTIONS /api/rental/bookings/57 [32m204[0m 0.659 ms - 0[0m
[0mGET /api/rental/bookings/57 [36m304[0m 145.878 ms - -[0m
[0mOPTIONS /api/order/store/list/57 [32m204[0m 0.188 ms - 0[0m
[0mGET /api/order/store/list/57 [36m304[0m 36.282 ms - -[0m
[0mOPTIONS /api/one-day/orders/57 [32m204[0m 0.291 ms - 0[0m
[0mGET /api/one-day/orders/57 [36m304[0m 157.122 ms - -[0m
[0mOPTIONS /api/rental/bookings/57 [32m204[0m 0.231 ms - 0[0m
[0mGET /api/rental/bookings/57 [36m304[0m 128.571 ms - -[0m
[0mOPTIONS /api/order/store/list/57 [32m204[0m 0.706 ms - 0[0m
[0mGET /api/order/store/list/57 [36m304[0m 35.941 ms - -[0m
[0mOPTIONS /api/one-day/orders/57 [32m204[0m 0.396 ms - 0[0m
[0mGET /api/one-day/orders/57 [36m304[0m 159.302 ms - -[0m
[0mOPTIONS /api/rental/bookings/57 [32m204[0m 0.305 ms - 0[0m
[0mGET /api/rental/bookings/57 [36m304[0m 134.037 ms - -[0m
[0mOPTIONS /api/order/store/list/57 [32m204[0m 0.695 ms - 0[0m
[0mGET /api/order/store/list/57 [36m304[0m 37.818 ms - -[0m
[0mOPTIONS /api/one-day/orders/57 [32m204[0m 0.675 ms - 0[0m
[0mGET /api/one-day/orders/57 [36m304[0m 165.523 ms - -[0m
[0mOPTIONS /api/rental/bookings/57 [32m204[0m 0.775 ms - 0[0m
[0mGET /api/rental/bookings/57 [36m304[0m 135.352 ms - -[0m
[0mOPTIONS /api/order/store/list/57 [32m204[0m 0.275 ms - 0[0m
[0mGET /api/order/store/list/57 [36m304[0m 33.748 ms - -[0m
[0mOPTIONS /api/one-day/orders/57 [32m204[0m 0.221 ms - 0[0m
[0mGET /api/one-day/orders/57 [36m304[0m 158.367 ms - -[0m
[0mOPTIONS /api/rental/bookings/57 [32m204[0m 0.349 ms - 0[0m
[0mGET /api/rental/bookings/57 [36m304[0m 127.239 ms - -[0m
[0mOPTIONS /api/order/store/list/57 [32m204[0m 0.845 ms - 0[0m
[0mGET /api/order/store/list/57 [36m304[0m 40.330 ms - -[0m
[0mOPTIONS /api/one-day/orders/57 [32m204[0m 0.475 ms - 0[0m
[0mGET /api/one-day/orders/57 [36m304[0m 181.740 ms - -[0m
[0mOPTIONS /api/rental/bookings/57 [32m204[0m 0.256 ms - 0[0m
[0mGET /api/rental/bookings/57 [36m304[0m 131.192 ms - -[0m
[0mOPTIONS /api/order/store/list/57 [32m204[0m 0.758 ms - 0[0m
[0mGET /api/order/store/list/57 [36m304[0m 37.984 ms - -[0m
[0mOPTIONS /api/one-day/orders/57 [32m204[0m 0.453 ms - 0[0m
[0mGET /api/one-day/orders/57 [36m304[0m 159.360 ms - -[0m
[0mOPTIONS /api/rental/bookings/57 [32m204[0m 0.359 ms - 0[0m
[0mGET /api/rental/bookings/57 [36m304[0m 133.140 ms - -[0m
[0mOPTIONS /api/order/store/list/57 [32m204[0m 0.420 ms - 0[0m
[0mGET /api/order/store/list/57 [36m304[0m 32.412 ms - -[0m
[0mOPTIONS /api/one-day/orders/57 [32m204[0m 0.395 ms - 0[0m
[0mGET /api/one-day/orders/57 [36m304[0m 161.981 ms - -[0m
[0mOPTIONS /api/rental/bookings/57 [32m204[0m 1.099 ms - 0[0m
[0mGET /api/rental/bookings/57 [36m304[0m 135.193 ms - -[0m
[0mOPTIONS /api/order/store/list/57 [32m204[0m 0.876 ms - 0[0m
[0mGET /api/order/store/list/57 [36m304[0m 39.225 ms - -[0m
[0mOPTIONS /api/one-day/orders/57 [32m204[0m 0.800 ms - 0[0m
[0mGET /api/one-day/orders/57 [36m304[0m 175.130 ms - -[0m
[0mOPTIONS /api/rental/bookings/57 [32m204[0m 0.341 ms - 0[0m
[0mGET /api/rental/bookings/57 [36m304[0m 129.569 ms - -[0m
[0mOPTIONS /api/order/store/list/57 [32m204[0m 0.779 ms - 0[0m
[0mGET /api/order/store/list/57 [36m304[0m 38.649 ms - -[0m
[0mOPTIONS /api/one-day/orders/57 [32m204[0m 0.565 ms - 0[0m
[0mGET /api/one-day/orders/57 [36m304[0m 162.358 ms - -[0m
[0mOPTIONS /api/rental/bookings/57 [32m204[0m 0.576 ms - 0[0m
[0mGET /api/rental/bookings/57 [36m304[0m 133.036 ms - -[0m
[0mOPTIONS /api/order/store/list/57 [32m204[0m 0.475 ms - 0[0m
[0mGET /api/order/store/list/57 [36m304[0m 32.310 ms - -[0m
[0mOPTIONS /api/one-day/orders/57 [32m204[0m 0.413 ms - 0[0m
[0mGET /api/one-day/orders/57 [36m304[0m 182.371 ms - -[0m
[0mOPTIONS /api/rental/bookings/57 [32m204[0m 0.831 ms - 0[0m
[0mGET /api/rental/bookings/57 [36m304[0m 136.767 ms - -[0m
[0mOPTIONS /api/order/store/list/57 [32m204[0m 0.654 ms - 0[0m
[0mGET /api/order/store/list/57 [36m304[0m 35.337 ms - -[0m
[0mOPTIONS /api/one-day/orders/57 [32m204[0m 0.558 ms - 0[0m
[0mGET /api/one-day/orders/57 [36m304[0m 164.030 ms - -[0m
[0mOPTIONS /api/rental/bookings/57 [32m204[0m 0.290 ms - 0[0m
[0mGET /api/rental/bookings/57 [36m304[0m 130.201 ms - -[0m
[0mOPTIONS /api/order/store/list/57 [32m204[0m 0.638 ms - 0[0m
[0mGET /api/order/store/list/57 [36m304[0m 38.438 ms - -[0m
[0mOPTIONS /api/one-day/orders/57 [32m204[0m 0.579 ms - 0[0m
[0mGET /api/one-day/orders/57 [36m304[0m 166.674 ms - -[0m
[0mOPTIONS /api/rental/bookings/57 [32m204[0m 1.409 ms - 0[0m
[0mGET /api/rental/bookings/57 [36m304[0m 138.135 ms - -[0m
[0mOPTIONS /api/order/store/list/57 [32m204[0m 0.662 ms - 0[0m
[0mGET /api/order/store/list/57 [36m304[0m 36.025 ms - -[0m
[0mOPTIONS /api/one-day/orders/57 [32m204[0m 0.679 ms - 0[0m
[0mGET /api/one-day/orders/57 [36m304[0m 166.884 ms - -[0m
[0mOPTIONS /api/rental/bookings/57 [32m204[0m 0.506 ms - 0[0m
[0mGET /api/rental/bookings/57 [36m304[0m 141.317 ms - -[0m
[0mOPTIONS /api/order/store/list/57 [32m204[0m 0.678 ms - 0[0m
[0mGET /api/order/store/list/57 [36m304[0m 34.343 ms - -[0m
[0mOPTIONS /api/one-day/orders/57 [32m204[0m 0.533 ms - 0[0m
[0mGET /api/one-day/orders/57 [36m304[0m 169.103 ms - -[0m
[0mOPTIONS /api/rental/bookings/57 [32m204[0m 1.724 ms - 0[0m
[0mGET /api/rental/bookings/57 [36m304[0m 137.991 ms - -[0m
[0mGET /app/version [33m404[0m 4.281 ms - 57[0m
[0mGET /app/version [33m404[0m 2.008 ms - 57[0m
[0mOPTIONS /api/category/getAllCategory [32m204[0m 1.655 ms - 0[0m
[0mOPTIONS /api/store/list?page=1&limit=20 [32m204[0m 0.748 ms - 0[0m
[0mOPTIONS /api/category/getAllCategory [32m204[0m 0.339 ms - 0[0m
[0mOPTIONS /api/product/getAllproductList?page=1&limit=20 [32m204[0m 0.242 ms - 0[0m
[0mGET /api/category/getAllCategory [32m200[0m 188.609 ms - -[0m
[0mGET /api/category/getAllCategory [36m304[0m 34.850 ms - -[0m
[0mGET /api/store/list?page=1&limit=20 [32m200[0m 343.888 ms - -[0m
[0mGET /api/product/getAllproductList?page=1&limit=20 [32m200[0m 330.195 ms - -[0m
[0mOPTIONS /api/store/list?currentLocation=12.68034934000012%2C78.61649321999985&page=1&limit=20 [32m204[0m 0.686 ms - 0[0m
[0mGET /api/store/list?currentLocation=12.68034934000012%2C78.61649321999985&page=1&limit=20 [32m200[0m 87.015 ms - -[0m
[0mOPTIONS /api/one-day/employee/login [32m204[0m 0.520 ms - 0[0m
[0mPOST /api/one-day/employee/login [32m200[0m 417.271 ms - 630[0m
[0mOPTIONS /api/one-day/employee/orders [32m204[0m 0.626 ms - 0[0m
[0mGET /api/one-day/employee/orders [32m200[0m 46.977 ms - -[0m
[0mOPTIONS /api/one-day/employee/location [32m204[0m 0.303 ms - 0[0m
[0mPOST /api/one-day/employee/location [31m500[0m 687.288 ms - 104[0m
[0mOPTIONS /api/one-day/employee/orders/136 [32m204[0m 1.061 ms - 0[0m
[0mGET /api/one-day/employee/orders/136 [32m200[0m 340.458 ms - -[0m
[0mOPTIONS /api/one-day/employee/orders [32m204[0m 1.062 ms - 0[0m
[0mOPTIONS /api/one-day/employee/location [32m204[0m 0.849 ms - 0[0m
[0mGET /api/one-day/employee/orders [36m304[0m 50.985 ms - -[0m
[0mPOST /api/one-day/employee/location [31m500[0m 533.508 ms - 104[0m
[0mOPTIONS /api/one-day/employee/orders [32m204[0m 0.418 ms - 0[0m
[0mGET /api/one-day/employee/orders [36m304[0m 50.338 ms - -[0m
[0mOPTIONS /api/one-day/employee/location [32m204[0m 0.389 ms - 0[0m
[0mPOST /api/one-day/employee/location [31m500[0m 466.966 ms - 104[0m
[0mGET /app/version [33m404[0m 0.874 ms - 57[0m
[0mOPTIONS /api/one-day/employee/orders [32m204[0m 0.445 ms - 0[0m
[0mOPTIONS /api/one-day/employee/location [32m204[0m 0.340 ms - 0[0m
[0mGET /api/one-day/employee/orders [36m304[0m 167.883 ms - -[0m
[0mPOST /api/one-day/employee/location [31m500[0m 595.155 ms - 104[0m
[0mOPTIONS /api/one-day/employee/orders [32m204[0m 0.870 ms - 0[0m
[0mOPTIONS /api/one-day/employee/location [32m204[0m 0.549 ms - 0[0m
[0mGET /api/one-day/employee/orders [36m304[0m 168.922 ms - -[0m
[0mPOST /api/one-day/employee/location [31m500[0m 578.403 ms - 104[0m
[0mOPTIONS /api/one-day/employee/orders [32m204[0m 0.622 ms - 0[0m
[0mOPTIONS /api/one-day/employee/location [32m204[0m 0.394 ms - 0[0m
[0mGET /api/one-day/employee/orders [36m304[0m 213.371 ms - -[0m
[0mPOST /api/one-day/employee/location [31m500[0m 607.982 ms - 104[0m
[0mOPTIONS /api/one-day/employee/orders [32m204[0m 0.633 ms - 0[0m
[0mOPTIONS /api/one-day/employee/location [32m204[0m 0.277 ms - 0[0m
[0mGET /api/one-day/employee/orders [36m304[0m 244.584 ms - -[0m
[0mPOST /api/one-day/employee/location [31m500[0m 672.074 ms - 104[0m
[0mOPTIONS /api/one-day/employee/orders [32m204[0m 0.980 ms - 0[0m
[0mOPTIONS /api/one-day/employee/location [32m204[0m 0.934 ms - 0[0m
[0mGET /api/one-day/employee/orders [36m304[0m 203.541 ms - -[0m
[0mPOST /api/one-day/employee/location [31m500[0m 839.026 ms - 104[0m
[0mOPTIONS /api/one-day/employee/orders [32m204[0m 0.442 ms - 0[0m
[0mOPTIONS /api/one-day/employee/location [32m204[0m 0.409 ms - 0[0m
[0mGET /api/one-day/employee/orders [36m304[0m 222.485 ms - -[0m
[0mPOST /api/one-day/employee/location [31m500[0m 664.671 ms - 104[0m
[0mOPTIONS /api/one-day/employee/orders [32m204[0m 0.681 ms - 0[0m
[0mGET /api/one-day/employee/orders [36m304[0m 265.530 ms - -[0m
[0mGET /api/one-day/employee/orders [32m200[0m 35.946 ms - -[0m
[0mGET /api/one-day/employee/orders [36m304[0m 37.138 ms - -[0m
[0mOPTIONS /api/one-day/employee/location [32m204[0m 0.226 ms - 0[0m
[0mOPTIONS /api/one-day/employee/location [32m204[0m 0.103 ms - 0[0m
[0mPOST /api/one-day/employee/location [31m500[0m 723.292 ms - 104[0m
[0mPOST /api/one-day/employee/location [31m500[0m 724.589 ms - 104[0m
[0mGET /app/version [33m404[0m 1.000 ms - 57[0m
[0mOPTIONS /api/one-day/orders/137/status [32m204[0m 0.423 ms - 0[0m
[0mPATCH /api/one-day/orders/137/status [32m200[0m 208.179 ms - -[0m
[0mOPTIONS /api/one-day/employee/orders [32m204[0m 0.464 ms - 0[0m
[0mGET /api/one-day/employee/orders [32m200[0m 39.898 ms - -[0m
[0mOPTIONS /api/one-day/employee/orders/137 [32m204[0m 0.473 ms - 0[0m
[0mGET /api/one-day/employee/orders/137 [32m200[0m 144.772 ms - -[0m
[0mOPTIONS /api/category/getAllCategory [32m204[0m 0.231 ms - 0[0m
[0mOPTIONS /api/store/list?page=1&limit=20 [32m204[0m 0.201 ms - 0[0m
[0mOPTIONS /api/category/getAllCategory [32m204[0m 5.967 ms - 0[0m
[0mOPTIONS /api/product/getAllproductList?page=1&limit=20 [32m204[0m 1.447 ms - 0[0m
[0mGET /api/category/getAllCategory [32m200[0m 48.623 ms - -[0m
[0mGET /api/category/getAllCategory [36m304[0m 38.867 ms - -[0m
[0mGET /api/store/list?page=1&limit=20 [32m200[0m 91.221 ms - -[0m
[0mGET /api/product/getAllproductList?page=1&limit=20 [32m200[0m 189.979 ms - -[0m
[0mOPTIONS /api/store/list?currentLocation=12.680349339999998%2C78.61649321999997&page=1&limit=20 [32m204[0m 0.285 ms - 0[0m
[0mGET /api/store/list?currentLocation=12.680349339999998%2C78.61649321999997&page=1&limit=20 [32m200[0m 54.833 ms - -[0m
[0mOPTIONS /api/one-day/employee/orders [32m204[0m 0.232 ms - 0[0m
[0mGET /api/one-day/employee/orders [36m304[0m 35.602 ms - -[0m
[0mOPTIONS /api/one-day/employee/location [32m204[0m 0.269 ms - 0[0m
[0mPOST /api/one-day/employee/location [31m500[0m 461.869 ms - 104[0m
[0mOPTIONS /api/auth/rootLogin [32m204[0m 0.408 ms - 0[0m
[0mPOST /api/auth/rootLogin [32m200[0m 214.430 ms - 596[0m
[0mOPTIONS /api/auth/user/396 [32m204[0m 0.351 ms - 0[0m
[0mGET /api/auth/user/396 [32m200[0m 66.316 ms - 422[0m
[0mOPTIONS /api/category/getAllCategory [32m204[0m 0.559 ms - 0[0m
[0mOPTIONS /api/store/list?page=1&limit=20 [32m204[0m 0.162 ms - 0[0m
[0mOPTIONS /api/category/getAllCategory [32m204[0m 0.341 ms - 0[0m
[0mOPTIONS /api/product/getAllproductList?page=1&limit=20 [32m204[0m 0.077 ms - 0[0m
[0mOPTIONS /api/cart/list/396 [32m204[0m 0.194 ms - 0[0m
[0mGET /api/category/getAllCategory [36m304[0m 38.739 ms - -[0m
[0mGET /api/store/list?page=1&limit=20 [36m304[0m 116.431 ms - -[0m
[0mOPTIONS /api/store/list?currentLocation=12.680349339999998%2C78.61649321999997&page=1&limit=20 [32m204[0m 0.278 ms - 0[0m
[0mGET /api/cart/list/396 [32m200[0m 157.465 ms - 701[0m
[0mGET /api/product/getAllproductList?page=1&limit=20 [36m304[0m 166.001 ms - -[0m
[0mGET /api/category/getAllCategory [36m304[0m 141.953 ms - -[0m
[0mGET /api/auth/user/396 [36m304[0m 187.205 ms - -[0m
[0mGET /api/auth/user/396 [36m304[0m 62.030 ms - -[0m
[0mGET /api/store/list?currentLocation=12.680349339999998%2C78.61649321999997&page=1&limit=20 [36m304[0m 103.002 ms - -[0m
[0mGET /api/cart/list/396 [36m304[0m 45.001 ms - -[0m
[0mOPTIONS /api/order/list/396 [32m204[0m 0.333 ms - 0[0m
[0mOPTIONS /api/rental/bookings/customer?custId=396 [32m204[0m 0.145 ms - 0[0m
[0mGET /api/rental/bookings/customer?custId=396 [32m200[0m 36.677 ms - -[0m
[0mGET /api/order/list/396 [32m200[0m 114.726 ms - -[0m
[0mOPTIONS /api/store/public/by-ids [32m204[0m 0.227 ms - 0[0m
[0mPOST /api/store/public/by-ids [32m200[0m 75.419 ms - 626[0m
[0mOPTIONS /api/order/list/396 [32m204[0m 1.213 ms - 0[0m
[0mGET /api/order/list/396 [36m304[0m 125.722 ms - -[0m
[0mOPTIONS /api/rental/bookings/customer?custId=396 [32m204[0m 0.672 ms - 0[0m
[0mGET /api/rental/bookings/customer?custId=396 [36m304[0m 48.953 ms - -[0m
[0mOPTIONS /api/one-day/employee/orders [32m204[0m 1.055 ms - 0[0m
[0mOPTIONS /api/one-day/employee/location [32m204[0m 0.802 ms - 0[0m
[0mGET /api/one-day/employee/orders [36m304[0m 294.914 ms - -[0m
[0mPOST /api/one-day/employee/location [31m500[0m 666.086 ms - 104[0m
[0mOPTIONS /api/order/list/396 [32m204[0m 0.528 ms - 0[0m
[0mGET /api/order/list/396 [36m304[0m 143.876 ms - -[0m
[0mOPTIONS /api/rental/bookings/customer?custId=396 [32m204[0m 0.643 ms - 0[0m
[0mGET /api/rental/bookings/customer?custId=396 [36m304[0m 40.023 ms - -[0m
[0mOPTIONS /api/order/list/396 [32m204[0m 0.194 ms - 0[0m
[0mGET /api/order/list/396 [36m304[0m 98.078 ms - -[0m
[0mOPTIONS /api/rental/bookings/customer?custId=396 [32m204[0m 0.133 ms - 0[0m
[0mGET /api/rental/bookings/customer?custId=396 [36m304[0m 35.635 ms - -[0m
[0mOPTIONS /api/order/list/396 [32m204[0m 0.308 ms - 0[0m
[0mGET /api/order/list/396 [36m304[0m 109.326 ms - -[0m
[0mOPTIONS /api/rental/bookings/customer?custId=396 [32m204[0m 0.216 ms - 0[0m
[0mGET /api/rental/bookings/customer?custId=396 [36m304[0m 35.845 ms - -[0m
[0mOPTIONS /api/one-day/employee/orders [32m204[0m 0.307 ms - 0[0m
[0mGET /api/one-day/employee/orders [36m304[0m 47.485 ms - -[0m
[0mOPTIONS /api/one-day/employee/location [32m204[0m 0.328 ms - 0[0m
[0mPOST /api/one-day/employee/location [31m500[0m 422.422 ms - 104[0m
[0mOPTIONS /api/order/list/396 [32m204[0m 0.782 ms - 0[0m
[0mGET /api/order/list/396 [36m304[0m 109.509 ms - -[0m
[0mOPTIONS /api/rental/bookings/customer?custId=396 [32m204[0m 0.301 ms - 0[0m
[0mGET /api/rental/bookings/customer?custId=396 [36m304[0m 35.385 ms - -[0m
[0mOPTIONS /api/order/list/396 [32m204[0m 0.320 ms - 0[0m
[0mGET /api/order/list/396 [36m304[0m 225.512 ms - -[0m
[0mOPTIONS /api/rental/bookings/customer?custId=396 [32m204[0m 0.682 ms - 0[0m
[0mGET /api/rental/bookings/customer?custId=396 [36m304[0m 66.869 ms - -[0m
[0mOPTIONS /api/order/list/396 [32m204[0m 0.570 ms - 0[0m
[0mGET /api/order/list/396 [36m304[0m 105.624 ms - -[0m
[0mOPTIONS /api/rental/bookings/customer?custId=396 [32m204[0m 0.387 ms - 0[0m
[0mGET /api/rental/bookings/customer?custId=396 [36m304[0m 38.240 ms - -[0m
[0mOPTIONS /api/one-day/employee/orders [32m204[0m 0.837 ms - 0[0m
[0mOPTIONS /api/one-day/employee/location [32m204[0m 0.894 ms - 0[0m
[0mGET /api/one-day/employee/orders [36m304[0m 43.226 ms - -[0m
[0mPOST /api/one-day/employee/location [31m500[0m 435.613 ms - 104[0m
[0mOPTIONS /api/order/list/396 [32m204[0m 0.225 ms - 0[0m
[0mGET /api/order/list/396 [36m304[0m 183.135 ms - -[0m
[0mOPTIONS /api/rental/bookings/customer?custId=396 [32m204[0m 0.208 ms - 0[0m
[0mGET /api/rental/bookings/customer?custId=396 [36m304[0m 35.343 ms - -[0m
[0mOPTIONS /api/order/list/396 [32m204[0m 0.784 ms - 0[0m
[0mGET /api/order/list/396 [36m304[0m 102.648 ms - -[0m
[0mOPTIONS /api/rental/bookings/customer?custId=396 [32m204[0m 0.565 ms - 0[0m
[0mGET /api/rental/bookings/customer?custId=396 [36m304[0m 41.115 ms - -[0m
[0mOPTIONS /api/order/list/396 [32m204[0m 0.673 ms - 0[0m
[0mGET /api/order/list/396 [36m304[0m 101.744 ms - -[0m
[0mOPTIONS /api/rental/bookings/customer?custId=396 [32m204[0m 0.380 ms - 0[0m
[0mGET /api/rental/bookings/customer?custId=396 [36m304[0m 36.304 ms - -[0m
[0mOPTIONS /api/one-day/employee/orders [32m204[0m 0.371 ms - 0[0m
[0mOPTIONS /api/one-day/employee/location [32m204[0m 0.282 ms - 0[0m
[0mGET /api/one-day/employee/orders [36m304[0m 34.671 ms - -[0m
[0mPOST /api/one-day/employee/location [31m500[0m 460.219 ms - 104[0m
[0mOPTIONS /api/order/list/396 [32m204[0m 0.705 ms - 0[0m
[0mGET /api/order/list/396 [36m304[0m 117.108 ms - -[0m
[0mOPTIONS /api/rental/bookings/customer?custId=396 [32m204[0m 0.704 ms - 0[0m
[0mGET /api/rental/bookings/customer?custId=396 [36m304[0m 48.220 ms - -[0m
[0mOPTIONS /api/order/list/396 [32m204[0m 0.381 ms - 0[0m
[0mGET /api/order/list/396 [36m304[0m 115.321 ms - -[0m
[0mOPTIONS /api/rental/bookings/customer?custId=396 [32m204[0m 0.427 ms - 0[0m
[0mGET /api/rental/bookings/customer?custId=396 [36m304[0m 41.995 ms - -[0m
[0mOPTIONS /api/order/list/396 [32m204[0m 1.081 ms - 0[0m
[0mGET /api/order/list/396 [36m304[0m 119.419 ms - -[0m
[0mOPTIONS /api/rental/bookings/customer?custId=396 [32m204[0m 0.619 ms - 0[0m
[0mGET /api/rental/bookings/customer?custId=396 [36m304[0m 43.861 ms - -[0m
[0mOPTIONS /api/one-day/employee/orders [32m204[0m 0.407 ms - 0[0m
[0mOPTIONS /api/one-day/employee/location [32m204[0m 0.288 ms - 0[0m
[0mGET /api/one-day/employee/orders [36m304[0m 38.651 ms - -[0m
[0mPOST /api/one-day/employee/location [31m500[0m 515.759 ms - 104[0m
[0mOPTIONS /api/order/list/396 [32m204[0m 0.703 ms - 0[0m
[0mGET /api/order/list/396 [36m304[0m 119.562 ms - -[0m
[0mOPTIONS /api/rental/bookings/customer?custId=396 [32m204[0m 0.624 ms - 0[0m
[0mGET /api/rental/bookings/customer?custId=396 [36m304[0m 44.781 ms - -[0m
[0mOPTIONS /api/order/list/396 [32m204[0m 0.765 ms - 0[0m
[0mGET /api/order/list/396 [36m304[0m 124.976 ms - -[0m
[0mOPTIONS /api/rental/bookings/customer?custId=396 [32m204[0m 0.822 ms - 0[0m
[0mGET /api/rental/bookings/customer?custId=396 [36m304[0m 44.339 ms - -[0m
[0mOPTIONS /api/order/list/396 [32m204[0m 0.451 ms - 0[0m
[0mGET /api/order/list/396 [36m304[0m 121.541 ms - -[0m
[0mOPTIONS /api/rental/bookings/customer?custId=396 [32m204[0m 0.470 ms - 0[0m
[0mGET /api/rental/bookings/customer?custId=396 [36m304[0m 45.743 ms - -[0m
[0mOPTIONS /api/one-day/employee/orders [32m204[0m 0.567 ms - 0[0m
[0mOPTIONS /api/one-day/employee/location [32m204[0m 0.420 ms - 0[0m
[0mGET /api/one-day/employee/orders [36m304[0m 38.461 ms - -[0m
[0mPOST /api/one-day/employee/location [31m500[0m 462.686 ms - 104[0m
[0mOPTIONS /api/order/list/396 [32m204[0m 0.708 ms - 0[0m
[0mGET /api/order/list/396 [36m304[0m 137.170 ms - -[0m
[0mOPTIONS /api/rental/bookings/customer?custId=396 [32m204[0m 0.594 ms - 0[0m
[0mGET /api/rental/bookings/customer?custId=396 [36m304[0m 49.751 ms - -[0m
[0mOPTIONS /api/order/list/396 [32m204[0m 0.718 ms - 0[0m
[0mGET /api/order/list/396 [36m304[0m 134.199 ms - -[0m
[0mOPTIONS /api/rental/bookings/customer?custId=396 [32m204[0m 1.526 ms - 0[0m
[0mGET /api/rental/bookings/customer?custId=396 [36m304[0m 52.413 ms - -[0m
[0mOPTIONS /api/order/list/396 [32m204[0m 0.806 ms - 0[0m
[0mGET /api/order/list/396 [36m304[0m 138.637 ms - -[0m
[0mOPTIONS /api/rental/bookings/customer?custId=396 [32m204[0m 0.751 ms - 0[0m
[0mGET /api/rental/bookings/customer?custId=396 [36m304[0m 47.735 ms - -[0m
[0mOPTIONS /api/one-day/employee/orders [32m204[0m 0.548 ms - 0[0m
[0mGET /api/one-day/employee/orders [36m304[0m 41.770 ms - -[0m
[0mOPTIONS /api/one-day/employee/location [32m204[0m 0.511 ms - 0[0m
[0mPOST /api/one-day/employee/location [31m500[0m 491.338 ms - 104[0m
[0mOPTIONS /api/order/list/396 [32m204[0m 0.221 ms - 0[0m
[0mGET /api/order/list/396 [36m304[0m 120.480 ms - -[0m
[0mOPTIONS /api/rental/bookings/customer?custId=396 [32m204[0m 0.142 ms - 0[0m
[0mGET /api/rental/bookings/customer?custId=396 [36m304[0m 47.054 ms - -[0m
[0mOPTIONS /api/one-day/employee/orders [32m204[0m 0.463 ms - 0[0m
[0mGET /api/one-day/employee/orders [32m200[0m 43.298 ms - -[0m
[0mGET /app/version [33m404[0m 2.874 ms - 57[0m
[0mOPTIONS /api/one-day/employee/location [32m204[0m 0.480 ms - 0[0m
[0mPOST /api/one-day/employee/location [31m500[0m 512.374 ms - 104[0m
[0mOPTIONS /api/order/list/396 [32m204[0m 0.457 ms - 0[0m
[0mGET /api/order/list/396 [36m304[0m 130.706 ms - -[0m
[0mOPTIONS /api/rental/bookings/customer?custId=396 [32m204[0m 0.455 ms - 0[0m
[0mGET /api/rental/bookings/customer?custId=396 [36m304[0m 46.877 ms - -[0m
[0mOPTIONS /api/one-day/employee/orders/137 [32m204[0m 0.453 ms - 0[0m
[0mGET /api/one-day/employee/orders/137 [32m200[0m 165.605 ms - -[0m
[0mPOST /api/auth/upload-file [32m200[0m 1366.340 ms - 142[0m
[0mOPTIONS /api/one-day/orders/137/payment-photo [32m204[0m 0.525 ms - 0[0m
[0mPOST /api/one-day/orders/137/payment-photo [32m200[0m 249.670 ms - 58[0m
[0mOPTIONS /api/order/list/396 [32m204[0m 0.722 ms - 0[0m
[0mGET /api/order/list/396 [36m304[0m 138.128 ms - -[0m
[0mOPTIONS /api/rental/bookings/customer?custId=396 [32m204[0m 0.337 ms - 0[0m
[0mGET /api/rental/bookings/customer?custId=396 [36m304[0m 79.845 ms - -[0m
[0mOPTIONS /api/one-day/orders/137/send-otp [32m204[0m 0.775 ms - 0[0m
[0mPOST /api/one-day/orders/137/send-otp [33m400[0m 89.013 ms - 69[0m
[0mOPTIONS /api/one-day/orders/137/send-otp [32m204[0m 0.700 ms - 0[0m
[0mPOST /api/one-day/orders/137/send-otp [33m400[0m 86.405 ms - 69[0m
[0mOPTIONS /api/order/list/396 [32m204[0m 0.602 ms - 0[0m
[0mGET /api/order/list/396 [36m304[0m 129.617 ms - -[0m
[0mOPTIONS /api/rental/bookings/customer?custId=396 [32m204[0m 0.437 ms - 0[0m
[0mGET /api/rental/bookings/customer?custId=396 [36m304[0m 46.471 ms - -[0m
[0mOPTIONS /api/one-day/orders/137/send-otp [32m204[0m 0.860 ms - 0[0m
[0mPOST /api/one-day/orders/137/send-otp [33m400[0m 88.214 ms - 69[0m
[0mOPTIONS /api/one-day/employee/orders [32m204[0m 0.564 ms - 0[0m
[0mGET /api/one-day/employee/orders [36m304[0m 42.826 ms - -[0m
[0mOPTIONS /api/one-day/employee/location [32m204[0m 0.396 ms - 0[0m
[0mPOST /api/one-day/employee/location [31m500[0m 461.803 ms - 104[0m
[0mOPTIONS /api/order/list/396 [32m204[0m 0.198 ms - 0[0m
[0mGET /api/order/list/396 [36m304[0m 125.247 ms - -[0m
[0mOPTIONS /api/rental/bookings/customer?custId=396 [32m204[0m 0.142 ms - 0[0m
[0mGET /api/rental/bookings/customer?custId=396 [36m304[0m 44.373 ms - -[0m
[0mOPTIONS /api/order/list/396 [32m204[0m 0.214 ms - 0[0m
[0mGET /api/order/list/396 [36m304[0m 121.175 ms - -[0m
[0mOPTIONS /api/rental/bookings/customer?custId=396 [32m204[0m 0.150 ms - 0[0m
[0mGET /api/rental/bookings/customer?custId=396 [36m304[0m 76.807 ms - -[0m
[0mOPTIONS /api/order/list/396 [32m204[0m 0.278 ms - 0[0m
[0mGET /api/order/list/396 [36m304[0m 123.050 ms - -[0m
[0mOPTIONS /api/rental/bookings/customer?custId=396 [32m204[0m 0.179 ms - 0[0m
[0mGET /api/rental/bookings/customer?custId=396 [36m304[0m 53.033 ms - -[0m
[0mOPTIONS /api/one-day/employee/orders [32m204[0m 0.520 ms - 0[0m
[0mOPTIONS /api/one-day/employee/location [32m204[0m 0.346 ms - 0[0m
[0mGET /api/one-day/employee/orders [36m304[0m 41.281 ms - -[0m
[0mPOST /api/one-day/employee/location [31m500[0m 469.044 ms - 104[0m
[0mOPTIONS /api/order/list/396 [32m204[0m 0.702 ms - 0[0m
[0mGET /api/order/list/396 [36m304[0m 148.544 ms - -[0m
[0mOPTIONS /api/rental/bookings/customer?custId=396 [32m204[0m 0.460 ms - 0[0m
[0mGET /api/rental/bookings/customer?custId=396 [36m304[0m 46.115 ms - -[0m
[0mOPTIONS /api/order/list/396 [32m204[0m 1.393 ms - 0[0m
[0mGET /api/order/list/396 [36m304[0m 132.521 ms - -[0m
[0mOPTIONS /api/rental/bookings/customer?custId=396 [32m204[0m 0.624 ms - 0[0m
[0mGET /api/rental/bookings/customer?custId=396 [36m304[0m 49.590 ms - -[0m
[0mOPTIONS /api/order/list/396 [32m204[0m 0.817 ms - 0[0m
[0mGET /api/order/list/396 [36m304[0m 175.619 ms - -[0m
[0mOPTIONS /api/rental/bookings/customer?custId=396 [32m204[0m 0.934 ms - 0[0m
[0mGET /api/rental/bookings/customer?custId=396 [36m304[0m 49.635 ms - -[0m
[0mOPTIONS /api/one-day/employee/orders [32m204[0m 0.203 ms - 0[0m
[0mOPTIONS /api/one-day/employee/location [32m204[0m 0.188 ms - 0[0m
[0mGET /api/one-day/employee/orders [36m304[0m 40.385 ms - -[0m
[0mPOST /api/one-day/employee/location [31m500[0m 460.524 ms - 104[0m
[0mOPTIONS /api/order/list/396 [32m204[0m 0.431 ms - 0[0m
[0mGET /api/order/list/396 [36m304[0m 124.653 ms - -[0m
[0mOPTIONS /api/rental/bookings/customer?custId=396 [32m204[0m 0.443 ms - 0[0m
[0mGET /api/rental/bookings/customer?custId=396 [36m304[0m 46.361 ms - -[0m
[0mOPTIONS /api/order/list/396 [32m204[0m 0.362 ms - 0[0m
[0mGET /api/order/list/396 [36m304[0m 174.135 ms - -[0m
[0mOPTIONS /api/rental/bookings/customer?custId=396 [32m204[0m 0.389 ms - 0[0m
[0mGET /api/rental/bookings/customer?custId=396 [36m304[0m 47.013 ms - -[0m
[0mOPTIONS /api/order/list/396 [32m204[0m 0.346 ms - 0[0m
[0mGET /api/order/list/396 [36m304[0m 127.746 ms - -[0m
[0mOPTIONS /api/rental/bookings/customer?custId=396 [32m204[0m 0.519 ms - 0[0m
[0mGET /api/rental/bookings/customer?custId=396 [36m304[0m 50.442 ms - -[0m
[0mOPTIONS /api/one-day/employee/orders [32m204[0m 0.501 ms - 0[0m
[0mOPTIONS /api/one-day/employee/location [32m204[0m 1.186 ms - 0[0m
[0mGET /api/one-day/employee/orders [36m304[0m 44.055 ms - -[0m
[0mPOST /api/one-day/employee/location [31m500[0m 498.889 ms - 104[0m
[0mOPTIONS /api/order/list/396 [32m204[0m 0.310 ms - 0[0m
[0mGET /api/order/list/396 [36m304[0m 141.475 ms - -[0m
[0mOPTIONS /api/rental/bookings/customer?custId=396 [32m204[0m 0.342 ms - 0[0m
[0mGET /api/rental/bookings/customer?custId=396 [36m304[0m 47.518 ms - -[0m
[0mOPTIONS /api/order/list/396 [32m204[0m 1.537 ms - 0[0m
[0mGET /api/order/list/396 [36m304[0m 269.096 ms - -[0m
[0mOPTIONS /api/rental/bookings/customer?custId=396 [32m204[0m 0.398 ms - 0[0m
[0mGET /api/rental/bookings/customer?custId=396 [36m304[0m 46.096 ms - -[0m
[0mOPTIONS /api/order/list/396 [32m204[0m 2.852 ms - 0[0m
[0mGET /api/order/list/396 [36m304[0m 440.749 ms - -[0m
[0mOPTIONS /api/rental/bookings/customer?custId=396 [32m204[0m 1.053 ms - 0[0m
[0mGET /api/rental/bookings/customer?custId=396 [36m304[0m 51.348 ms - -[0m
[0mOPTIONS /api/one-day/employee/orders [32m204[0m 0.340 ms - 0[0m
[0mOPTIONS /api/one-day/employee/location [32m204[0m 0.217 ms - 0[0m
[0mGET /api/one-day/employee/orders [36m304[0m 44.872 ms - -[0m
[0mPOST /api/one-day/employee/location [31m500[0m 532.801 ms - 104[0m
[0mOPTIONS /api/order/list/396 [32m204[0m 1.546 ms - 0[0m
[0mGET /api/order/list/396 [36m304[0m 149.480 ms - -[0m
[0mOPTIONS /api/rental/bookings/customer?custId=396 [32m204[0m 0.777 ms - 0[0m
[0mGET /api/rental/bookings/customer?custId=396 [36m304[0m 56.842 ms - -[0m
[0mOPTIONS /api/one-day/orders/137/send-otp [32m204[0m 0.565 ms - 0[0m
[0mPOST /api/one-day/orders/137/send-otp [33m400[0m 88.199 ms - 69[0m
[0mOPTIONS /api/order/list/396 [32m204[0m 0.427 ms - 0[0m
[0mGET /api/order/list/396 [36m304[0m 137.714 ms - -[0m
[0mOPTIONS /api/rental/bookings/customer?custId=396 [32m204[0m 0.395 ms - 0[0m
[0mGET /api/rental/bookings/customer?custId=396 [36m304[0m 53.207 ms - -[0m
[0mOPTIONS /api/one-day/orders/137/send-otp [32m204[0m 0.604 ms - 0[0m
[0mPOST /api/one-day/orders/137/send-otp [33m400[0m 95.982 ms - 69[0m
[0mOPTIONS /api/one-day/employee/orders [32m204[0m 0.851 ms - 0[0m
[0mGET /api/one-day/employee/orders [36m304[0m 70.539 ms - -[0m
[0mOPTIONS /api/order/list/396 [32m204[0m 0.477 ms - 0[0m
[0mGET /api/order/list/396 [36m304[0m 142.732 ms - -[0m
[0mOPTIONS /api/rental/bookings/customer?custId=396 [32m204[0m 0.370 ms - 0[0m
[0mGET /api/rental/bookings/customer?custId=396 [36m304[0m 49.397 ms - -[0m
[0mGET /api/one-day/employee/orders [36m304[0m 46.169 ms - -[0m
[0mOPTIONS /api/one-day/employee/orders/137 [32m204[0m 0.519 ms - 0[0m
[0mGET /api/one-day/employee/orders/137 [32m200[0m 184.670 ms - -[0m
[0mGET /api/one-day/employee/orders [36m304[0m 43.967 ms - -[0m
[0mOPTIONS /api/one-day/employee/orders [32m204[0m 0.490 ms - 0[0m
[0mOPTIONS /api/one-day/employee/location [32m204[0m 0.322 ms - 0[0m
[0mGET /api/one-day/employee/orders [36m304[0m 50.077 ms - -[0m
[0mGET /api/one-day/employee/orders/137 [36m304[0m 181.306 ms - -[0m
[0mPOST /api/one-day/employee/location [31m500[0m 479.971 ms - 104[0m
[0mPOST /api/auth/upload-file [32m200[0m 798.235 ms - 167[0m
[0mOPTIONS /api/one-day/orders/137/payment-photo [32m204[0m 0.918 ms - 0[0m
[0mOPTIONS /api/order/list/396 [32m204[0m 1.084 ms - 0[0m
[0mGET /api/order/list/396 [36m304[0m 139.231 ms - -[0m
[0mOPTIONS /api/rental/bookings/customer?custId=396 [32m204[0m 0.405 ms - 0[0m
[0mGET /api/rental/bookings/customer?custId=396 [36m304[0m 230.929 ms - -[0m
[0mPOST /api/one-day/orders/137/payment-photo [32m200[0m 496.322 ms - 158[0m
[0mOPTIONS /api/one-day/orders/137/send-otp [32m204[0m 1.251 ms - 0[0m
[0mPOST /api/one-day/orders/137/send-otp [32m200[0m 170.412 ms - 131[0m
[0mOPTIONS /api/one-day/orders/137/send-otp [32m204[0m 0.799 ms - 0[0m
[0mPOST /api/one-day/orders/137/send-otp [32m200[0m 137.204 ms - 131[0m
[0mOPTIONS /api/order/list/396 [32m204[0m 0.693 ms - 0[0m
[0mGET /api/order/list/396 [32m200[0m 141.343 ms - -[0m
[0mOPTIONS /api/rental/bookings/customer?custId=396 [32m204[0m 0.560 ms - 0[0m
[0mGET /api/rental/bookings/customer?custId=396 [36m304[0m 49.712 ms - -[0m
[0mOPTIONS /api/order/list/396 [32m204[0m 0.190 ms - 0[0m
[0mGET /api/order/list/396 [36m304[0m 343.092 ms - -[0m
[0mOPTIONS /api/rental/bookings/customer?custId=396 [32m204[0m 0.185 ms - 0[0m
[0mGET /api/rental/bookings/customer?custId=396 [36m304[0m 46.933 ms - -[0m
[0mOPTIONS /api/one-day/employee/orders [32m204[0m 0.177 ms - 0[0m
[0mOPTIONS /api/one-day/employee/location [32m204[0m 0.169 ms - 0[0m
[0mGET /api/one-day/employee/orders [36m304[0m 46.559 ms - -[0m
[0mPOST /api/one-day/employee/location [31m500[0m 478.030 ms - 104[0m
[0mOPTIONS /api/order/list/396 [32m204[0m 0.186 ms - 0[0m
[0mGET /api/order/list/396 [36m304[0m 149.108 ms - -[0m
[0mOPTIONS /api/rental/bookings/customer?custId=396 [32m204[0m 0.147 ms - 0[0m
[0mGET /api/rental/bookings/customer?custId=396 [36m304[0m 47.419 ms - -[0m
[0mOPTIONS /api/one-day/orders/137/complete [32m204[0m 0.181 ms - 0[0m
[0mPOST /api/one-day/orders/137/complete [32m200[0m 749.112 ms - -[0m
[0mOPTIONS /api/one-day/employee/orders [32m204[0m 0.472 ms - 0[0m
[0mGET /api/one-day/employee/orders [32m200[0m 43.278 ms - -[0m
[0mGET /api/one-day/employee/orders [36m304[0m 43.880 ms - -[0m
[0mOPTIONS /api/one-day/employee/location [32m204[0m 0.231 ms - 0[0m
[0mPOST /api/one-day/employee/location [31m500[0m 723.678 ms - 104[0m
[0mOPTIONS /api/order/list/396 [32m204[0m 0.575 ms - 0[0m
[0mGET /api/order/list/396 [32m200[0m 382.944 ms - -[0m
[0mOPTIONS /api/rental/bookings/customer?custId=396 [32m204[0m 0.307 ms - 0[0m
[0mGET /api/rental/bookings/customer?custId=396 [36m304[0m 47.769 ms - -[0m
[0mOPTIONS /api/order/list/396 [32m204[0m 0.363 ms - 0[0m
[0mGET /api/order/list/396 [36m304[0m 136.713 ms - -[0m
[0mOPTIONS /api/rental/bookings/customer?custId=396 [32m204[0m 0.277 ms - 0[0m
[0mGET /api/rental/bookings/customer?custId=396 [36m304[0m 47.682 ms - -[0m
[0mOPTIONS /api/one-day/employee/orders [32m204[0m 1.629 ms - 0[0m
[0mGET /api/one-day/employee/orders [36m304[0m 48.170 ms - -[0m
[0mOPTIONS /api/one-day/employee/location [32m204[0m 0.497 ms - 0[0m
[0mPOST /api/one-day/employee/location [31m500[0m 471.470 ms - 104[0m
[0mOPTIONS /api/one-day/orders/137/track [32m204[0m 0.363 ms - 0[0m
[0mGET /api/one-day/orders/137/track [32m200[0m 187.462 ms - -[0m
[0mOPTIONS /api/order/list/396 [32m204[0m 0.292 ms - 0[0m
[0mGET /api/order/list/396 [36m304[0m 132.871 ms - -[0m
[0mOPTIONS /api/rental/bookings/customer?custId=396 [32m204[0m 0.199 ms - 0[0m
[0mGET /api/rental/bookings/customer?custId=396 [36m304[0m 47.602 ms - -[0m
[0mGET /api/rental/bookings/customer?custId=396 [36m304[0m 94.929 ms - -[0m
[0mGET /api/order/list/396 [36m304[0m 177.879 ms - -[0m
[0mOPTIONS /api/one-day/employee/orders [32m204[0m 0.645 ms - 0[0m
[0mGET /api/one-day/employee/orders [36m304[0m 38.906 ms - -[0m
[0mOPTIONS /api/one-day/employee/location [32m204[0m 0.677 ms - 0[0m
[0mPOST /api/one-day/employee/location [31m500[0m 475.921 ms - 104[0m
[0mOPTIONS /api/order/list/396 [32m204[0m 0.201 ms - 0[0m
[0mGET /api/order/list/396 [36m304[0m 111.563 ms - -[0m
[0mOPTIONS /api/rental/bookings/customer?custId=396 [32m204[0m 0.127 ms - 0[0m
[0mGET /api/rental/bookings/customer?custId=396 [36m304[0m 40.850 ms - -[0m
[0mOPTIONS /api/order/list/396 [32m204[0m 0.733 ms - 0[0m
[0mGET /api/order/list/396 [36m304[0m 119.639 ms - -[0m
[0mOPTIONS /api/rental/bookings/customer?custId=396 [32m204[0m 0.562 ms - 0[0m
[0mGET /api/rental/bookings/customer?custId=396 [36m304[0m 44.369 ms - -[0m
[0mOPTIONS /api/one-day/employee/orders [32m204[0m 0.844 ms - 0[0m
[0mOPTIONS /api/one-day/employee/location [32m204[0m 0.863 ms - 0[0m
[0mGET /api/one-day/employee/orders [36m304[0m 41.274 ms - -[0m
[0mPOST /api/one-day/employee/location [31m500[0m 455.970 ms - 104[0m
[0mOPTIONS /api/order/list/396 [32m204[0m 0.731 ms - 0[0m
[0mGET /api/order/list/396 [36m304[0m 116.644 ms - -[0m
[0mOPTIONS /api/rental/bookings/customer?custId=396 [32m204[0m 0.513 ms - 0[0m
[0mGET /api/rental/bookings/customer?custId=396 [36m304[0m 47.104 ms - -[0m
[0mOPTIONS /api/one-day/employee/orders [32m204[0m 0.316 ms - 0[0m
[0mOPTIONS /api/one-day/employee/location [32m204[0m 0.260 ms - 0[0m
[0mGET /api/one-day/employee/orders [36m304[0m 250.748 ms - -[0m
[0mPOST /api/one-day/employee/location [31m500[0m 617.539 ms - 104[0m
[0mOPTIONS /api/order/list/396 [32m204[0m 0.177 ms - 0[0m
[0mGET /api/order/list/396 [36m304[0m 109.751 ms - -[0m
[0mOPTIONS /api/rental/bookings/customer?custId=396 [32m204[0m 0.123 ms - 0[0m
[0mGET /api/rental/bookings/customer?custId=396 [36m304[0m 39.106 ms - -[0m
[0mOPTIONS /api/order/list/396 [32m204[0m 0.637 ms - 0[0m
[0mGET /api/order/list/396 [36m304[0m 117.351 ms - -[0m
[0mOPTIONS /api/rental/bookings/customer?custId=396 [32m204[0m 0.377 ms - 0[0m
[0mGET /api/rental/bookings/customer?custId=396 [36m304[0m 44.064 ms - -[0m
[0mOPTIONS /api/one-day/employee/orders [32m204[0m 0.570 ms - 0[0m
[0mOPTIONS /api/one-day/employee/location [32m204[0m 0.133 ms - 0[0m
[0mGET /api/one-day/employee/orders [36m304[0m 40.521 ms - -[0m
[0mPOST /api/one-day/employee/location [31m500[0m 436.434 ms - 104[0m
[0mOPTIONS /api/order/list/396 [32m204[0m 1.198 ms - 0[0m
[0mGET /api/order/list/396 [36m304[0m 129.487 ms - -[0m
[0mOPTIONS /api/rental/bookings/customer?custId=396 [32m204[0m 0.305 ms - 0[0m
[0mGET /api/rental/bookings/customer?custId=396 [36m304[0m 42.318 ms - -[0m
[0mOPTIONS /api/one-day/employee/orders [32m204[0m 0.613 ms - 0[0m
[0mOPTIONS /api/one-day/employee/location [32m204[0m 0.285 ms - 0[0m
[0mGET /api/one-day/employee/orders [36m304[0m 37.190 ms - -[0m
[0mPOST /api/one-day/employee/location [31m500[0m 461.221 ms - 104[0m
[0mOPTIONS /api/order/list/396 [32m204[0m 0.410 ms - 0[0m
[0mGET /api/order/list/396 [36m304[0m 116.078 ms - -[0m
[0mOPTIONS /api/rental/bookings/customer?custId=396 [32m204[0m 0.359 ms - 0[0m
[0mGET /api/rental/bookings/customer?custId=396 [36m304[0m 39.850 ms - -[0m
[0mOPTIONS /api/order/list/396 [32m204[0m 0.459 ms - 0[0m
[0mGET /api/order/list/396 [36m304[0m 110.293 ms - -[0m
[0mOPTIONS /api/rental/bookings/customer?custId=396 [32m204[0m 0.206 ms - 0[0m
[0mGET /api/rental/bookings/customer?custId=396 [36m304[0m 74.032 ms - -[0m
[0mOPTIONS /api/one-day/employee/orders [32m204[0m 0.546 ms - 0[0m
[0mOPTIONS /api/one-day/employee/location [32m204[0m 0.257 ms - 0[0m
[0mGET /api/one-day/employee/orders [36m304[0m 36.466 ms - -[0m
[0mPOST /api/one-day/employee/location [31m500[0m 526.309 ms - 104[0m
[0mOPTIONS /api/order/list/396 [32m204[0m 0.255 ms - 0[0m
[0mGET /api/order/list/396 [36m304[0m 125.647 ms - -[0m
[0mOPTIONS /api/rental/bookings/customer?custId=396 [32m204[0m 0.302 ms - 0[0m
[0mGET /api/rental/bookings/customer?custId=396 [36m304[0m 47.427 ms - -[0m
[0mOPTIONS /api/one-day/employee/orders [32m204[0m 0.685 ms - 0[0m
[0mOPTIONS /api/one-day/employee/location [32m204[0m 0.395 ms - 0[0m
[0mGET /api/one-day/employee/orders [36m304[0m 44.889 ms - -[0m
[0mPOST /api/one-day/employee/location [31m500[0m 451.380 ms - 104[0m
[0mOPTIONS /api/order/list/396 [32m204[0m 0.389 ms - 0[0m
[0mGET /api/order/list/396 [36m304[0m 115.228 ms - -[0m
[0mOPTIONS /api/rental/bookings/customer?custId=396 [32m204[0m 0.354 ms - 0[0m
[0mGET /api/rental/bookings/customer?custId=396 [36m304[0m 43.709 ms - -[0m
[0mOPTIONS /api/order/list/396 [32m204[0m 0.720 ms - 0[0m
[0mGET /api/order/list/396 [36m304[0m 119.754 ms - -[0m
[0mOPTIONS /api/rental/bookings/customer?custId=396 [32m204[0m 0.546 ms - 0[0m
[0mGET /api/rental/bookings/customer?custId=396 [36m304[0m 41.505 ms - -[0m
[0mOPTIONS /api/order/list/396 [32m204[0m 0.423 ms - 0[0m
[0mGET /api/order/list/396 [36m304[0m 121.384 ms - -[0m
[0mOPTIONS /api/rental/bookings/customer?custId=396 [32m204[0m 0.309 ms - 0[0m
[0mGET /api/rental/bookings/customer?custId=396 [36m304[0m 39.631 ms - -[0m
[0mOPTIONS /api/one-day/employee/orders [32m204[0m 0.361 ms - 0[0m
[0mOPTIONS /api/one-day/employee/location [32m204[0m 0.455 ms - 0[0m
[0mGET /api/one-day/employee/orders [36m304[0m 77.800 ms - -[0m
[0mPOST /api/one-day/employee/location [31m500[0m 511.246 ms - 104[0m
[0mOPTIONS /api/order/list/396 [32m204[0m 0.897 ms - 0[0m
[0mGET /api/order/list/396 [36m304[0m 332.613 ms - -[0m
[0mOPTIONS /api/rental/bookings/customer?custId=396 [32m204[0m 0.527 ms - 0[0m
[0mGET /api/rental/bookings/customer?custId=396 [36m304[0m 43.178 ms - -[0m
[0mOPTIONS /api/one-day/employee/orders [32m204[0m 0.495 ms - 0[0m
[0mOPTIONS /api/one-day/employee/location [32m204[0m 0.413 ms - 0[0m
[0mGET /api/one-day/employee/orders [36m304[0m 38.853 ms - -[0m
[0mPOST /api/one-day/employee/location [31m500[0m 451.489 ms - 104[0m
[0mOPTIONS /api/order/list/396 [32m204[0m 0.357 ms - 0[0m
[0mGET /api/order/list/396 [36m304[0m 911.847 ms - -[0m
[0mOPTIONS /api/rental/bookings/customer?custId=396 [32m204[0m 0.215 ms - 0[0m
[0mGET /api/rental/bookings/customer?custId=396 [36m304[0m 44.369 ms - -[0m
[0mOPTIONS /api/order/list/396 [32m204[0m 0.440 ms - 0[0m
[0mGET /api/order/list/396 [36m304[0m 122.525 ms - -[0m
[0mOPTIONS /api/rental/bookings/customer?custId=396 [32m204[0m 0.401 ms - 0[0m
[0mGET /api/rental/bookings/customer?custId=396 [36m304[0m 43.010 ms - -[0m
[0mOPTIONS /api/one-day/employee/orders [32m204[0m 2.033 ms - 0[0m
[0mOPTIONS /api/one-day/employee/location [32m204[0m 0.233 ms - 0[0m
[0mGET /api/one-day/employee/orders [36m304[0m 50.680 ms - -[0m
[0mPOST /api/one-day/employee/location [31m500[0m 536.669 ms - 104[0m
[0mOPTIONS /api/order/list/396 [32m204[0m 0.376 ms - 0[0m
[0mGET /api/order/list/396 [36m304[0m 124.369 ms - -[0m
[0mOPTIONS /api/rental/bookings/customer?custId=396 [32m204[0m 0.274 ms - 0[0m
[0mGET /api/rental/bookings/customer?custId=396 [36m304[0m 48.829 ms - -[0m
[0mOPTIONS /api/order/list/396 [32m204[0m 1.571 ms - 0[0m
[0mGET /api/order/list/396 [36m304[0m 125.151 ms - -[0m
[0mOPTIONS /api/rental/bookings/customer?custId=396 [32m204[0m 0.333 ms - 0[0m
[0mGET /api/rental/bookings/customer?custId=396 [36m304[0m 44.446 ms - -[0m
[0mOPTIONS /api/order/list/396 [32m204[0m 0.864 ms - 0[0m
[0mGET /api/order/list/396 [36m304[0m 134.996 ms - -[0m
[0mOPTIONS /api/rental/bookings/customer?custId=396 [32m204[0m 0.379 ms - 0[0m
[0mGET /api/rental/bookings/customer?custId=396 [36m304[0m 80.661 ms - -[0m
[0mOPTIONS /api/order/list/396 [32m204[0m 1.019 ms - 0[0m
[0mGET /api/order/list/396 [36m304[0m 164.979 ms - -[0m
[0mOPTIONS /api/rental/bookings/customer?custId=396 [32m204[0m 0.516 ms - 0[0m
[0mGET /api/rental/bookings/customer?custId=396 [36m304[0m 47.839 ms - -[0m
[0mOPTIONS /api/one-day/employee/orders [32m204[0m 0.554 ms - 0[0m
[0mOPTIONS /api/one-day/employee/orders [32m204[0m 1.728 ms - 0[0m
[0mOPTIONS /api/one-day/employee/location [32m204[0m 0.317 ms - 0[0m
[0mOPTIONS /api/one-day/employee/location [32m204[0m 0.182 ms - 0[0m
[0mGET /api/one-day/employee/orders [36m304[0m 56.894 ms - -[0m
[0mGET /api/one-day/employee/orders [36m304[0m 113.557 ms - -[0m
[0mPOST /api/one-day/employee/location [31m500[0m 578.464 ms - 104[0m
[0mPOST /api/one-day/employee/location [31m500[0m 567.449 ms - 104[0m
[0mOPTIONS /api/order/list/396 [32m204[0m 0.578 ms - 0[0m
[0mGET /api/order/list/396 [36m304[0m 100.622 ms - -[0m
[0mOPTIONS /api/rental/bookings/customer?custId=396 [32m204[0m 0.318 ms - 0[0m
[0mGET /api/rental/bookings/customer?custId=396 [36m304[0m 38.606 ms - -[0m
[0mOPTIONS /api/order/list/396 [32m204[0m 0.917 ms - 0[0m
[0mGET /api/order/list/396 [36m304[0m 141.918 ms - -[0m
[0mOPTIONS /api/rental/bookings/customer?custId=396 [32m204[0m 0.422 ms - 0[0m
[0mGET /api/rental/bookings/customer?custId=396 [36m304[0m 37.833 ms - -[0m
[0mOPTIONS /api/one-day/employee/orders [32m204[0m 0.668 ms - 0[0m
[0mOPTIONS /api/one-day/employee/location [32m204[0m 0.352 ms - 0[0m
[0mGET /api/one-day/employee/orders [36m304[0m 32.396 ms - -[0m
[0mPOST /api/one-day/employee/location [31m500[0m 520.236 ms - 104[0m
[0mGET /api/one-day/employee/orders [36m304[0m 45.176 ms - -[0m
[0mPOST /api/one-day/employee/location [31m500[0m 406.842 ms - 104[0m
[0mOPTIONS /api/order/list/396 [32m204[0m 0.179 ms - 0[0m
[0mGET /api/order/list/396 [36m304[0m 95.959 ms - -[0m
[0mOPTIONS /api/rental/bookings/customer?custId=396 [32m204[0m 0.136 ms - 0[0m
[0mGET /api/rental/bookings/customer?custId=396 [36m304[0m 36.564 ms - -[0m
[0mOPTIONS /api/order/list/396 [32m204[0m 0.292 ms - 0[0m
[0mGET /api/order/list/396 [36m304[0m 98.857 ms - -[0m
[0mOPTIONS /api/rental/bookings/customer?custId=396 [32m204[0m 0.436 ms - 0[0m
[0mGET /api/rental/bookings/customer?custId=396 [36m304[0m 37.123 ms - -[0m
[0mOPTIONS /api/one-day/employee/orders [32m204[0m 0.890 ms - 0[0m
[0mOPTIONS /api/one-day/employee/location [32m204[0m 0.732 ms - 0[0m
[0mGET /api/one-day/employee/orders [36m304[0m 46.919 ms - -[0m
[0mPOST /api/one-day/employee/location [31m500[0m 495.559 ms - 104[0m
[0mOPTIONS /api/order/list/396 [32m204[0m 0.184 ms - 0[0m
[0mGET /api/order/list/396 [36m304[0m 139.407 ms - -[0m
[0mOPTIONS /api/rental/bookings/customer?custId=396 [32m204[0m 0.149 ms - 0[0m
[0mGET /api/rental/bookings/customer?custId=396 [36m304[0m 51.700 ms - -[0m
[0mOPTIONS /api/one-day/employee/orders [32m204[0m 0.630 ms - 0[0m
[0mOPTIONS /api/one-day/employee/location [32m204[0m 2.423 ms - 0[0m
[0mGET /api/one-day/employee/orders [36m304[0m 52.320 ms - -[0m
[0mPOST /api/one-day/employee/location [31m500[0m 759.162 ms - 104[0m
[0mOPTIONS /api/order/list/396 [32m204[0m 0.706 ms - 0[0m
[0mGET /api/order/list/396 [36m304[0m 152.385 ms - -[0m
[0mOPTIONS /api/rental/bookings/customer?custId=396 [32m204[0m 0.580 ms - 0[0m
[0mGET /api/rental/bookings/customer?custId=396 [36m304[0m 53.262 ms - -[0m
[0mOPTIONS /api/order/list/396 [32m204[0m 0.658 ms - 0[0m
[0mGET /api/order/list/396 [36m304[0m 147.088 ms - -[0m
[0mOPTIONS /api/rental/bookings/customer?custId=396 [32m204[0m 0.586 ms - 0[0m
[0mGET /api/rental/bookings/customer?custId=396 [36m304[0m 53.717 ms - -[0m
[0mOPTIONS /api/one-day/employee/orders [32m204[0m 0.769 ms - 0[0m
[0mOPTIONS /api/one-day/employee/location [32m204[0m 0.405 ms - 0[0m
[0mGET /api/one-day/employee/orders [36m304[0m 48.625 ms - -[0m
[0mPOST /api/one-day/employee/location [31m500[0m 468.522 ms - 104[0m
[0mOPTIONS /api/order/list/396 [32m204[0m 0.734 ms - 0[0m
[0mGET /api/order/list/396 [36m304[0m 502.447 ms - -[0m
[0mOPTIONS /api/rental/bookings/customer?custId=396 [32m204[0m 0.334 ms - 0[0m
[0mGET /api/rental/bookings/customer?custId=396 [36m304[0m 43.047 ms - -[0m
[0mOPTIONS /api/order/list/396 [32m204[0m 0.660 ms - 0[0m
[0mGET /api/order/list/396 [36m304[0m 118.261 ms - -[0m
[0mOPTIONS /api/rental/bookings/customer?custId=396 [32m204[0m 0.334 ms - 0[0m
[0mGET /api/rental/bookings/customer?custId=396 [36m304[0m 41.207 ms - -[0m
[0mOPTIONS /api/order/list/396 [32m204[0m 0.739 ms - 0[0m
[0mGET /api/order/list/396 [36m304[0m 144.929 ms - -[0m
[0mOPTIONS /api/rental/bookings/customer?custId=396 [32m204[0m 0.402 ms - 0[0m
[0mGET /api/rental/bookings/customer?custId=396 [36m304[0m 44.248 ms - -[0m
[0mOPTIONS /api/order/list/396 [32m204[0m 0.634 ms - 0[0m
[0mGET /api/order/list/396 [36m304[0m 110.089 ms - -[0m
[0mOPTIONS /api/rental/bookings/customer?custId=396 [32m204[0m 0.293 ms - 0[0m
[0mGET /api/rental/bookings/customer?custId=396 [36m304[0m 41.396 ms - -[0m
[0mOPTIONS /api/order/list/396 [32m204[0m 0.473 ms - 0[0m
[0mGET /api/order/list/396 [36m304[0m 110.370 ms - -[0m
[0mOPTIONS /api/rental/bookings/customer?custId=396 [32m204[0m 0.436 ms - 0[0m
[0mGET /api/rental/bookings/customer?custId=396 [36m304[0m 43.542 ms - -[0m
[0mOPTIONS /api/one-day/employee/orders [32m204[0m 1.105 ms - 0[0m
[0mOPTIONS /api/one-day/employee/orders [32m204[0m 0.194 ms - 0[0m
[0mOPTIONS /api/one-day/employee/location [32m204[0m 0.394 ms - 0[0m
[0mOPTIONS /api/one-day/employee/location [32m204[0m 0.164 ms - 0[0m
[0mGET /api/one-day/employee/orders [36m304[0m 37.930 ms - -[0m
[0mGET /api/one-day/employee/orders [36m304[0m 99.027 ms - -[0m
[0mPOST /api/one-day/employee/location [31m500[0m 536.018 ms - 104[0m
[0mPOST /api/one-day/employee/location [31m500[0m 550.607 ms - 104[0m
[0mOPTIONS /api/order/list/396 [32m204[0m 0.630 ms - 0[0m
[0mGET /api/order/list/396 [36m304[0m 118.039 ms - -[0m
[0mOPTIONS /api/rental/bookings/customer?custId=396 [32m204[0m 0.557 ms - 0[0m
[0mGET /api/rental/bookings/customer?custId=396 [36m304[0m 43.010 ms - -[0m
[0mOPTIONS /api/order/list/396 [32m204[0m 0.645 ms - 0[0m
[0mGET /api/order/list/396 [36m304[0m 110.038 ms - -[0m
[0mOPTIONS /api/rental/bookings/customer?custId=396 [32m204[0m 0.455 ms - 0[0m
[0mGET /api/rental/bookings/customer?custId=396 [36m304[0m 48.766 ms - -[0m
[0mOPTIONS /api/order/list/396 [32m204[0m 0.748 ms - 0[0m
[0mGET /api/order/list/396 [36m304[0m 117.668 ms - -[0m
[0mOPTIONS /api/rental/bookings/customer?custId=396 [32m204[0m 0.786 ms - 0[0m
[0mGET /api/rental/bookings/customer?custId=396 [36m304[0m 70.867 ms - -[0m
[0mOPTIONS /api/order/list/396 [32m204[0m 0.490 ms - 0[0m
[0mGET /api/order/list/396 [36m304[0m 111.879 ms - -[0m
[0mOPTIONS /api/rental/bookings/customer?custId=396 [32m204[0m 0.569 ms - 0[0m
[0mGET /api/rental/bookings/customer?custId=396 [36m304[0m 41.944 ms - -[0m
[0mOPTIONS /api/one-day/employee/orders [32m204[0m 5.569 ms - 0[0m
[0mOPTIONS /api/one-day/employee/orders [32m204[0m 0.556 ms - 0[0m
[0mOPTIONS /api/one-day/employee/location [32m204[0m 0.449 ms - 0[0m
[0mOPTIONS /api/one-day/employee/location [32m204[0m 0.302 ms - 0[0m
[0mGET /api/one-day/employee/orders [36m304[0m 116.219 ms - -[0m
[0mGET /api/one-day/employee/orders [36m304[0m 97.958 ms - -[0m
[0mPOST /api/one-day/employee/location [31m500[0m 589.126 ms - 104[0m
[0mPOST /api/one-day/employee/location [31m500[0m 624.044 ms - 104[0m
[0mOPTIONS /api/one-day/employee/orders [32m204[0m 0.731 ms - 0[0m
[0mGET /api/one-day/employee/orders [36m304[0m 42.046 ms - -[0m
[0mOPTIONS /api/order/list/396 [32m204[0m 0.715 ms - 0[0m
[0mGET /api/order/list/396 [36m304[0m 123.826 ms - -[0m
[0mOPTIONS /api/rental/bookings/customer?custId=396 [32m204[0m 0.661 ms - 0[0m
[0mGET /api/rental/bookings/customer?custId=396 [36m304[0m 45.504 ms - -[0m
[0mGET /api/one-day/employee/orders [32m200[0m 35.448 ms - -[0m
[0mGET /api/one-day/employee/orders [36m304[0m 33.824 ms - -[0m
[0mOPTIONS /api/one-day/employee/location [32m204[0m 0.348 ms - 0[0m
[0mOPTIONS /api/one-day/employee/location [32m204[0m 2.846 ms - 0[0m
[0mPOST /api/one-day/employee/location [31m500[0m 429.460 ms - 104[0m
[0mPOST /api/one-day/employee/location [31m500[0m 454.155 ms - 104[0m
[0mGET /app/version [33m404[0m 1.561 ms - 57[0m
[0mOPTIONS /api/one-day/employee/orders/history?status=delivered&period=month [32m204[0m 0.444 ms - 0[0m
[0mGET /api/one-day/employee/orders/history?status=delivered&period=month [32m200[0m 36.503 ms - -[0m
[0mOPTIONS /api/order/list/396 [32m204[0m 0.727 ms - 0[0m
[0mGET /api/order/list/396 [36m304[0m 119.221 ms - -[0m
[0mOPTIONS /api/rental/bookings/customer?custId=396 [32m204[0m 0.701 ms - 0[0m
[0mGET /api/rental/bookings/customer?custId=396 [36m304[0m 40.022 ms - -[0m
[0mOPTIONS /api/order/list/396 [32m204[0m 0.668 ms - 0[0m
[0mGET /api/order/list/396 [36m304[0m 109.807 ms - -[0m
[0mOPTIONS /api/rental/bookings/customer?custId=396 [32m204[0m 0.511 ms - 0[0m
[0mGET /api/rental/bookings/customer?custId=396 [36m304[0m 39.138 ms - -[0m
[0mOPTIONS /api/order/list/396 [32m204[0m 0.833 ms - 0[0m
[0mGET /api/order/list/396 [36m304[0m 107.988 ms - -[0m
[0mOPTIONS /api/rental/bookings/customer?custId=396 [32m204[0m 0.530 ms - 0[0m
[0mGET /api/rental/bookings/customer?custId=396 [36m304[0m 39.996 ms - -[0m
[0mOPTIONS /api/one-day/employee/orders [32m204[0m 0.652 ms - 0[0m
[0mOPTIONS /api/one-day/employee/location [32m204[0m 1.864 ms - 0[0m
[0mGET /api/one-day/employee/orders [36m304[0m 42.982 ms - -[0m
[0mPOST /api/one-day/employee/location [31m500[0m 815.939 ms - 104[0m
[0mOPTIONS /api/order/list/396 [32m204[0m 0.178 ms - 0[0m
[0mGET /api/order/list/396 [36m304[0m 106.292 ms - -[0m
[0mOPTIONS /api/rental/bookings/customer?custId=396 [32m204[0m 0.167 ms - 0[0m
[0mGET /api/rental/bookings/customer?custId=396 [36m304[0m 36.214 ms - -[0m
[0mOPTIONS /api/one-day/employee/orders [32m204[0m 0.223 ms - 0[0m
[0mOPTIONS /api/one-day/employee/location [32m204[0m 0.184 ms - 0[0m
[0mGET /api/one-day/employee/orders [36m304[0m 158.405 ms - -[0m
[0mPOST /api/one-day/employee/location [31m500[0m 581.961 ms - 104[0m
[0mOPTIONS /api/auth/rootLogin [32m204[0m 4.476 ms - 0[0m
[0mPOST /api/auth/rootLogin [32m200[0m 620.412 ms - 754[0m
[0mOPTIONS /api/order/store/list/57 [32m204[0m 1.368 ms - 0[0m
[0mOPTIONS /api/one-day/orders/57 [32m204[0m 1.112 ms - 0[0m
[0mOPTIONS /api/rental/bookings/57 [32m204[0m 0.257 ms - 0[0m
[0mOPTIONS /api/auth/user/122 [32m204[0m 0.424 ms - 0[0m
[0mOPTIONS /api/store/menu-permissions/57 [32m204[0m 0.323 ms - 0[0m
[0mGET /api/order/store/list/57 [0m-[0m - ms - -[0m
[0mGET /api/one-day/orders/57 [0m-[0m - ms - -[0m
[0mGET /api/rental/bookings/57 [0m-[0m - ms - -[0m
[0mGET /api/store/menu-permissions/57 [0m-[0m - ms - -[0m
[0mGET /api/auth/user/122 [0m-[0m - ms - -[0m
[0mOPTIONS /api/order/list/122 [32m204[0m 0.230 ms - 0[0m
[0mOPTIONS /api/store/product/admin/getAllProductById/57 [32m204[0m 0.138 ms - 0[0m
[0mOPTIONS /api/inventory/summary [32m204[0m 0.107 ms - 0[0m
[0mOPTIONS /api/inventory/inbound [32m204[0m 0.139 ms - 0[0m
[0mGET /api/order/store/list/57 [32m200[0m 258.099 ms - 26[0m
[0mGET /api/order/list/122 [32m200[0m 290.074 ms - 26[0m
[0mGET /api/auth/user/122 [32m200[0m 395.275 ms - 579[0m
[0mGET /api/store/product/admin/getAllProductById/57 [32m200[0m 325.770 ms - -[0m
[0mGET /api/rental/bookings/57 [32m200[0m 583.934 ms - -[0m
[0mGET /api/store/menu-permissions/57 [32m200[0m 607.177 ms - 245[0m
[0mGET /api/one-day/orders/57 [32m200[0m 661.451 ms - -[0m
[0mGET /api/inventory/inbound [32m200[0m 258.456 ms - -[0m
[0mGET /api/inventory/summary [32m200[0m 686.536 ms - 82[0m
[0mGET /api/store/product/admin/getAllProductById/57 [36m304[0m 222.432 ms - -[0m
[0mOPTIONS /api/order/store/list/57 [32m204[0m 0.987 ms - 0[0m
[0mGET /api/order/store/list/57 [36m304[0m 76.273 ms - -[0m
[0mOPTIONS /api/rental/bookings/57 [32m204[0m 0.499 ms - 0[0m
[0mOPTIONS /api/one-day/orders/57 [32m204[0m 0.785 ms - 0[0m
[0mGET /api/rental/bookings/57 [36m304[0m 281.942 ms - -[0m
[0mGET /api/one-day/orders/57 [36m304[0m 343.600 ms - -[0m
[0mOPTIONS /api/category/getAllCategory [32m204[0m 0.439 ms - 0[0m
[0mOPTIONS /api/store/list/57 [32m204[0m 0.530 ms - 0[0m
[0mOPTIONS /api/store/product/admin/getAllProductById/57 [32m204[0m 0.100 ms - 0[0m
[0mOPTIONS /api/product/getProductById/608 [32m204[0m 0.115 ms - 0[0m
[0mGET /api/category/getAllCategory [32m200[0m 76.518 ms - -[0m
[0mGET /api/store/product/admin/getAllProductById/57 [36m304[0m 218.185 ms - -[0m
[0mGET /api/store/list/57 [32m200[0m 271.411 ms - -[0m
[0mGET /api/product/getProductById/608 [32m200[0m 387.612 ms - -[0m
[0mOPTIONS /api/order/store/list/57 [32m204[0m 0.360 ms - 0[0m
[0mGET /api/order/store/list/57 [36m304[0m 62.531 ms - -[0m
[0mOPTIONS /api/rental/bookings/57 [32m204[0m 0.450 ms - 0[0m
[0mOPTIONS /api/one-day/orders/57 [32m204[0m 0.822 ms - 0[0m
[0mGET /api/rental/bookings/57 [36m304[0m 286.078 ms - -[0m
[0mGET /api/one-day/orders/57 [36m304[0m 344.039 ms - -[0m
[0mOPTIONS /api/order/store/list/57 [32m204[0m 0.992 ms - 0[0m
[0mGET /api/order/store/list/57 [36m304[0m 83.561 ms - -[0m
[0mOPTIONS /api/rental/bookings/57 [32m204[0m 1.057 ms - 0[0m
[0mOPTIONS /api/one-day/orders/57 [32m204[0m 0.671 ms - 0[0m
[0mGET /api/rental/bookings/57 [36m304[0m 309.627 ms - -[0m
[0mGET /api/one-day/orders/57 [36m304[0m 378.280 ms - -[0m
[0mOPTIONS /api/order/store/list/57 [32m204[0m 0.730 ms - 0[0m
[0mGET /api/order/store/list/57 [36m304[0m 65.361 ms - -[0m
[0mOPTIONS /api/rental/bookings/57 [32m204[0m 1.347 ms - 0[0m
[0mOPTIONS /api/one-day/orders/57 [32m204[0m 0.540 ms - 0[0m
[0mGET /api/rental/bookings/57 [36m304[0m 295.200 ms - -[0m
[0mGET /api/one-day/orders/57 [36m304[0m 326.434 ms - -[0m
[0mOPTIONS /api/order/store/list/57 [32m204[0m 0.467 ms - 0[0m
[0mGET /api/order/store/list/57 [36m304[0m 60.039 ms - -[0m
[0mOPTIONS /api/rental/bookings/57 [32m204[0m 0.388 ms - 0[0m
[0mOPTIONS /api/one-day/orders/57 [32m204[0m 0.400 ms - 0[0m
[0mGET /api/rental/bookings/57 [36m304[0m 341.240 ms - -[0m
[0mGET /api/one-day/orders/57 [36m304[0m 384.454 ms - -[0m
[0mOPTIONS /api/order/store/list/57 [32m204[0m 0.499 ms - 0[0m
[0mGET /api/order/store/list/57 [36m304[0m 81.182 ms - -[0m
[0mOPTIONS /api/rental/bookings/57 [32m204[0m 0.942 ms - 0[0m
[0mOPTIONS /api/one-day/orders/57 [32m204[0m 1.036 ms - 0[0m
[0mGET /api/rental/bookings/57 [36m304[0m 298.766 ms - -[0m
[0mGET /api/one-day/orders/57 [36m304[0m 358.522 ms - -[0m
[0mOPTIONS /api/order/store/list/57 [32m204[0m 0.697 ms - 0[0m
[0mGET /api/order/store/list/57 [36m304[0m 65.746 ms - -[0m
[0mOPTIONS /api/rental/bookings/57 [32m204[0m 0.990 ms - 0[0m
[0mOPTIONS /api/one-day/orders/57 [32m204[0m 0.461 ms - 0[0m
[0mGET /api/rental/bookings/57 [36m304[0m 258.291 ms - -[0m
[0mGET /api/one-day/orders/57 [36m304[0m 339.812 ms - -[0m
[0mOPTIONS /api/order/store/list/57 [32m204[0m 0.506 ms - 0[0m
[0mGET /api/order/store/list/57 [36m304[0m 79.535 ms - -[0m
[0mOPTIONS /api/rental/bookings/57 [32m204[0m 0.938 ms - 0[0m
[0mOPTIONS /api/one-day/orders/57 [32m204[0m 0.649 ms - 0[0m
[0mGET /api/rental/bookings/57 [36m304[0m 286.337 ms - -[0m
[0mGET /api/one-day/orders/57 [36m304[0m 312.072 ms - -[0m
[0mOPTIONS /api/order/store/list/57 [32m204[0m 0.781 ms - 0[0m
[0mGET /api/order/store/list/57 [36m304[0m 81.621 ms - -[0m
[0mOPTIONS /api/rental/bookings/57 [32m204[0m 0.829 ms - 0[0m
[0mOPTIONS /api/one-day/orders/57 [32m204[0m 0.618 ms - 0[0m
[0mGET /api/rental/bookings/57 [36m304[0m 279.401 ms - -[0m
[0mGET /api/one-day/orders/57 [36m304[0m 370.868 ms - -[0m
[0mOPTIONS /api/order/store/list/57 [32m204[0m 1.108 ms - 0[0m
[0mGET /api/order/store/list/57 [36m304[0m 75.799 ms - -[0m
[0mOPTIONS /api/rental/bookings/57 [32m204[0m 0.388 ms - 0[0m
[0mOPTIONS /api/one-day/orders/57 [32m204[0m 0.159 ms - 0[0m
[0mGET /api/rental/bookings/57 [36m304[0m 294.353 ms - -[0m
[0mGET /api/one-day/orders/57 [36m304[0m 353.730 ms - -[0m
[0mOPTIONS /api/order/store/list/57 [32m204[0m 0.962 ms - 0[0m
[0mGET /api/order/store/list/57 [36m304[0m 60.405 ms - -[0m
[0mOPTIONS /api/rental/bookings/57 [32m204[0m 0.741 ms - 0[0m
[0mOPTIONS /api/one-day/orders/57 [32m204[0m 0.468 ms - 0[0m
[0mGET /api/rental/bookings/57 [36m304[0m 352.903 ms - -[0m
[0mGET /api/one-day/orders/57 [36m304[0m 456.599 ms - -[0m
[0mOPTIONS /api/order/store/list/57 [32m204[0m 0.499 ms - 0[0m
[0mGET /api/order/store/list/57 [36m304[0m 61.953 ms - -[0m
[0mOPTIONS /api/rental/bookings/57 [32m204[0m 0.657 ms - 0[0m
[0mOPTIONS /api/one-day/orders/57 [32m204[0m 2.483 ms - 0[0m
[0mGET /api/rental/bookings/57 [36m304[0m 300.599 ms - -[0m
[0mGET /api/one-day/orders/57 [36m304[0m 377.279 ms - -[0m
[0mOPTIONS /api/order/store/list/57 [32m204[0m 0.537 ms - 0[0m
[0mGET /api/order/store/list/57 [36m304[0m 66.241 ms - -[0m
[0mOPTIONS /api/rental/bookings/57 [32m204[0m 0.507 ms - 0[0m
[0mOPTIONS /api/one-day/orders/57 [32m204[0m 0.578 ms - 0[0m
[0mGET /api/rental/bookings/57 [36m304[0m 289.265 ms - -[0m
[0mGET /api/one-day/orders/57 [36m304[0m 355.566 ms - -[0m
[0mOPTIONS /api/order/store/list/57 [32m204[0m 0.872 ms - 0[0m
[0mGET /api/order/store/list/57 [36m304[0m 72.800 ms - -[0m
[0mOPTIONS /api/rental/bookings/57 [32m204[0m 0.408 ms - 0[0m
[0mOPTIONS /api/one-day/orders/57 [32m204[0m 0.163 ms - 0[0m
[0mGET /api/rental/bookings/57 [36m304[0m 332.013 ms - -[0m
[0mGET /api/one-day/orders/57 [36m304[0m 383.755 ms - -[0m
[0mOPTIONS /api/order/store/list/57 [32m204[0m 0.672 ms - 0[0m
[0mGET /api/order/store/list/57 [36m304[0m 63.878 ms - -[0m
[0mOPTIONS /api/rental/bookings/57 [32m204[0m 0.236 ms - 0[0m
[0mOPTIONS /api/one-day/orders/57 [32m204[0m 0.090 ms - 0[0m
[0mGET /api/rental/bookings/57 [36m304[0m 362.034 ms - -[0m
[0mGET /api/one-day/orders/57 [36m304[0m 478.344 ms - -[0m
[0mOPTIONS /api/order/store/list/57 [32m204[0m 0.442 ms - 0[0m
[0mGET /api/order/store/list/57 [36m304[0m 83.891 ms - -[0m
[0mOPTIONS /api/rental/bookings/57 [32m204[0m 0.560 ms - 0[0m
[0mOPTIONS /api/one-day/orders/57 [32m204[0m 0.319 ms - 0[0m
[0mGET /api/one-day/orders/57 [36m304[0m 361.920 ms - -[0m
[0mGET /api/rental/bookings/57 [36m304[0m 380.221 ms - -[0m
[0mOPTIONS /api/order/store/list/57 [32m204[0m 0.569 ms - 0[0m
[0mGET /api/order/store/list/57 [36m304[0m 68.242 ms - -[0m
[0mOPTIONS /api/one-day/orders/57 [32m204[0m 0.377 ms - 0[0m
[0mOPTIONS /api/rental/bookings/57 [32m204[0m 0.195 ms - 0[0m
[0mGET /api/rental/bookings/57 [36m304[0m 287.673 ms - -[0m
[0mGET /api/one-day/orders/57 [36m304[0m 340.684 ms - -[0m
[0mOPTIONS /api/order/store/list/57 [32m204[0m 0.663 ms - 0[0m
[0mGET /api/order/store/list/57 [36m304[0m 137.459 ms - -[0m
[0mOPTIONS /api/rental/bookings/57 [32m204[0m 0.488 ms - 0[0m
[0mOPTIONS /api/one-day/orders/57 [32m204[0m 0.366 ms - 0[0m
[0mGET /api/rental/bookings/57 [36m304[0m 315.250 ms - -[0m
[0mGET /api/one-day/orders/57 [36m304[0m 409.688 ms - -[0m
[0mOPTIONS /api/order/store/list/57 [32m204[0m 0.609 ms - 0[0m
[0mGET /api/order/store/list/57 [36m304[0m 127.243 ms - -[0m
[0mOPTIONS /api/rental/bookings/57 [32m204[0m 0.328 ms - 0[0m
[0mOPTIONS /api/one-day/orders/57 [32m204[0m 0.238 ms - 0[0m
[0mGET /api/rental/bookings/57 [36m304[0m 268.834 ms - -[0m
[0mGET /api/one-day/orders/57 [36m304[0m 354.955 ms - -[0m
[0mOPTIONS /api/order/store/list/57 [32m204[0m 0.530 ms - 0[0m
[0mGET /api/order/store/list/57 [36m304[0m 66.898 ms - -[0m
[0mOPTIONS /api/rental/bookings/57 [32m204[0m 0.516 ms - 0[0m
[0mOPTIONS /api/one-day/orders/57 [32m204[0m 0.299 ms - 0[0m
[0mGET /api/one-day/orders/57 [36m304[0m 314.995 ms - -[0m
[0mGET /api/rental/bookings/57 [36m304[0m 320.184 ms - -[0m
[0mOPTIONS /api/order/store/list/57 [32m204[0m 0.443 ms - 0[0m
[0mGET /api/order/store/list/57 [36m304[0m 64.194 ms - -[0m
[0mOPTIONS /api/one-day/orders/57 [32m204[0m 0.566 ms - 0[0m
[0mOPTIONS /api/rental/bookings/57 [32m204[0m 0.611 ms - 0[0m
[0mGET /api/rental/bookings/57 [36m304[0m 337.548 ms - -[0m
[0mGET /api/one-day/orders/57 [36m304[0m 409.673 ms - -[0m
[0mOPTIONS /api/order/store/list/57 [32m204[0m 0.372 ms - 0[0m
[0mGET /api/order/store/list/57 [36m304[0m 80.683 ms - -[0m
[0mOPTIONS /api/rental/bookings/57 [32m204[0m 0.764 ms - 0[0m
[0mOPTIONS /api/one-day/orders/57 [32m204[0m 0.471 ms - 0[0m
[0mGET /api/rental/bookings/57 [36m304[0m 315.486 ms - -[0m
[0mGET /api/one-day/orders/57 [36m304[0m 318.845 ms - -[0m
[0mOPTIONS /api/order/store/list/57 [32m204[0m 0.469 ms - 0[0m
[0mGET /api/order/store/list/57 [36m304[0m 72.805 ms - -[0m
[0mOPTIONS /api/rental/bookings/57 [32m204[0m 0.371 ms - 0[0m
[0mOPTIONS /api/one-day/orders/57 [32m204[0m 0.292 ms - 0[0m
[0mGET /api/rental/bookings/57 [36m304[0m 308.466 ms - -[0m
[0mGET /api/one-day/orders/57 [36m304[0m 404.548 ms - -[0m
[0mOPTIONS /api/order/store/list/57 [32m204[0m 0.300 ms - 0[0m
[0mGET /api/order/store/list/57 [36m304[0m 72.403 ms - -[0m
[0mOPTIONS /api/rental/bookings/57 [32m204[0m 0.287 ms - 0[0m
[0mOPTIONS /api/one-day/orders/57 [32m204[0m 0.144 ms - 0[0m
[0mGET /api/rental/bookings/57 [36m304[0m 305.975 ms - -[0m
[0mGET /api/one-day/orders/57 [36m304[0m 690.536 ms - -[0m
[0mOPTIONS /api/order/store/list/57 [32m204[0m 0.817 ms - 0[0m
[0mGET /api/order/store/list/57 [36m304[0m 65.147 ms - -[0m
[0mOPTIONS /api/rental/bookings/57 [32m204[0m 0.764 ms - 0[0m
[0mOPTIONS /api/one-day/orders/57 [32m204[0m 0.428 ms - 0[0m
[0mGET /api/rental/bookings/57 [36m304[0m 303.135 ms - -[0m
[0mGET /api/one-day/orders/57 [36m304[0m 383.903 ms - -[0m
[0mOPTIONS /api/order/store/list/57 [32m204[0m 0.381 ms - 0[0m
[0mGET /api/order/store/list/57 [36m304[0m 180.266 ms - -[0m
[0mOPTIONS /api/rental/bookings/57 [32m204[0m 0.321 ms - 0[0m
[0mOPTIONS /api/one-day/orders/57 [32m204[0m 0.173 ms - 0[0m
[0mGET /api/rental/bookings/57 [36m304[0m 1727.188 ms - -[0m
[0mGET /api/one-day/orders/57 [36m304[0m 1833.972 ms - -[0m
[0mOPTIONS /api/order/store/list/57 [32m204[0m 0.404 ms - 0[0m
[0mGET /api/order/store/list/57 [36m304[0m 145.890 ms - -[0m
[0mOPTIONS /api/rental/bookings/57 [32m204[0m 0.378 ms - 0[0m
[0mOPTIONS /api/one-day/orders/57 [32m204[0m 0.410 ms - 0[0m
[0mGET /api/rental/bookings/57 [36m304[0m 369.403 ms - -[0m
[0mGET /api/one-day/orders/57 [36m304[0m 476.183 ms - -[0m
[0mOPTIONS /api/order/store/list/57 [32m204[0m 0.496 ms - 0[0m
[0mGET /api/order/store/list/57 [36m304[0m 64.631 ms - -[0m
[0mOPTIONS /api/rental/bookings/57 [32m204[0m 0.689 ms - 0[0m
[0mOPTIONS /api/one-day/orders/57 [32m204[0m 0.497 ms - 0[0m
[0mGET /api/rental/bookings/57 [36m304[0m 363.466 ms - -[0m
[0mGET /api/one-day/orders/57 [36m304[0m 415.708 ms - -[0m
[0mOPTIONS /api/order/store/list/57 [32m204[0m 0.366 ms - 0[0m
[0mGET /api/order/store/list/57 [36m304[0m 69.785 ms - -[0m
[0mOPTIONS /api/rental/bookings/57 [32m204[0m 0.454 ms - 0[0m
[0mOPTIONS /api/one-day/orders/57 [32m204[0m 0.420 ms - 0[0m
[0mGET /api/rental/bookings/57 [36m304[0m 288.889 ms - -[0m
[0mGET /api/one-day/orders/57 [36m304[0m 353.440 ms - -[0m
[0mOPTIONS /api/order/store/list/57 [32m204[0m 0.574 ms - 0[0m
[0mGET /api/order/store/list/57 [36m304[0m 70.180 ms - -[0m
[0mOPTIONS /api/rental/bookings/57 [32m204[0m 0.687 ms - 0[0m
[0mOPTIONS /api/one-day/orders/57 [32m204[0m 0.476 ms - 0[0m
[0mGET /api/rental/bookings/57 [36m304[0m 353.990 ms - -[0m
[0mGET /api/one-day/orders/57 [36m304[0m 402.896 ms - -[0m
[0mOPTIONS /api/order/store/list/57 [32m204[0m 0.352 ms - 0[0m
[0mGET /api/order/store/list/57 [36m304[0m 69.185 ms - -[0m
[0mOPTIONS /api/rental/bookings/57 [32m204[0m 0.803 ms - 0[0m
[0mOPTIONS /api/one-day/orders/57 [32m204[0m 0.736 ms - 0[0m
[0mGET /api/rental/bookings/57 [36m304[0m 256.501 ms - -[0m
[0mGET /api/one-day/orders/57 [36m304[0m 413.047 ms - -[0m
[0mOPTIONS /api/order/store/list/57 [32m204[0m 0.690 ms - 0[0m
[0mGET /api/order/store/list/57 [36m304[0m 70.164 ms - -[0m
[0mOPTIONS /api/rental/bookings/57 [32m204[0m 0.501 ms - 0[0m
[0mOPTIONS /api/one-day/orders/57 [32m204[0m 0.231 ms - 0[0m
[0mGET /api/rental/bookings/57 [36m304[0m 321.722 ms - -[0m
[0mGET /api/one-day/orders/57 [36m304[0m 405.204 ms - -[0m
[0mOPTIONS /api/order/store/list/57 [32m204[0m 0.403 ms - 0[0m
[0mGET /api/order/store/list/57 [36m304[0m 66.140 ms - -[0m
[0mOPTIONS /api/rental/bookings/57 [32m204[0m 0.401 ms - 0[0m
[0mOPTIONS /api/one-day/orders/57 [32m204[0m 0.239 ms - 0[0m
[0mGET /api/rental/bookings/57 [36m304[0m 286.569 ms - -[0m
[0mGET /api/one-day/orders/57 [36m304[0m 326.728 ms - -[0m
[0mOPTIONS /api/order/store/list/57 [32m204[0m 0.327 ms - 0[0m
[0mGET /api/order/store/list/57 [36m304[0m 62.202 ms - -[0m
[0mOPTIONS /api/rental/bookings/57 [32m204[0m 0.648 ms - 0[0m
[0mOPTIONS /api/one-day/orders/57 [32m204[0m 0.354 ms - 0[0m
[0mGET /api/rental/bookings/57 [36m304[0m 265.580 ms - -[0m
[0mGET /api/one-day/orders/57 [36m304[0m 350.311 ms - -[0m
[0mOPTIONS /api/order/store/list/57 [32m204[0m 0.489 ms - 0[0m
[0mGET /api/order/store/list/57 [36m304[0m 66.811 ms - -[0m
[0mOPTIONS /api/rental/bookings/57 [32m204[0m 0.883 ms - 0[0m
[0mOPTIONS /api/one-day/orders/57 [32m204[0m 0.422 ms - 0[0m
[0mGET /api/rental/bookings/57 [36m304[0m 282.263 ms - -[0m
[0mGET /api/one-day/orders/57 [36m304[0m 340.940 ms - -[0m
[0mOPTIONS /api/order/store/list/57 [32m204[0m 0.671 ms - 0[0m
[0mGET /api/order/store/list/57 [36m304[0m 81.313 ms - -[0m
[0mOPTIONS /api/rental/bookings/57 [32m204[0m 0.536 ms - 0[0m
[0mOPTIONS /api/one-day/orders/57 [32m204[0m 0.310 ms - 0[0m
[0mGET /api/rental/bookings/57 [36m304[0m 497.259 ms - -[0m
[0mGET /api/one-day/orders/57 [36m304[0m 613.110 ms - -[0m
[0mOPTIONS /api/order/store/list/57 [32m204[0m 0.642 ms - 0[0m
[0mGET /api/order/store/list/57 [36m304[0m 145.430 ms - -[0m
[0mOPTIONS /api/rental/bookings/57 [32m204[0m 0.324 ms - 0[0m
[0mOPTIONS /api/one-day/orders/57 [32m204[0m 0.173 ms - 0[0m
[0mGET /api/rental/bookings/57 [36m304[0m 476.499 ms - -[0m
[0mGET /api/one-day/orders/57 [36m304[0m 611.547 ms - -[0m
[0mOPTIONS /api/order/store/list/57 [32m204[0m 0.380 ms - 0[0m
[0mGET /api/order/store/list/57 [36m304[0m 72.273 ms - -[0m
[0mOPTIONS /api/rental/bookings/57 [32m204[0m 0.282 ms - 0[0m
[0mOPTIONS /api/one-day/orders/57 [32m204[0m 0.121 ms - 0[0m
[0mGET /api/rental/bookings/57 [36m304[0m 339.841 ms - -[0m
[0mGET /api/one-day/orders/57 [36m304[0m 346.610 ms - -[0m
[0mOPTIONS /api/order/store/list/57 [32m204[0m 0.890 ms - 0[0m
[0mGET /api/order/store/list/57 [36m304[0m 66.801 ms - -[0m
[0mOPTIONS /api/rental/bookings/57 [32m204[0m 0.395 ms - 0[0m
[0mOPTIONS /api/one-day/orders/57 [32m204[0m 0.345 ms - 0[0m
[0mGET /api/rental/bookings/57 [36m304[0m 282.114 ms - -[0m
[0mGET /api/one-day/orders/57 [36m304[0m 345.685 ms - -[0m
[0mOPTIONS /api/order/store/list/57 [32m204[0m 0.293 ms - 0[0m
[0mGET /api/order/store/list/57 [36m304[0m 65.489 ms - -[0m
[0mOPTIONS /api/rental/bookings/57 [32m204[0m 0.363 ms - 0[0m
[0mOPTIONS /api/one-day/orders/57 [32m204[0m 0.203 ms - 0[0m
[0mGET /api/rental/bookings/57 [36m304[0m 264.843 ms - -[0m
[0mGET /api/one-day/orders/57 [36m304[0m 329.687 ms - -[0m
[0mOPTIONS /api/order/store/list/57 [32m204[0m 0.386 ms - 0[0m
[0mGET /api/order/store/list/57 [36m304[0m 106.613 ms - -[0m
[0mOPTIONS /api/rental/bookings/57 [32m204[0m 0.490 ms - 0[0m
[0mOPTIONS /api/one-day/orders/57 [32m204[0m 0.251 ms - 0[0m
[0mGET /api/rental/bookings/57 [36m304[0m 443.893 ms - -[0m
[0mGET /api/one-day/orders/57 [36m304[0m 547.384 ms - -[0m
[0mOPTIONS /api/order/store/list/57 [32m204[0m 0.371 ms - 0[0m
[0mGET /api/order/store/list/57 [36m304[0m 90.403 ms - -[0m
[0mOPTIONS /api/rental/bookings/57 [32m204[0m 0.270 ms - 0[0m
[0mOPTIONS /api/one-day/orders/57 [32m204[0m 0.230 ms - 0[0m
[0mGET /api/rental/bookings/57 [36m304[0m 326.812 ms - -[0m
[0mGET /api/one-day/orders/57 [36m304[0m 383.686 ms - -[0m
[0mOPTIONS /api/order/store/list/57 [32m204[0m 0.561 ms - 0[0m
[0mOPTIONS /api/rental/bookings/57 [32m204[0m 0.361 ms - 0[0m
[0mOPTIONS /api/one-day/orders/57 [32m204[0m 0.209 ms - 0[0m
[0mGET /api/one-day/orders/57 [36m304[0m 3346.973 ms - -[0m
[0mGET /api/rental/bookings/57 [36m304[0m 5085.972 ms - -[0m
[0mOPTIONS /api/one-day/orders/57 [32m204[0m 0.438 ms - 0[0m
[0mGET /api/one-day/orders/57 [36m304[0m 439.280 ms - -[0m
[0mOPTIONS /api/rental/bookings/57 [32m204[0m 0.444 ms - 0[0m
[0mGET /api/rental/bookings/57 [36m304[0m 378.736 ms - -[0m
[0mGET /api/order/store/list/57 [36m304[0m 18379.067 ms - -[0m
[0mOPTIONS /api/one-day/orders/57 [32m204[0m 0.473 ms - 0[0m
[0mGET /api/one-day/orders/57 [36m304[0m 414.669 ms - -[0m
[0mOPTIONS /api/rental/bookings/57 [32m204[0m 0.453 ms - 0[0m
[0mOPTIONS /api/order/store/list/57 [32m204[0m 0.272 ms - 0[0m
[0mGET /api/order/store/list/57 [36m304[0m 63.776 ms - -[0m
[0mGET /api/rental/bookings/57 [36m304[0m 260.062 ms - -[0m
[0mOPTIONS /api/one-day/orders/57 [32m204[0m 0.424 ms - 0[0m
[0mGET /api/one-day/orders/57 [36m304[0m 312.118 ms - -[0m
[0mOPTIONS /api/order/store/list/57 [32m204[0m 0.485 ms - 0[0m
[0mOPTIONS /api/rental/bookings/57 [32m204[0m 0.795 ms - 0[0m
[0mGET /api/order/store/list/57 [36m304[0m 66.369 ms - -[0m
[0mGET /api/rental/bookings/57 [36m304[0m 265.939 ms - -[0m
[0mOPTIONS /api/one-day/orders/57 [32m204[0m 0.452 ms - 0[0m
[0mGET /api/one-day/orders/57 [36m304[0m 500.832 ms - -[0m
[0mOPTIONS /api/order/store/list/57 [32m204[0m 0.502 ms - 0[0m
[0mOPTIONS /api/rental/bookings/57 [32m204[0m 0.183 ms - 0[0m
[0mGET /api/order/store/list/57 [36m304[0m 66.332 ms - -[0m
[0mGET /api/rental/bookings/57 [36m304[0m 265.805 ms - -[0m
[0mOPTIONS /api/one-day/orders/57 [32m204[0m 0.708 ms - 0[0m
[0mGET /api/one-day/orders/57 [36m304[0m 504.886 ms - -[0m
[0mOPTIONS /api/order/store/list/57 [32m204[0m 0.946 ms - 0[0m
[0mOPTIONS /api/rental/bookings/57 [32m204[0m 0.469 ms - 0[0m
[0mGET /api/order/store/list/57 [36m304[0m 86.126 ms - -[0m
[0mGET /api/rental/bookings/57 [36m304[0m 370.453 ms - -[0m
[0mOPTIONS /api/one-day/orders/57 [32m204[0m 0.757 ms - 0[0m
[0mGET /api/one-day/orders/57 [36m304[0m 1097.619 ms - -[0m
[0mOPTIONS /api/order/store/list/57 [32m204[0m 0.624 ms - 0[0m
[0mOPTIONS /api/rental/bookings/57 [32m204[0m 0.444 ms - 0[0m
[0mGET /api/order/store/list/57 [36m304[0m 646.310 ms - -[0m
[0mGET /api/rental/bookings/57 [36m304[0m 1551.785 ms - -[0m
[0mOPTIONS /api/one-day/orders/57 [32m204[0m 0.520 ms - 0[0m
[0mOPTIONS /api/order/store/list/57 [32m204[0m 0.674 ms - 0[0m
[0mGET /api/one-day/orders/57 [36m304[0m 1038.575 ms - -[0m
[0mGET /api/order/store/list/57 [36m304[0m 144.571 ms - -[0m
[0mOPTIONS /api/rental/bookings/57 [32m204[0m 0.928 ms - 0[0m
[0mGET /api/rental/bookings/57 [36m304[0m 307.061 ms - -[0m
[0mOPTIONS /api/one-day/orders/57 [32m204[0m 0.848 ms - 0[0m
[0mOPTIONS /api/order/store/list/57 [32m204[0m 0.506 ms - 0[0m
[0mOPTIONS /api/rental/bookings/57 [32m204[0m 0.812 ms - 0[0m
[0mGET /api/order/store/list/57 [36m304[0m 1721.038 ms - -[0m
[0mGET /api/rental/bookings/57 [36m304[0m 1047.228 ms - -[0m
[0mGET /api/one-day/orders/57 [36m304[0m 2055.632 ms - -[0m
[0mOPTIONS /api/order/store/list/57 [32m204[0m 0.752 ms - 0[0m
[0mGET /api/order/store/list/57 [36m304[0m 68.329 ms - -[0m
[0mOPTIONS /api/rental/bookings/57 [32m204[0m 0.872 ms - 0[0m
[0mOPTIONS /api/one-day/orders/57 [32m204[0m 1.164 ms - 0[0m
[0mGET /api/rental/bookings/57 [36m304[0m 294.109 ms - -[0m
[0mGET /api/one-day/orders/57 [36m304[0m 352.658 ms - -[0m
[0mOPTIONS /api/order/store/list/57 [32m204[0m 0.346 ms - 0[0m
[0mGET /api/order/store/list/57 [36m304[0m 105.911 ms - -[0m
[0mOPTIONS /api/store/product/admin/getAllProductById/57 [32m204[0m 0.322 ms - 0[0m
[0mOPTIONS /api/product/getProductById/608 [32m204[0m 0.096 ms - 0[0m
[0mOPTIONS /api/rental/bookings/57 [32m204[0m 0.335 ms - 0[0m
[0mGET /api/product/getProductById/608 [36m304[0m 91.770 ms - -[0m
[0mOPTIONS /api/one-day/orders/57 [32m204[0m 0.610 ms - 0[0m
[0mGET /api/store/product/admin/getAllProductById/57 [36m304[0m 274.723 ms - -[0m
[0mGET /api/rental/bookings/57 [36m304[0m 329.979 ms - -[0m
[0mGET /api/one-day/orders/57 [36m304[0m 452.548 ms - -[0m
[0mOPTIONS /api/order/store/list/57 [32m204[0m 0.639 ms - 0[0m
[0mGET /api/order/store/list/57 [36m304[0m 78.402 ms - -[0m
[0mOPTIONS /api/rental/bookings/57 [32m204[0m 0.435 ms - 0[0m
[0mOPTIONS /api/one-day/orders/57 [32m204[0m 0.490 ms - 0[0m
[0mGET /api/rental/bookings/57 [36m304[0m 404.671 ms - -[0m
[0mGET /api/one-day/orders/57 [36m304[0m 356.628 ms - -[0m
[0mOPTIONS /api/order/store/list/57 [32m204[0m 1.040 ms - 0[0m
[0mGET /api/order/store/list/57 [36m304[0m 66.622 ms - -[0m
[0mOPTIONS /api/rental/bookings/57 [32m204[0m 0.340 ms - 0[0m
[0mOPTIONS /api/one-day/orders/57 [32m204[0m 0.228 ms - 0[0m
[0mGET /api/rental/bookings/57 [36m304[0m 312.606 ms - -[0m
[0mGET /api/one-day/orders/57 [36m304[0m 365.598 ms - -[0m
[0mOPTIONS /api/order/store/list/57 [32m204[0m 0.474 ms - 0[0m
[0mGET /api/order/store/list/57 [36m304[0m 66.369 ms - -[0m
[0mOPTIONS /api/rental/bookings/57 [32m204[0m 0.492 ms - 0[0m
[0mOPTIONS /api/one-day/orders/57 [32m204[0m 0.269 ms - 0[0m
[0mGET /api/rental/bookings/57 [36m304[0m 300.875 ms - -[0m
[0mGET /api/one-day/orders/57 [36m304[0m 351.602 ms - -[0m
[0mOPTIONS /api/order/store/list/57 [32m204[0m 0.628 ms - 0[0m
[0mGET /api/order/store/list/57 [36m304[0m 71.087 ms - -[0m
[0mOPTIONS /api/rental/bookings/57 [32m204[0m 0.535 ms - 0[0m
[0mOPTIONS /api/one-day/orders/57 [32m204[0m 0.306 ms - 0[0m
[0mGET /api/rental/bookings/57 [36m304[0m 266.417 ms - -[0m
[0mGET /api/one-day/orders/57 [36m304[0m 657.240 ms - -[0m
[0mOPTIONS /api/store/product/admin/getAllProductById/57 [32m204[0m 0.293 ms - 0[0m
[0mOPTIONS /api/product/getProductById/608 [32m204[0m 0.184 ms - 0[0m
[0mGET /api/product/getProductById/608 [36m304[0m 80.418 ms - -[0m
[0mGET /api/store/product/admin/getAllProductById/57 [36m304[0m 227.767 ms - -[0m
[0mOPTIONS /api/order/store/list/57 [32m204[0m 0.605 ms - 0[0m
[0mGET /api/order/store/list/57 [36m304[0m 83.093 ms - -[0m
[0mOPTIONS /api/rental/bookings/57 [32m204[0m 0.433 ms - 0[0m
[0mGET /api/rental/bookings/57 [36m304[0m 316.339 ms - -[0m
[0mOPTIONS /api/one-day/orders/57 [32m204[0m 0.475 ms - 0[0m
[0mGET /api/one-day/orders/57 [36m304[0m 386.329 ms - -[0m
[0mOPTIONS /api/order/store/list/57 [32m204[0m 0.428 ms - 0[0m
[0mGET /api/order/store/list/57 [36m304[0m 65.182 ms - -[0m
[0mOPTIONS /api/rental/bookings/57 [32m204[0m 1.599 ms - 0[0m
[0mGET /api/rental/bookings/57 [36m304[0m 341.687 ms - -[0m
[0mOPTIONS /api/one-day/orders/57 [32m204[0m 0.440 ms - 0[0m
[0mGET /api/one-day/orders/57 [36m304[0m 360.660 ms - -[0m
[0mOPTIONS /api/order/store/list/57 [32m204[0m 0.784 ms - 0[0m
[0mGET /api/order/store/list/57 [36m304[0m 82.843 ms - -[0m
[0mOPTIONS /api/rental/bookings/57 [32m204[0m 0.903 ms - 0[0m
[0mGET /api/rental/bookings/57 [36m304[0m 314.449 ms - -[0m
[0mOPTIONS /api/one-day/orders/57 [32m204[0m 0.876 ms - 0[0m
[0mGET /api/one-day/orders/57 [36m304[0m 405.097 ms - -[0m
[0mOPTIONS /api/store/product/admin/getAllProductById/57 [32m204[0m 1.226 ms - 0[0m
[0mOPTIONS /api/product/getProductById/608 [32m204[0m 1.164 ms - 0[0m
[0mGET /api/product/getProductById/608 [36m304[0m 165.770 ms - -[0m
[0mGET /api/store/product/admin/getAllProductById/57 [36m304[0m 321.947 ms - -[0m
[0mOPTIONS /api/order/store/list/57 [32m204[0m 0.735 ms - 0[0m
[0mGET /api/order/store/list/57 [36m304[0m 63.165 ms - -[0m
[0mOPTIONS /api/rental/bookings/57 [32m204[0m 1.021 ms - 0[0m
[0mGET /api/rental/bookings/57 [36m304[0m 262.436 ms - -[0m
[0mOPTIONS /api/one-day/orders/57 [32m204[0m 0.275 ms - 0[0m
[0mGET /api/one-day/orders/57 [36m304[0m 312.356 ms - -[0m
[0mOPTIONS /api/order/store/list/57 [32m204[0m 0.732 ms - 0[0m
[0mGET /api/order/store/list/57 [36m304[0m 80.037 ms - -[0m
[0mOPTIONS /api/rental/bookings/57 [32m204[0m 0.991 ms - 0[0m
[0mGET /api/rental/bookings/57 [36m304[0m 285.806 ms - -[0m
[0mOPTIONS /api/one-day/orders/57 [32m204[0m 0.288 ms - 0[0m
[0mGET /api/one-day/orders/57 [36m304[0m 317.594 ms - -[0m
[0mOPTIONS /api/order/store/list/57 [32m204[0m 0.454 ms - 0[0m
[0mGET /api/order/store/list/57 [36m304[0m 81.384 ms - -[0m
[0mOPTIONS /api/rental/bookings/57 [32m204[0m 0.682 ms - 0[0m
[0mGET /api/rental/bookings/57 [36m304[0m 292.056 ms - -[0m
[0mOPTIONS /api/one-day/orders/57 [32m204[0m 1.015 ms - 0[0m
[0mGET /api/one-day/orders/57 [36m304[0m 332.183 ms - -[0m
[0mOPTIONS /api/order/store/list/57 [32m204[0m 0.534 ms - 0[0m
[0mGET /api/order/store/list/57 [36m304[0m 94.648 ms - -[0m
[0mOPTIONS /api/rental/bookings/57 [32m204[0m 0.674 ms - 0[0m
[0mGET /api/rental/bookings/57 [36m304[0m 271.721 ms - -[0m
[0mOPTIONS /api/one-day/orders/57 [32m204[0m 0.961 ms - 0[0m
[0mGET /api/one-day/orders/57 [36m304[0m 1511.090 ms - -[0m
[0mOPTIONS /api/order/store/list/57 [32m204[0m 0.510 ms - 0[0m
[0mGET /api/order/store/list/57 [36m304[0m 69.310 ms - -[0m
[0mOPTIONS /api/rental/bookings/57 [32m204[0m 0.761 ms - 0[0m
[0mGET /api/rental/bookings/57 [36m304[0m 311.401 ms - -[0m
[0mOPTIONS /api/one-day/orders/57 [32m204[0m 0.530 ms - 0[0m
[0mGET /api/one-day/orders/57 [36m304[0m 1352.211 ms - -[0m
[0mOPTIONS /api/order/store/list/57 [32m204[0m 0.871 ms - 0[0m
[0mGET /api/order/store/list/57 [36m304[0m 60.453 ms - -[0m
[0mOPTIONS /api/rental/bookings/57 [32m204[0m 0.808 ms - 0[0m
[0mGET /api/rental/bookings/57 [36m304[0m 282.975 ms - -[0m
[0mOPTIONS /api/one-day/orders/57 [32m204[0m 0.263 ms - 0[0m
[0mGET /api/one-day/orders/57 [36m304[0m 337.180 ms - -[0m
[0mOPTIONS /api/store/product/admin/getAllProductById/57 [32m204[0m 0.241 ms - 0[0m
[0mOPTIONS /api/product/getProductById/608 [32m204[0m 0.143 ms - 0[0m
[0mGET /api/product/getProductById/608 [36m304[0m 137.370 ms - -[0m
[0mGET /api/store/product/admin/getAllProductById/57 [36m304[0m 319.436 ms - -[0m
[0mOPTIONS /api/order/store/list/57 [32m204[0m 0.511 ms - 0[0m
[0mGET /api/order/store/list/57 [36m304[0m 59.529 ms - -[0m
[0mOPTIONS /api/rental/bookings/57 [32m204[0m 0.279 ms - 0[0m
[0mGET /api/rental/bookings/57 [36m304[0m 260.131 ms - -[0m
[0mOPTIONS /api/one-day/orders/57 [32m204[0m 0.472 ms - 0[0m
[0mGET /api/one-day/orders/57 [36m304[0m 327.384 ms - -[0m
[0mOPTIONS /api/order/store/list/57 [32m204[0m 0.381 ms - 0[0m
[0mGET /api/order/store/list/57 [36m304[0m 60.232 ms - -[0m
[0mOPTIONS /api/rental/bookings/57 [32m204[0m 0.662 ms - 0[0m
[0mGET /api/rental/bookings/57 [36m304[0m 277.521 ms - -[0m
[0mOPTIONS /api/one-day/orders/57 [32m204[0m 0.473 ms - 0[0m
[0mGET /api/one-day/orders/57 [36m304[0m 326.651 ms - -[0m
[0mOPTIONS /api/order/store/list/57 [32m204[0m 1.066 ms - 0[0m
[0mGET /api/order/store/list/57 [36m304[0m 75.440 ms - -[0m
[0mOPTIONS /api/rental/bookings/57 [32m204[0m 0.916 ms - 0[0m
[0mGET /api/rental/bookings/57 [36m304[0m 261.482 ms - -[0m
[0mOPTIONS /api/one-day/orders/57 [32m204[0m 0.521 ms - 0[0m
[0mGET /api/one-day/orders/57 [36m304[0m 323.705 ms - -[0m
[0mOPTIONS /api/store/product/admin/getAllProductById/57 [32m204[0m 0.251 ms - 0[0m
[0mOPTIONS /api/product/getProductById/608 [32m204[0m 0.108 ms - 0[0m
[0mGET /api/product/getProductById/608 [36m304[0m 134.067 ms - -[0m
[0mGET /api/store/product/admin/getAllProductById/57 [36m304[0m 312.655 ms - -[0m
[0mGET /api/product/getProductById/608 [36m304[0m 97.839 ms - -[0m
[0mGET /api/store/product/admin/getAllProductById/57 [36m304[0m 259.556 ms - -[0m
[0mOPTIONS /api/order/store/list/57 [32m204[0m 0.293 ms - 0[0m
[0mGET /api/order/store/list/57 [36m304[0m 74.536 ms - -[0m
[0mOPTIONS /api/rental/bookings/57 [32m204[0m 0.433 ms - 0[0m
[0mGET /api/product/getProductById/608 [36m304[0m 66.281 ms - -[0m
[0mGET /api/store/product/admin/getAllProductById/57 [36m304[0m 229.151 ms - -[0m
[0mGET /api/rental/bookings/57 [36m304[0m 324.726 ms - -[0m
[0mOPTIONS /api/one-day/orders/57 [32m204[0m 0.318 ms - 0[0m
[0mGET /api/one-day/orders/57 [36m304[0m 470.808 ms - -[0m
[0mOPTIONS /api/order/store/list/57 [32m204[0m 0.309 ms - 0[0m
[0mGET /api/order/store/list/57 [36m304[0m 82.366 ms - -[0m
[0mOPTIONS /api/rental/bookings/57 [32m204[0m 0.258 ms - 0[0m
[0mGET /api/rental/bookings/57 [36m304[0m 271.380 ms - -[0m
[0mOPTIONS /api/one-day/orders/57 [32m204[0m 0.275 ms - 0[0m
[0mGET /api/one-day/orders/57 [36m304[0m 349.421 ms - -[0m
[0mOPTIONS /api/order/store/list/57 [32m204[0m 0.818 ms - 0[0m
[0mGET /api/order/store/list/57 [36m304[0m 81.966 ms - -[0m
[0mOPTIONS /api/rental/bookings/57 [32m204[0m 0.559 ms - 0[0m
[0mGET /api/rental/bookings/57 [36m304[0m 317.622 ms - -[0m
[0mOPTIONS /api/one-day/orders/57 [32m204[0m 0.513 ms - 0[0m
[0mGET /api/one-day/orders/57 [36m304[0m 321.749 ms - -[0m
[0mOPTIONS /api/order/store/list/57 [32m204[0m 0.318 ms - 0[0m
[0mGET /api/order/store/list/57 [36m304[0m 102.631 ms - -[0m
[0mOPTIONS /api/rental/bookings/57 [32m204[0m 0.347 ms - 0[0m
[0mGET /api/rental/bookings/57 [36m304[0m 266.904 ms - -[0m
[0mOPTIONS /api/one-day/orders/57 [32m204[0m 0.583 ms - 0[0m
[0mGET /api/one-day/orders/57 [36m304[0m 400.681 ms - -[0m
[0mOPTIONS /api/order/store/list/57 [32m204[0m 0.361 ms - 0[0m
[0mGET /api/order/store/list/57 [36m304[0m 89.297 ms - -[0m
[0mOPTIONS /api/rental/bookings/57 [32m204[0m 0.615 ms - 0[0m
[0mGET /api/rental/bookings/57 [36m304[0m 439.714 ms - -[0m
[0mOPTIONS /api/one-day/orders/57 [32m204[0m 0.236 ms - 0[0m
[0mGET /api/one-day/orders/57 [36m304[0m 463.682 ms - -[0m
[0mOPTIONS /api/order/store/list/57 [32m204[0m 1.266 ms - 0[0m
[0mGET /api/order/store/list/57 [36m304[0m 65.254 ms - -[0m
[0mOPTIONS /api/rental/bookings/57 [32m204[0m 0.310 ms - 0[0m
[0mGET /api/rental/bookings/57 [36m304[0m 303.377 ms - -[0m
[0mOPTIONS /api/one-day/orders/57 [32m204[0m 0.819 ms - 0[0m
[0mGET /api/one-day/orders/57 [36m304[0m 421.669 ms - -[0m
[0mOPTIONS /api/order/store/list/57 [32m204[0m 0.487 ms - 0[0m
[0mGET /api/order/store/list/57 [36m304[0m 60.979 ms - -[0m
[0mOPTIONS /api/rental/bookings/57 [32m204[0m 0.487 ms - 0[0m
[0mGET /api/rental/bookings/57 [36m304[0m 311.472 ms - -[0m
[0mOPTIONS /api/one-day/orders/57 [32m204[0m 0.623 ms - 0[0m
[0mGET /api/one-day/orders/57 [36m304[0m 370.532 ms - -[0m
[0mOPTIONS /api/order/store/list/57 [32m204[0m 0.935 ms - 0[0m
[0mGET /api/order/store/list/57 [36m304[0m 79.706 ms - -[0m
[0mOPTIONS /api/rental/bookings/57 [32m204[0m 1.124 ms - 0[0m
[0mGET /api/rental/bookings/57 [36m304[0m 257.788 ms - -[0m
[0mOPTIONS /api/one-day/orders/57 [32m204[0m 0.474 ms - 0[0m
[0mGET /api/one-day/orders/57 [36m304[0m 346.424 ms - -[0m
[0mOPTIONS /api/order/store/list/57 [32m204[0m 0.621 ms - 0[0m
[0mGET /api/order/store/list/57 [36m304[0m 66.636 ms - -[0m
[0mOPTIONS /api/rental/bookings/57 [32m204[0m 0.608 ms - 0[0m
[0mGET /api/rental/bookings/57 [36m304[0m 260.907 ms - -[0m
[0mOPTIONS /api/one-day/orders/57 [32m204[0m 0.663 ms - 0[0m
[0mGET /api/one-day/orders/57 [36m304[0m 340.741 ms - -[0m
[0mOPTIONS /api/order/store/list/57 [32m204[0m 0.683 ms - 0[0m
[0mGET /api/order/store/list/57 [36m304[0m 60.864 ms - -[0m
[0mOPTIONS /api/rental/bookings/57 [32m204[0m 0.843 ms - 0[0m
[0mGET /api/rental/bookings/57 [36m304[0m 271.618 ms - -[0m
[0mOPTIONS /api/one-day/orders/57 [32m204[0m 0.887 ms - 0[0m
[0mGET /api/one-day/orders/57 [36m304[0m 551.192 ms - -[0m
[0mOPTIONS /api/order/store/list/57 [32m204[0m 0.849 ms - 0[0m
[0mGET /api/order/store/list/57 [36m304[0m 63.978 ms - -[0m
[0mOPTIONS /api/rental/bookings/57 [32m204[0m 1.043 ms - 0[0m
[0mGET /api/rental/bookings/57 [36m304[0m 279.542 ms - -[0m
[0mOPTIONS /api/one-day/orders/57 [32m204[0m 0.753 ms - 0[0m
[0mGET /api/one-day/orders/57 [36m304[0m 393.985 ms - -[0m
[0mOPTIONS /api/order/store/list/57 [32m204[0m 0.986 ms - 0[0m
[0mGET /api/order/store/list/57 [36m304[0m 74.745 ms - -[0m
[0mOPTIONS /api/rental/bookings/57 [32m204[0m 0.680 ms - 0[0m
[0mGET /api/rental/bookings/57 [36m304[0m 282.655 ms - -[0m
[0mOPTIONS /api/one-day/orders/57 [32m204[0m 0.858 ms - 0[0m
[0mGET /api/one-day/orders/57 [36m304[0m 409.032 ms - -[0m
[0mOPTIONS /api/order/store/list/57 [32m204[0m 0.621 ms - 0[0m
[0mGET /api/order/store/list/57 [36m304[0m 65.076 ms - -[0m
[0mOPTIONS /api/rental/bookings/57 [32m204[0m 0.853 ms - 0[0m
[0mGET /api/rental/bookings/57 [36m304[0m 261.061 ms - -[0m
[0mOPTIONS /api/one-day/orders/57 [32m204[0m 1.328 ms - 0[0m
[0mGET /api/one-day/orders/57 [36m304[0m 338.778 ms - -[0m
[0mOPTIONS /api/order/store/list/57 [32m204[0m 0.869 ms - 0[0m
[0mGET /api/order/store/list/57 [36m304[0m 61.948 ms - -[0m
[0mOPTIONS /api/rental/bookings/57 [32m204[0m 0.795 ms - 0[0m
[0mGET /api/rental/bookings/57 [36m304[0m 259.845 ms - -[0m
[0mOPTIONS /api/one-day/orders/57 [32m204[0m 0.575 ms - 0[0m
[0mGET /api/one-day/orders/57 [36m304[0m 313.241 ms - -[0m
[0mOPTIONS /api/order/store/list/57 [32m204[0m 0.739 ms - 0[0m
[0mGET /api/order/store/list/57 [36m304[0m 76.559 ms - -[0m
[0mOPTIONS /api/rental/bookings/57 [32m204[0m 0.902 ms - 0[0m
[0mGET /api/rental/bookings/57 [36m304[0m 269.616 ms - -[0m
[0mOPTIONS /api/one-day/orders/57 [32m204[0m 0.834 ms - 0[0m
[0mGET /api/one-day/orders/57 [36m304[0m 300.935 ms - -[0m
[0mOPTIONS /api/order/store/list/57 [32m204[0m 0.690 ms - 0[0m
[0mGET /api/order/store/list/57 [36m304[0m 63.746 ms - -[0m
[0mOPTIONS /api/rental/bookings/57 [32m204[0m 0.595 ms - 0[0m
[0mGET /api/rental/bookings/57 [36m304[0m 275.491 ms - -[0m
[0mOPTIONS /api/one-day/orders/57 [32m204[0m 0.360 ms - 0[0m
[0mGET /api/one-day/orders/57 [36m304[0m 329.569 ms - -[0m
[0mOPTIONS /api/order/store/list/57 [32m204[0m 0.928 ms - 0[0m
[0mGET /api/order/store/list/57 [36m304[0m 61.051 ms - -[0m
[0mOPTIONS /api/rental/bookings/57 [32m204[0m 0.693 ms - 0[0m
[0mGET /api/rental/bookings/57 [36m304[0m 266.489 ms - -[0m
[0mOPTIONS /api/one-day/orders/57 [32m204[0m 0.399 ms - 0[0m
[0mGET /api/one-day/orders/57 [36m304[0m 316.867 ms - -[0m
[0mOPTIONS /api/order/store/list/57 [32m204[0m 0.861 ms - 0[0m
[0mGET /api/order/store/list/57 [36m304[0m 57.802 ms - -[0m
[0mOPTIONS /api/rental/bookings/57 [32m204[0m 0.351 ms - 0[0m
[0mGET /api/rental/bookings/57 [36m304[0m 528.580 ms - -[0m
[0mOPTIONS /api/one-day/orders/57 [32m204[0m 0.695 ms - 0[0m
[0mGET /api/one-day/orders/57 [36m304[0m 346.976 ms - -[0m
[0mOPTIONS /api/order/store/list/57 [32m204[0m 0.552 ms - 0[0m
[0mGET /api/order/store/list/57 [36m304[0m 240.144 ms - -[0m
[0mOPTIONS /api/rental/bookings/57 [32m204[0m 0.197 ms - 0[0m
[0mGET /api/rental/bookings/57 [36m304[0m 324.773 ms - -[0m
[0mOPTIONS /api/one-day/orders/57 [32m204[0m 0.435 ms - 0[0m
[0mGET /api/one-day/orders/57 [36m304[0m 328.430 ms - -[0m
[0mOPTIONS /api/order/store/list/57 [32m204[0m 0.270 ms - 0[0m
[0mGET /api/order/store/list/57 [36m304[0m 60.609 ms - -[0m
[0mOPTIONS /api/rental/bookings/57 [32m204[0m 0.794 ms - 0[0m
[0mGET /api/rental/bookings/57 [36m304[0m 264.927 ms - -[0m
[0mOPTIONS /api/one-day/orders/57 [32m204[0m 0.366 ms - 0[0m
[0mGET /api/one-day/orders/57 [36m304[0m 339.694 ms - -[0m
[0mOPTIONS /api/order/store/list/57 [32m204[0m 0.445 ms - 0[0m
[0mGET /api/order/store/list/57 [36m304[0m 91.850 ms - -[0m
[0mOPTIONS /api/rental/bookings/57 [32m204[0m 0.331 ms - 0[0m
[0mGET /api/rental/bookings/57 [36m304[0m 252.299 ms - -[0m
[0mOPTIONS /api/one-day/orders/57 [32m204[0m 1.113 ms - 0[0m
[0mGET /api/one-day/orders/57 [36m304[0m 339.568 ms - -[0m
[0mOPTIONS /api/order/store/list/57 [32m204[0m 0.521 ms - 0[0m
[0mGET /api/order/store/list/57 [36m304[0m 79.185 ms - -[0m
[0mOPTIONS /api/rental/bookings/57 [32m204[0m 0.324 ms - 0[0m
[0mGET /api/rental/bookings/57 [36m304[0m 267.066 ms - -[0m
[0mOPTIONS /api/one-day/orders/57 [32m204[0m 0.528 ms - 0[0m
[0mGET /api/one-day/orders/57 [36m304[0m 350.928 ms - -[0m
[0mOPTIONS /api/order/store/list/57 [32m204[0m 0.614 ms - 0[0m
[0mGET /api/order/store/list/57 [36m304[0m 70.080 ms - -[0m
[0mOPTIONS /api/rental/bookings/57 [32m204[0m 0.293 ms - 0[0m
[0mGET /api/rental/bookings/57 [36m304[0m 282.700 ms - -[0m
[0mOPTIONS /api/one-day/orders/57 [32m204[0m 0.270 ms - 0[0m
[0mGET /api/one-day/orders/57 [36m304[0m 333.556 ms - -[0m
[0mOPTIONS /api/order/store/list/57 [32m204[0m 0.322 ms - 0[0m
[0mGET /api/order/store/list/57 [36m304[0m 65.629 ms - -[0m
[0mOPTIONS /api/rental/bookings/57 [32m204[0m 0.257 ms - 0[0m
[0mGET /api/rental/bookings/57 [36m304[0m 252.464 ms - -[0m
[0mOPTIONS /api/one-day/orders/57 [32m204[0m 0.377 ms - 0[0m
[0mGET /api/one-day/orders/57 [36m304[0m 303.805 ms - -[0m
[0mOPTIONS /api/order/store/list/57 [32m204[0m 0.672 ms - 0[0m
[0mGET /api/order/store/list/57 [36m304[0m 99.237 ms - -[0m
[0mOPTIONS /api/rental/bookings/57 [32m204[0m 0.554 ms - 0[0m
[0mGET /api/rental/bookings/57 [36m304[0m 249.369 ms - -[0m
[0mOPTIONS /api/one-day/orders/57 [32m204[0m 0.557 ms - 0[0m
[0mGET /api/one-day/orders/57 [36m304[0m 658.036 ms - -[0m
[0mOPTIONS /api/order/store/list/57 [32m204[0m 0.312 ms - 0[0m
[0mGET /api/order/store/list/57 [36m304[0m 59.074 ms - -[0m
[0mOPTIONS /api/rental/bookings/57 [32m204[0m 0.416 ms - 0[0m
[0mGET /api/rental/bookings/57 [36m304[0m 291.014 ms - -[0m
[0mOPTIONS /api/one-day/orders/57 [32m204[0m 0.548 ms - 0[0m
[0mGET /api/one-day/orders/57 [36m304[0m 307.092 ms - -[0m
[0mOPTIONS /api/order/store/list/57 [32m204[0m 0.370 ms - 0[0m
[0mGET /api/order/store/list/57 [36m304[0m 75.547 ms - -[0m
[0mOPTIONS /api/rental/bookings/57 [32m204[0m 0.446 ms - 0[0m
[0mGET /api/rental/bookings/57 [36m304[0m 254.994 ms - -[0m
[0mOPTIONS /api/one-day/orders/57 [32m204[0m 0.344 ms - 0[0m
[0mGET /api/one-day/orders/57 [36m304[0m 308.125 ms - -[0m
[0mOPTIONS /api/order/store/list/57 [32m204[0m 0.289 ms - 0[0m
[0mGET /api/order/store/list/57 [36m304[0m 60.037 ms - -[0m
[0mOPTIONS /api/rental/bookings/57 [32m204[0m 0.519 ms - 0[0m
[0mGET /api/rental/bookings/57 [36m304[0m 246.123 ms - -[0m
[0mOPTIONS /api/one-day/orders/57 [32m204[0m 0.570 ms - 0[0m
[0mGET /api/one-day/orders/57 [36m304[0m 309.721 ms - -[0m
[0mOPTIONS /api/order/store/list/57 [32m204[0m 0.398 ms - 0[0m
[0mGET /api/order/store/list/57 [36m304[0m 60.580 ms - -[0m
[0mOPTIONS /api/rental/bookings/57 [32m204[0m 0.861 ms - 0[0m
[0mGET /api/rental/bookings/57 [36m304[0m 582.140 ms - -[0m
[0mOPTIONS /api/one-day/orders/57 [32m204[0m 0.286 ms - 0[0m
[0mGET /api/one-day/orders/57 [36m304[0m 298.469 ms - -[0m
[0mOPTIONS /api/order/store/list/57 [32m204[0m 0.624 ms - 0[0m
[0mGET /api/order/store/list/57 [36m304[0m 61.198 ms - -[0m
[0mOPTIONS /api/rental/bookings/57 [32m204[0m 1.510 ms - 0[0m
[0mGET /api/rental/bookings/57 [36m304[0m 258.708 ms - -[0m
[0mOPTIONS /api/one-day/orders/57 [32m204[0m 0.716 ms - 0[0m
[0mGET /api/one-day/orders/57 [36m304[0m 327.882 ms - -[0m
[0mOPTIONS /api/order/store/list/57 [32m204[0m 0.679 ms - 0[0m
[0mGET /api/order/store/list/57 [36m304[0m 59.518 ms - -[0m
[0mOPTIONS /api/rental/bookings/57 [32m204[0m 0.900 ms - 0[0m
[0mGET /api/rental/bookings/57 [36m304[0m 320.467 ms - -[0m
[0mOPTIONS /api/one-day/orders/57 [32m204[0m 0.364 ms - 0[0m
[0mOPTIONS /api/order/store/list/57 [32m204[0m 0.745 ms - 0[0m
[0mGET /api/order/store/list/57 [36m304[0m 88.138 ms - -[0m
[0mGET /api/one-day/orders/57 [36m304[0m 396.266 ms - -[0m
[0mOPTIONS /api/rental/bookings/57 [32m204[0m 0.878 ms - 0[0m
[0mGET /api/rental/bookings/57 [36m304[0m 256.225 ms - -[0m
[0mOPTIONS /api/order/store/list/57 [32m204[0m 0.764 ms - 0[0m
[0mOPTIONS /api/one-day/orders/57 [32m204[0m 0.371 ms - 0[0m
[0mGET /api/order/store/list/57 [36m304[0m 65.794 ms - -[0m
[0mGET /api/one-day/orders/57 [36m304[0m 322.324 ms - -[0m
[0mOPTIONS /api/rental/bookings/57 [32m204[0m 0.570 ms - 0[0m
[0mGET /api/rental/bookings/57 [36m304[0m 262.225 ms - -[0m
[0mOPTIONS /api/order/store/list/57 [32m204[0m 0.748 ms - 0[0m
[0mOPTIONS /api/one-day/orders/57 [32m204[0m 0.536 ms - 0[0m
[0mGET /api/order/store/list/57 [36m304[0m 103.679 ms - -[0m
[0mGET /api/one-day/orders/57 [36m304[0m 506.500 ms - -[0m
[0mOPTIONS /api/rental/bookings/57 [32m204[0m 0.932 ms - 0[0m
[0mGET /api/rental/bookings/57 [36m304[0m 431.935 ms - -[0m
[0mOPTIONS /api/order/store/list/57 [32m204[0m 0.812 ms - 0[0m
[0mOPTIONS /api/one-day/orders/57 [32m204[0m 0.518 ms - 0[0m
[0mGET /api/order/store/list/57 [36m304[0m 128.438 ms - -[0m
[0mGET /api/one-day/orders/57 [36m304[0m 683.513 ms - -[0m
[0mOPTIONS /api/rental/bookings/57 [32m204[0m 0.603 ms - 0[0m
[0mGET /api/rental/bookings/57 [36m304[0m 238.277 ms - -[0m
[0mOPTIONS /api/order/store/list/57 [32m204[0m 0.384 ms - 0[0m
[0mOPTIONS /api/one-day/orders/57 [32m204[0m 0.267 ms - 0[0m
[0mGET /api/order/store/list/57 [36m304[0m 56.596 ms - -[0m
[0mGET /api/one-day/orders/57 [36m304[0m 299.792 ms - -[0m
[0mOPTIONS /api/rental/bookings/57 [32m204[0m 0.297 ms - 0[0m
[0mGET /api/rental/bookings/57 [36m304[0m 345.956 ms - -[0m
[0mOPTIONS /api/order/store/list/57 [32m204[0m 0.653 ms - 0[0m
[0mOPTIONS /api/one-day/orders/57 [32m204[0m 0.395 ms - 0[0m
[0mGET /api/order/store/list/57 [36m304[0m 65.158 ms - -[0m
[0mGET /api/one-day/orders/57 [36m304[0m 304.583 ms - -[0m
[0mOPTIONS /api/rental/bookings/57 [32m204[0m 0.679 ms - 0[0m
[0mGET /api/rental/bookings/57 [36m304[0m 248.135 ms - -[0m
[0mOPTIONS /api/order/store/list/57 [32m204[0m 6.907 ms - 0[0m
[0mOPTIONS /api/one-day/orders/57 [32m204[0m 0.476 ms - 0[0m
[0mGET /api/order/store/list/57 [36m304[0m 67.687 ms - -[0m
[0mGET /api/one-day/orders/57 [36m304[0m 418.582 ms - -[0m
[0mOPTIONS /api/rental/bookings/57 [32m204[0m 0.728 ms - 0[0m
[0mGET /api/rental/bookings/57 [36m304[0m 286.953 ms - -[0m
[0mOPTIONS /api/order/store/list/57 [32m204[0m 0.448 ms - 0[0m
[0mOPTIONS /api/one-day/orders/57 [32m204[0m 0.272 ms - 0[0m
[0mGET /api/order/store/list/57 [36m304[0m 66.770 ms - -[0m
[0mGET /api/one-day/orders/57 [36m304[0m 567.294 ms - -[0m
[0mOPTIONS /api/rental/bookings/57 [32m204[0m 0.438 ms - 0[0m
[0mGET /api/rental/bookings/57 [36m304[0m 461.051 ms - -[0m
[0mOPTIONS /api/order/store/list/57 [32m204[0m 3.356 ms - 0[0m
[0mOPTIONS /api/one-day/orders/57 [32m204[0m 0.354 ms - 0[0m
[0mGET /api/order/store/list/57 [36m304[0m 80.988 ms - -[0m
[0mGET /api/one-day/orders/57 [36m304[0m 460.370 ms - -[0m
[0mOPTIONS /api/rental/bookings/57 [32m204[0m 2.168 ms - 0[0m
[0mGET /api/rental/bookings/57 [36m304[0m 252.200 ms - -[0m
[0mOPTIONS /api/order/store/list/57 [32m204[0m 1.127 ms - 0[0m
[0mOPTIONS /api/one-day/orders/57 [32m204[0m 5.733 ms - 0[0m
[0mGET /api/order/store/list/57 [36m304[0m 74.585 ms - -[0m
[0mGET /api/one-day/orders/57 [36m304[0m 362.095 ms - -[0m
[0mOPTIONS /api/rental/bookings/57 [32m204[0m 1.811 ms - 0[0m
[0mGET /api/rental/bookings/57 [36m304[0m 254.045 ms - -[0m
[0mOPTIONS /api/order/store/list/57 [32m204[0m 1.856 ms - 0[0m
[0mOPTIONS /api/one-day/orders/57 [32m204[0m 0.473 ms - 0[0m
[0mGET /api/order/store/list/57 [36m304[0m 68.257 ms - -[0m
[0mGET /api/one-day/orders/57 [36m304[0m 424.581 ms - -[0m
[0mOPTIONS /api/rental/bookings/57 [32m204[0m 0.408 ms - 0[0m
[0mGET /api/rental/bookings/57 [36m304[0m 255.547 ms - -[0m
[0mOPTIONS /api/order/store/list/57 [32m204[0m 3.301 ms - 0[0m
[0mOPTIONS /api/one-day/orders/57 [32m204[0m 0.617 ms - 0[0m
[0mGET /api/order/store/list/57 [36m304[0m 67.620 ms - -[0m
[0mGET /api/one-day/orders/57 [36m304[0m 622.204 ms - -[0m
[0mOPTIONS /api/rental/bookings/57 [32m204[0m 0.731 ms - 0[0m
[0mGET /api/rental/bookings/57 [36m304[0m 762.791 ms - -[0m
[0mOPTIONS /api/order/store/list/57 [32m204[0m 0.609 ms - 0[0m
[0mOPTIONS /api/one-day/orders/57 [32m204[0m 0.365 ms - 0[0m
[0mGET /api/order/store/list/57 [36m304[0m 135.959 ms - -[0m
[0mGET /api/one-day/orders/57 [36m304[0m 1096.791 ms - -[0m
[0mOPTIONS /api/rental/bookings/57 [32m204[0m 0.319 ms - 0[0m
[0mGET /api/rental/bookings/57 [36m304[0m 828.080 ms - -[0m
[0mOPTIONS /api/order/store/list/57 [32m204[0m 0.219 ms - 0[0m
[0mGET /api/order/store/list/57 [36m304[0m 524.937 ms - -[0m
[0mOPTIONS /api/one-day/orders/57 [32m204[0m 0.212 ms - 0[0m
[0mGET /api/one-day/orders/57 [36m304[0m 724.733 ms - -[0m
[0mOPTIONS /api/rental/bookings/57 [32m204[0m 0.266 ms - 0[0m
[0mGET /api/rental/bookings/57 [36m304[0m 241.254 ms - -[0m
[0mOPTIONS /api/order/store/list/57 [32m204[0m 0.246 ms - 0[0m
[0mGET /api/order/store/list/57 [36m304[0m 61.997 ms - -[0m
[0mOPTIONS /api/one-day/orders/57 [32m204[0m 0.531 ms - 0[0m
[0mGET /api/one-day/orders/57 [36m304[0m 322.746 ms - -[0m
[0mOPTIONS /api/rental/bookings/57 [32m204[0m 0.257 ms - 0[0m
[0mGET /api/rental/bookings/57 [36m304[0m 243.608 ms - -[0m
[0mOPTIONS /api/order/store/list/57 [32m204[0m 0.436 ms - 0[0m
[0mGET /api/order/store/list/57 [36m304[0m 61.352 ms - -[0m
[0mOPTIONS /api/one-day/orders/57 [32m204[0m 0.450 ms - 0[0m
[0mGET /api/one-day/orders/57 [36m304[0m 341.078 ms - -[0m
[0mOPTIONS /api/rental/bookings/57 [32m204[0m 0.514 ms - 0[0m
[0mGET /api/rental/bookings/57 [36m304[0m 244.955 ms - -[0m
[0mOPTIONS /api/order/store/list/57 [32m204[0m 0.363 ms - 0[0m
[0mGET /api/order/store/list/57 [36m304[0m 61.636 ms - -[0m
[0mOPTIONS /api/one-day/orders/57 [32m204[0m 0.617 ms - 0[0m
[0mGET /api/one-day/orders/57 [36m304[0m 332.586 ms - -[0m
[0mOPTIONS /api/rental/bookings/57 [32m204[0m 0.317 ms - 0[0m
[0mGET /api/rental/bookings/57 [36m304[0m 253.604 ms - -[0m
[0mOPTIONS /api/order/store/list/57 [32m204[0m 0.305 ms - 0[0m
[0mGET /api/order/store/list/57 [36m304[0m 60.059 ms - -[0m
[0mOPTIONS /api/one-day/orders/57 [32m204[0m 0.253 ms - 0[0m
[0mGET /api/one-day/orders/57 [36m304[0m 336.767 ms - -[0m
[0mOPTIONS /api/rental/bookings/57 [32m204[0m 0.826 ms - 0[0m
[0mGET /api/rental/bookings/57 [36m304[0m 258.971 ms - -[0m
[0mOPTIONS /api/order/store/list/57 [32m204[0m 0.702 ms - 0[0m
[0mGET /api/order/store/list/57 [36m304[0m 62.082 ms - -[0m
[0mOPTIONS /api/one-day/orders/57 [32m204[0m 0.287 ms - 0[0m
[0mGET /api/one-day/orders/57 [36m304[0m 339.934 ms - -[0m
[0mOPTIONS /api/rental/bookings/57 [32m204[0m 0.406 ms - 0[0m
[0mGET /api/rental/bookings/57 [36m304[0m 323.194 ms - -[0m
[0mOPTIONS /api/order/store/list/57 [32m204[0m 0.645 ms - 0[0m
[0mGET /api/order/store/list/57 [36m304[0m 72.648 ms - -[0m
[0mOPTIONS /api/one-day/orders/57 [32m204[0m 0.436 ms - 0[0m
[0mGET /api/one-day/orders/57 [36m304[0m 762.559 ms - -[0m
[0mOPTIONS /api/rental/bookings/57 [32m204[0m 0.225 ms - 0[0m
[0mGET /api/rental/bookings/57 [36m304[0m 382.939 ms - -[0m
[0mOPTIONS /api/order/store/list/57 [32m204[0m 0.279 ms - 0[0m
[0mGET /api/order/store/list/57 [36m304[0m 69.615 ms - -[0m
[0mOPTIONS /api/one-day/orders/57 [32m204[0m 0.411 ms - 0[0m
[0mGET /api/one-day/orders/57 [36m304[0m 330.101 ms - -[0m
[0mOPTIONS /api/rental/bookings/57 [32m204[0m 0.205 ms - 0[0m
[0mGET /api/rental/bookings/57 [36m304[0m 359.376 ms - -[0m
[0mOPTIONS /api/order/store/list/57 [32m204[0m 0.695 ms - 0[0m
[0mGET /api/order/store/list/57 [36m304[0m 64.998 ms - -[0m
[0mOPTIONS /api/one-day/orders/57 [32m204[0m 0.339 ms - 0[0m
[0mGET /api/one-day/orders/57 [36m304[0m 330.351 ms - -[0m
[0mOPTIONS /api/rental/bookings/57 [32m204[0m 0.401 ms - 0[0m
[0mGET /api/rental/bookings/57 [36m304[0m 244.921 ms - -[0m
[0mOPTIONS /api/order/store/list/57 [32m204[0m 0.382 ms - 0[0m
[0mGET /api/order/store/list/57 [36m304[0m 59.326 ms - -[0m
[0mOPTIONS /api/one-day/orders/57 [32m204[0m 0.374 ms - 0[0m
[0mGET /api/one-day/orders/57 [36m304[0m 334.808 ms - -[0m
[0mOPTIONS /api/rental/bookings/57 [32m204[0m 0.738 ms - 0[0m
[0mGET /api/rental/bookings/57 [36m304[0m 252.105 ms - -[0m
[0mOPTIONS /api/order/store/list/57 [32m204[0m 0.633 ms - 0[0m
[0mGET /api/order/store/list/57 [36m304[0m 195.798 ms - -[0m
[0mOPTIONS /api/one-day/orders/57 [32m204[0m 0.336 ms - 0[0m
[0mGET /api/one-day/orders/57 [36m304[0m 336.095 ms - -[0m
[0mOPTIONS /api/rental/bookings/57 [32m204[0m 0.301 ms - 0[0m
[0mGET /api/rental/bookings/57 [36m304[0m 407.514 ms - -[0m
[0mOPTIONS /api/order/store/list/57 [32m204[0m 0.429 ms - 0[0m
[0mGET /api/order/store/list/57 [36m304[0m 325.300 ms - -[0m
[0mOPTIONS /api/one-day/orders/57 [32m204[0m 0.671 ms - 0[0m
[0mGET /api/one-day/orders/57 [36m304[0m 586.748 ms - -[0m
[0mOPTIONS /api/rental/bookings/57 [32m204[0m 0.224 ms - 0[0m
[0mGET /api/rental/bookings/57 [36m304[0m 394.113 ms - -[0m
[0mOPTIONS /api/order/store/list/57 [32m204[0m 6.125 ms - 0[0m
[0mGET /api/order/store/list/57 [36m304[0m 64.257 ms - -[0m
[0mOPTIONS /api/one-day/orders/57 [32m204[0m 0.246 ms - 0[0m
[0mGET /api/one-day/orders/57 [36m304[0m 302.173 ms - -[0m
[0mOPTIONS /api/rental/bookings/57 [32m204[0m 0.545 ms - 0[0m
[0mGET /api/rental/bookings/57 [36m304[0m 361.767 ms - -[0m
[0mOPTIONS /api/order/store/list/57 [32m204[0m 0.824 ms - 0[0m
[0mGET /api/order/store/list/57 [36m304[0m 63.562 ms - -[0m
[0mOPTIONS /api/one-day/orders/57 [32m204[0m 0.501 ms - 0[0m
[0mGET /api/one-day/orders/57 [36m304[0m 340.045 ms - -[0m
[0mOPTIONS /api/rental/bookings/57 [32m204[0m 0.544 ms - 0[0m
[0mGET /api/rental/bookings/57 [36m304[0m 251.838 ms - -[0m
[0mOPTIONS /api/order/store/list/57 [32m204[0m 0.414 ms - 0[0m
[0mGET /api/order/store/list/57 [36m304[0m 69.566 ms - -[0m
[0mOPTIONS /api/one-day/orders/57 [32m204[0m 0.279 ms - 0[0m
[0mGET /api/one-day/orders/57 [36m304[0m 304.276 ms - -[0m
[0mOPTIONS /api/rental/bookings/57 [32m204[0m 0.645 ms - 0[0m
[0mGET /api/rental/bookings/57 [36m304[0m 249.619 ms - -[0m
[0mOPTIONS /api/order/store/list/57 [32m204[0m 5.714 ms - 0[0m
[0mGET /api/order/store/list/57 [36m304[0m 66.275 ms - -[0m
[0mOPTIONS /api/one-day/orders/57 [32m204[0m 0.733 ms - 0[0m
[0mGET /api/one-day/orders/57 [36m304[0m 323.467 ms - -[0m
[0mOPTIONS /api/rental/bookings/57 [32m204[0m 0.224 ms - 0[0m
[0mGET /api/rental/bookings/57 [36m304[0m 274.454 ms - -[0m
[0mOPTIONS /api/order/store/list/57 [32m204[0m 0.686 ms - 0[0m
[0mGET /api/order/store/list/57 [36m304[0m 64.280 ms - -[0m
[0mOPTIONS /api/one-day/orders/57 [32m204[0m 0.229 ms - 0[0m
[0mGET /api/one-day/orders/57 [36m304[0m 330.157 ms - -[0m
[0mOPTIONS /api/rental/bookings/57 [32m204[0m 0.246 ms - 0[0m
[0mGET /api/rental/bookings/57 [36m304[0m 239.908 ms - -[0m
[0mOPTIONS /api/order/store/list/57 [32m204[0m 0.631 ms - 0[0m
[0mGET /api/order/store/list/57 [36m304[0m 65.903 ms - -[0m
[0mOPTIONS /api/one-day/orders/57 [32m204[0m 0.485 ms - 0[0m
[0mGET /api/one-day/orders/57 [36m304[0m 389.092 ms - -[0m
[0mOPTIONS /api/rental/bookings/57 [32m204[0m 4.992 ms - 0[0m
[0mGET /api/rental/bookings/57 [36m304[0m 785.996 ms - -[0m
[0mOPTIONS /api/order/store/list/57 [32m204[0m 4.277 ms - 0[0m
[0mGET /api/order/store/list/57 [36m304[0m 77.537 ms - -[0m
[0mOPTIONS /api/one-day/orders/57 [32m204[0m 0.332 ms - 0[0m
[0mGET /api/one-day/orders/57 [36m304[0m 385.803 ms - -[0m
[0mOPTIONS /api/rental/bookings/57 [32m204[0m 0.688 ms - 0[0m
[0mGET /api/rental/bookings/57 [36m304[0m 449.502 ms - -[0m
[0mOPTIONS /api/order/store/list/57 [32m204[0m 0.276 ms - 0[0m
[0mGET /api/order/store/list/57 [36m304[0m 59.814 ms - -[0m
[0mOPTIONS /api/one-day/orders/57 [32m204[0m 5.206 ms - 0[0m
[0mGET /api/one-day/orders/57 [36m304[0m 319.139 ms - -[0m
[0mOPTIONS /api/rental/bookings/57 [32m204[0m 0.207 ms - 0[0m
[0mGET /api/rental/bookings/57 [36m304[0m 240.800 ms - -[0m
[0mOPTIONS /api/order/store/list/57 [32m204[0m 0.589 ms - 0[0m
[0mGET /api/order/store/list/57 [36m304[0m 63.731 ms - -[0m
[0mOPTIONS /api/one-day/orders/57 [32m204[0m 0.838 ms - 0[0m
[0mGET /api/one-day/orders/57 [36m304[0m 327.558 ms - -[0m
[0mOPTIONS /api/rental/bookings/57 [32m204[0m 0.735 ms - 0[0m
[0mGET /api/rental/bookings/57 [36m304[0m 266.168 ms - -[0m
[0mOPTIONS /api/order/store/list/57 [32m204[0m 0.694 ms - 0[0m
[0mGET /api/order/store/list/57 [36m304[0m 66.336 ms - -[0m
[0mOPTIONS /api/one-day/orders/57 [32m204[0m 1.614 ms - 0[0m
[0mGET /api/one-day/orders/57 [36m304[0m 316.822 ms - -[0m
[0mOPTIONS /api/rental/bookings/57 [32m204[0m 4.350 ms - 0[0m
[0mGET /api/rental/bookings/57 [36m304[0m 318.404 ms - -[0m
[0mOPTIONS /api/order/store/list/57 [32m204[0m 0.418 ms - 0[0m
[0mGET /api/order/store/list/57 [36m304[0m 83.104 ms - -[0m
[0mOPTIONS /api/one-day/orders/57 [32m204[0m 0.559 ms - 0[0m
[0mGET /api/one-day/orders/57 [36m304[0m 369.163 ms - -[0m
[0mOPTIONS /api/rental/bookings/57 [32m204[0m 1.729 ms - 0[0m
[0mGET /api/rental/bookings/57 [36m304[0m 298.442 ms - -[0m
[0mOPTIONS /api/order/store/list/57 [32m204[0m 0.220 ms - 0[0m
[0mGET /api/order/store/list/57 [36m304[0m 65.521 ms - -[0m
[0mOPTIONS /api/one-day/orders/57 [32m204[0m 0.330 ms - 0[0m
[0mGET /api/one-day/orders/57 [36m304[0m 346.692 ms - -[0m
[0mOPTIONS /api/rental/bookings/57 [32m204[0m 0.200 ms - 0[0m
[0mGET /api/rental/bookings/57 [36m304[0m 381.140 ms - -[0m
[0mOPTIONS /api/order/store/list/57 [32m204[0m 0.618 ms - 0[0m
[0mGET /api/order/store/list/57 [36m304[0m 79.898 ms - -[0m
[0mOPTIONS /api/one-day/orders/57 [32m204[0m 0.781 ms - 0[0m
[0mGET /api/one-day/orders/57 [36m304[0m 558.868 ms - -[0m
[0mOPTIONS /api/rental/bookings/57 [32m204[0m 0.270 ms - 0[0m
[0mGET /api/rental/bookings/57 [36m304[0m 250.411 ms - -[0m
[0mOPTIONS /api/order/store/list/57 [32m204[0m 5.185 ms - 0[0m
[0mGET /api/order/store/list/57 [36m304[0m 64.635 ms - -[0m
[0mOPTIONS /api/one-day/orders/57 [32m204[0m 0.433 ms - 0[0m
[0mGET /api/one-day/orders/57 [36m304[0m 339.093 ms - -[0m
[0mOPTIONS /api/rental/bookings/57 [32m204[0m 0.570 ms - 0[0m
[0mGET /api/rental/bookings/57 [36m304[0m 780.772 ms - -[0m
[0mOPTIONS /api/order/store/list/57 [32m204[0m 0.988 ms - 0[0m
[0mGET /api/order/store/list/57 [36m304[0m 173.250 ms - -[0m
[0mOPTIONS /api/one-day/orders/57 [32m204[0m 1.540 ms - 0[0m
[0mGET /api/one-day/orders/57 [36m304[0m 3800.036 ms - -[0m
[0mOPTIONS /api/rental/bookings/57 [32m204[0m 0.267 ms - 0[0m
[0mGET /api/rental/bookings/57 [36m304[0m 490.518 ms - -[0m
[0mOPTIONS /api/order/store/list/57 [32m204[0m 0.219 ms - 0[0m
[0mGET /api/order/store/list/57 [36m304[0m 948.711 ms - -[0m
[0mOPTIONS /api/one-day/orders/57 [32m204[0m 0.443 ms - 0[0m
[0mGET /api/one-day/orders/57 [36m304[0m 329.430 ms - -[0m
[0mOPTIONS /api/rental/bookings/57 [32m204[0m 0.754 ms - 0[0m
[0mGET /api/rental/bookings/57 [36m304[0m 260.766 ms - -[0m
[0mOPTIONS /api/order/store/list/57 [32m204[0m 0.479 ms - 0[0m
[0mGET /api/order/store/list/57 [36m304[0m 69.074 ms - -[0m
[0mOPTIONS /api/one-day/orders/57 [32m204[0m 0.662 ms - 0[0m
[0mGET /api/one-day/orders/57 [36m304[0m 330.028 ms - -[0m
[0mOPTIONS /api/rental/bookings/57 [32m204[0m 0.695 ms - 0[0m
[0mGET /api/rental/bookings/57 [36m304[0m 255.980 ms - -[0m
[0mOPTIONS /api/order/store/list/57 [32m204[0m 0.611 ms - 0[0m
[0mGET /api/order/store/list/57 [36m304[0m 65.771 ms - -[0m
[0mOPTIONS /api/one-day/orders/57 [32m204[0m 3.735 ms - 0[0m
[0mGET /api/one-day/orders/57 [36m304[0m 393.169 ms - -[0m
[0mOPTIONS /api/rental/bookings/57 [32m204[0m 0.697 ms - 0[0m
[0mGET /api/rental/bookings/57 [36m304[0m 257.325 ms - -[0m
[0mOPTIONS /api/order/store/list/57 [32m204[0m 0.562 ms - 0[0m
[0mGET /api/order/store/list/57 [36m304[0m 66.305 ms - -[0m
[0mOPTIONS /api/one-day/orders/57 [32m204[0m 0.547 ms - 0[0m
[0mGET /api/one-day/orders/57 [36m304[0m 337.370 ms - -[0m
[0mOPTIONS /api/rental/bookings/57 [32m204[0m 0.241 ms - 0[0m
[0mGET /api/rental/bookings/57 [36m304[0m 247.714 ms - -[0m
[0mOPTIONS /api/order/store/list/57 [32m204[0m 0.242 ms - 0[0m
[0mGET /api/order/store/list/57 [36m304[0m 64.544 ms - -[0m
[0mOPTIONS /api/one-day/orders/57 [32m204[0m 0.426 ms - 0[0m
[0mGET /api/one-day/orders/57 [36m304[0m 385.901 ms - -[0m
[0mOPTIONS /api/rental/bookings/57 [32m204[0m 0.424 ms - 0[0m
[0mGET /api/rental/bookings/57 [36m304[0m 245.399 ms - -[0m
[0mOPTIONS /api/order/store/list/57 [32m204[0m 0.839 ms - 0[0m
[0mGET /api/order/store/list/57 [36m304[0m 62.720 ms - -[0m
[0mOPTIONS /api/one-day/orders/57 [32m204[0m 0.429 ms - 0[0m
[0mGET /api/one-day/orders/57 [36m304[0m 364.544 ms - -[0m
[0mOPTIONS /api/rental/bookings/57 [32m204[0m 0.293 ms - 0[0m
[0mGET /api/rental/bookings/57 [36m304[0m 265.015 ms - -[0m
[0mOPTIONS /api/order/store/list/57 [32m204[0m 1.442 ms - 0[0m
[0mGET /api/order/store/list/57 [36m304[0m 65.415 ms - -[0m
[0mOPTIONS /api/one-day/orders/57 [32m204[0m 0.559 ms - 0[0m
[0mGET /api/one-day/orders/57 [36m304[0m 344.300 ms - -[0m
[0mOPTIONS /api/rental/bookings/57 [32m204[0m 7.340 ms - 0[0m
[0mGET /api/rental/bookings/57 [36m304[0m 246.322 ms - -[0m
[0mOPTIONS /api/order/store/list/57 [32m204[0m 0.643 ms - 0[0m
[0mGET /api/order/store/list/57 [36m304[0m 58.288 ms - -[0m
[0mOPTIONS /api/one-day/orders/57 [32m204[0m 0.339 ms - 0[0m
[0mGET /api/one-day/orders/57 [36m304[0m 329.563 ms - -[0m
[0mOPTIONS /api/rental/bookings/57 [32m204[0m 0.422 ms - 0[0m
[0mGET /api/rental/bookings/57 [36m304[0m 247.146 ms - -[0m
[0mOPTIONS /api/order/store/list/57 [32m204[0m 0.255 ms - 0[0m
[0mGET /api/order/store/list/57 [36m304[0m 59.883 ms - -[0m
[0mOPTIONS /api/one-day/orders/57 [32m204[0m 0.519 ms - 0[0m
[0mGET /api/one-day/orders/57 [36m304[0m 334.328 ms - -[0m
[0mOPTIONS /api/rental/bookings/57 [32m204[0m 0.363 ms - 0[0m
[0mGET /api/rental/bookings/57 [36m304[0m 282.274 ms - -[0m
[0mOPTIONS /api/order/store/list/57 [32m204[0m 0.211 ms - 0[0m
[0mGET /api/order/store/list/57 [36m304[0m 60.376 ms - -[0m
[0mOPTIONS /api/one-day/orders/57 [32m204[0m 0.513 ms - 0[0m
[0mGET /api/one-day/orders/57 [36m304[0m 332.367 ms - -[0m
[0mOPTIONS /api/rental/bookings/57 [32m204[0m 0.924 ms - 0[0m
[0mGET /api/rental/bookings/57 [36m304[0m 239.183 ms - -[0m
[0mOPTIONS /api/order/store/list/57 [32m204[0m 0.499 ms - 0[0m
[0mGET /api/order/store/list/57 [36m304[0m 62.286 ms - -[0m
[0mOPTIONS /api/one-day/orders/57 [32m204[0m 5.157 ms - 0[0m
[0mOPTIONS /api/rental/bookings/57 [32m204[0m 1.111 ms - 0[0m
[0mGET /api/one-day/orders/57 [36m304[0m 1395.886 ms - -[0m
[0mGET /api/rental/bookings/57 [36m304[0m 937.272 ms - -[0m
[0mOPTIONS /api/order/store/list/57 [32m204[0m 0.785 ms - 0[0m
[0mGET /api/order/store/list/57 [36m304[0m 101.685 ms - -[0m
[0mOPTIONS /api/one-day/orders/57 [32m204[0m 0.738 ms - 0[0m
[0mOPTIONS /api/rental/bookings/57 [32m204[0m 0.483 ms - 0[0m
[0mGET /api/rental/bookings/57 [36m304[0m 629.087 ms - -[0m
[0mGET /api/one-day/orders/57 [36m304[0m 730.964 ms - -[0m
[0mOPTIONS /api/order/store/list/57 [32m204[0m 0.209 ms - 0[0m
[0mGET /api/order/store/list/57 [36m304[0m 169.214 ms - -[0m
[0mOPTIONS /api/rental/bookings/57 [32m204[0m 0.671 ms - 0[0m
[0mOPTIONS /api/one-day/orders/57 [32m204[0m 0.331 ms - 0[0m
[0mGET /api/rental/bookings/57 [36m304[0m 249.666 ms - -[0m
[0mGET /api/one-day/orders/57 [36m304[0m 326.393 ms - -[0m
[0mOPTIONS /api/order/store/list/57 [32m204[0m 0.821 ms - 0[0m
[0mGET /api/order/store/list/57 [36m304[0m 146.379 ms - -[0m
[0mOPTIONS /api/rental/bookings/57 [32m204[0m 0.599 ms - 0[0m
[0mOPTIONS /api/one-day/orders/57 [32m204[0m 0.354 ms - 0[0m
[0mGET /api/rental/bookings/57 [36m304[0m 251.932 ms - -[0m
[0mGET /api/one-day/orders/57 [36m304[0m 313.330 ms - -[0m
[0mOPTIONS /api/order/store/list/57 [32m204[0m 0.589 ms - 0[0m
[0mGET /api/order/store/list/57 [36m304[0m 67.672 ms - -[0m
[0mOPTIONS /api/rental/bookings/57 [32m204[0m 0.491 ms - 0[0m
[0mOPTIONS /api/one-day/orders/57 [32m204[0m 0.219 ms - 0[0m
[0mGET /api/rental/bookings/57 [36m304[0m 251.683 ms - -[0m
[0mGET /api/one-day/orders/57 [36m304[0m 314.303 ms - -[0m
[0mOPTIONS /api/order/store/list/57 [32m204[0m 1.057 ms - 0[0m
[0mGET /api/order/store/list/57 [36m304[0m 60.063 ms - -[0m
[0mOPTIONS /api/rental/bookings/57 [32m204[0m 0.452 ms - 0[0m
[0mOPTIONS /api/one-day/orders/57 [32m204[0m 0.456 ms - 0[0m
[0mGET /api/rental/bookings/57 [36m304[0m 265.455 ms - -[0m
[0mGET /api/one-day/orders/57 [36m304[0m 319.936 ms - -[0m
[0mOPTIONS /api/order/store/list/57 [32m204[0m 0.366 ms - 0[0m
[0mGET /api/order/store/list/57 [36m304[0m 59.508 ms - -[0m
[0mOPTIONS /api/rental/bookings/57 [32m204[0m 0.201 ms - 0[0m
[0mOPTIONS /api/one-day/orders/57 [32m204[0m 0.171 ms - 0[0m
[0mGET /api/rental/bookings/57 [36m304[0m 254.289 ms - -[0m
[0mGET /api/one-day/orders/57 [36m304[0m 301.902 ms - -[0m
[0mOPTIONS /api/order/store/list/57 [32m204[0m 0.526 ms - 0[0m
[0mGET /api/order/store/list/57 [36m304[0m 62.947 ms - -[0m
[0mOPTIONS /api/store/product/admin/getAllProductById/57 [32m204[0m 0.218 ms - 0[0m
[0mOPTIONS /api/product/getProductById/608 [32m204[0m 0.080 ms - 0[0m
[0mGET /api/product/getProductById/608 [36m304[0m 77.081 ms - -[0m
[0mGET /api/store/product/admin/getAllProductById/57 [36m304[0m 354.410 ms - -[0m
[0mOPTIONS /api/rental/bookings/57 [32m204[0m 1.286 ms - 0[0m
[0mOPTIONS /api/one-day/orders/57 [32m204[0m 0.357 ms - 0[0m
[0mGET /api/one-day/orders/57 [36m304[0m 600.241 ms - -[0m
[0mGET /api/rental/bookings/57 [36m304[0m 682.213 ms - -[0m
[0mOPTIONS /api/order/store/list/57 [32m204[0m 0.529 ms - 0[0m
[0mGET /api/order/store/list/57 [36m304[0m 255.837 ms - -[0m
[0mOPTIONS /api/one-day/orders/57 [32m204[0m 0.259 ms - 0[0m
[0mOPTIONS /api/rental/bookings/57 [32m204[0m 0.073 ms - 0[0m
[0mOPTIONS /api/store/product/admin/getAllProductById/57 [32m204[0m 0.325 ms - 0[0m
[0mOPTIONS /api/product/getProductById/608 [32m204[0m 0.184 ms - 0[0m
[0mGET /api/product/getProductById/608 [36m304[0m 2162.899 ms - -[0m
[0mGET /api/rental/bookings/57 [36m304[0m 2831.994 ms - -[0m
[0mGET /api/store/product/admin/getAllProductById/57 [36m304[0m 2630.455 ms - -[0m
[0mGET /api/one-day/orders/57 [36m304[0m 2890.145 ms - -[0m
[0mOPTIONS /api/order/store/list/57 [32m204[0m 0.999 ms - 0[0m
[0mGET /api/order/store/list/57 [36m304[0m 56.768 ms - -[0m
[0mOPTIONS /api/rental/bookings/57 [32m204[0m 0.623 ms - 0[0m
[0mOPTIONS /api/one-day/orders/57 [32m204[0m 0.258 ms - 0[0m
[0mGET /api/rental/bookings/57 [36m304[0m 284.431 ms - -[0m
[0mGET /api/one-day/orders/57 [36m304[0m 342.471 ms - -[0m
[0mOPTIONS /api/order/store/list/57 [32m204[0m 0.186 ms - 0[0m
[0mGET /api/order/store/list/57 [36m304[0m 59.460 ms - -[0m
[0mOPTIONS /api/store/product/admin/getAllProductById/57 [32m204[0m 0.203 ms - 0[0m
[0mOPTIONS /api/product/getProductById/608 [32m204[0m 0.068 ms - 0[0m
[0mGET /api/product/getProductById/608 [36m304[0m 71.215 ms - -[0m
[0mGET /api/store/product/admin/getAllProductById/57 [36m304[0m 188.997 ms - -[0m
[0mOPTIONS /api/rental/bookings/57 [32m204[0m 0.446 ms - 0[0m
[0mOPTIONS /api/one-day/orders/57 [32m204[0m 0.441 ms - 0[0m
[0mGET /api/rental/bookings/57 [36m304[0m 721.594 ms - -[0m
[0mOPTIONS /api/order/store/list/57 [32m204[0m 0.262 ms - 0[0m
[0mGET /api/one-day/orders/57 [36m304[0m 2061.707 ms - -[0m
[0mGET /api/order/store/list/57 [36m304[0m 164.043 ms - -[0m
[0mOPTIONS /api/store/product/admin/getAllProductById/57 [32m204[0m 0.239 ms - 0[0m
[0mOPTIONS /api/product/getProductById/608 [32m204[0m 0.084 ms - 0[0m
[0mGET /api/product/getProductById/608 [36m304[0m 249.155 ms - -[0m
[0mGET /api/product/getProductById/608 [36m304[0m 152.993 ms - -[0m
[0mGET /api/store/product/admin/getAllProductById/57 [36m304[0m 1722.406 ms - -[0m
[0mOPTIONS /api/rental/bookings/57 [32m204[0m 0.751 ms - 0[0m
[0mGET /api/rental/bookings/57 [36m304[0m 854.688 ms - -[0m
[0mOPTIONS /api/one-day/orders/57 [32m204[0m 0.354 ms - 0[0m
[0mOPTIONS /api/order/store/list/57 [32m204[0m 0.324 ms - 0[0m
[0mGET /api/order/store/list/57 [36m304[0m 1111.062 ms - -[0m
[0mGET /api/one-day/orders/57 [36m304[0m 1517.143 ms - -[0m
[0mOPTIONS /api/store/product/admin/getAllProductById/57 [32m204[0m 0.207 ms - 0[0m
[0mOPTIONS /api/product/getProductById/608 [32m204[0m 0.093 ms - 0[0m
[0mGET /api/product/getProductById/608 [36m304[0m 71.652 ms - -[0m
[0mGET /api/store/product/admin/getAllProductById/57 [36m304[0m 199.989 ms - -[0m
[0mOPTIONS /api/rental/bookings/57 [32m204[0m 0.283 ms - 0[0m
[0mGET /api/rental/bookings/57 [36m304[0m 250.676 ms - -[0m
[0mOPTIONS /api/order/store/list/57 [32m204[0m 0.424 ms - 0[0m
[0mOPTIONS /api/one-day/orders/57 [32m204[0m 0.213 ms - 0[0m
[0mGET /api/order/store/list/57 [36m304[0m 85.032 ms - -[0m
[0mGET /api/one-day/orders/57 [36m304[0m 849.359 ms - -[0m
[0mOPTIONS /api/rental/bookings/57 [32m204[0m 0.662 ms - 0[0m
[0mOPTIONS /api/order/store/list/57 [32m204[0m 0.388 ms - 0[0m
[0mOPTIONS /api/one-day/orders/57 [32m204[0m 0.398 ms - 0[0m
[0mGET /api/order/store/list/57 [36m304[0m 1467.003 ms - -[0m
[0mGET /api/rental/bookings/57 [36m304[0m 8669.852 ms - -[0m
[0mGET /api/one-day/orders/57 [36m304[0m 5958.215 ms - -[0m
[0mOPTIONS /api/order/store/list/57 [32m204[0m 0.401 ms - 0[0m
[0mGET /api/order/store/list/57 [36m304[0m 190.272 ms - -[0m
[0mOPTIONS /api/rental/bookings/57 [32m204[0m 0.519 ms - 0[0m
[0mOPTIONS /api/one-day/orders/57 [32m204[0m 0.425 ms - 0[0m
[0mGET /api/rental/bookings/57 [36m304[0m 273.363 ms - -[0m
[0mGET /api/one-day/orders/57 [36m304[0m 341.756 ms - -[0m
[0mOPTIONS /api/order/store/list/57 [32m204[0m 0.239 ms - 0[0m
[0mGET /api/order/store/list/57 [36m304[0m 63.225 ms - -[0m
[0mOPTIONS /api/rental/bookings/57 [32m204[0m 0.558 ms - 0[0m
[0mOPTIONS /api/one-day/orders/57 [32m204[0m 0.502 ms - 0[0m
[0mGET /api/rental/bookings/57 [36m304[0m 311.665 ms - -[0m
[0mGET /api/one-day/orders/57 [36m304[0m 351.454 ms - -[0m
[0mOPTIONS /api/order/store/list/57 [32m204[0m 0.428 ms - 0[0m
[0mGET /api/order/store/list/57 [36m304[0m 61.489 ms - -[0m
[0mOPTIONS /api/rental/bookings/57 [32m204[0m 0.445 ms - 0[0m
[0mOPTIONS /api/one-day/orders/57 [32m204[0m 0.210 ms - 0[0m
[0mGET /api/rental/bookings/57 [36m304[0m 240.835 ms - -[0m
[0mGET /api/one-day/orders/57 [36m304[0m 306.850 ms - -[0m
[0mOPTIONS /api/order/store/list/57 [32m204[0m 0.426 ms - 0[0m
[0mGET /api/order/store/list/57 [36m304[0m 65.195 ms - -[0m
[0mOPTIONS /api/rental/bookings/57 [32m204[0m 0.247 ms - 0[0m
[0mOPTIONS /api/one-day/orders/57 [32m204[0m 0.097 ms - 0[0m
[0mGET /api/rental/bookings/57 [36m304[0m 308.434 ms - -[0m
[0mGET /api/one-day/orders/57 [36m304[0m 367.665 ms - -[0m
[0mOPTIONS /api/order/store/list/57 [32m204[0m 0.500 ms - 0[0m
[0mGET /api/order/store/list/57 [36m304[0m 60.162 ms - -[0m
[0mOPTIONS /api/rental/bookings/57 [32m204[0m 0.182 ms - 0[0m
[0mOPTIONS /api/one-day/orders/57 [32m204[0m 0.101 ms - 0[0m
[0mGET /api/rental/bookings/57 [36m304[0m 242.056 ms - -[0m
[0mGET /api/one-day/orders/57 [36m304[0m 314.022 ms - -[0m
[0mOPTIONS /api/order/store/list/57 [32m204[0m 0.375 ms - 0[0m
[0mOPTIONS /api/one-day/orders/57 [32m204[0m 0.212 ms - 0[0m
[0mOPTIONS /api/rental/bookings/57 [32m204[0m 0.178 ms - 0[0m
[0mOPTIONS /api/store/menu-permissions/57 [32m204[0m 0.190 ms - 0[0m
[0mOPTIONS /api/auth/user/122 [32m204[0m 0.127 ms - 0[0m
[0mGET /api/order/store/list/57 [36m304[0m 301.508 ms - -[0m
[0mOPTIONS /api/category/getAllCategory [32m204[0m 0.339 ms - 0[0m
[0mOPTIONS /api/store/list/57 [32m204[0m 0.137 ms - 0[0m
[0mOPTIONS /api/store/product/admin/getAllProductById/57 [32m204[0m 0.113 ms - 0[0m
[0mOPTIONS /api/product/getProductById/608 [32m204[0m 0.193 ms - 0[0m
[0mGET /api/category/getAllCategory [36m304[0m 514.290 ms - -[0m
[0mGET /api/auth/user/122 [36m304[0m 988.530 ms - -[0m
[0mGET /api/product/getProductById/608 [36m304[0m 113.210 ms - -[0m
[0mGET /api/rental/bookings/57 [36m304[0m 1109.233 ms - -[0m
[0mGET /api/store/menu-permissions/57 [36m304[0m 1104.911 ms - -[0m
[0mGET /api/one-day/orders/57 [36m304[0m 1257.030 ms - -[0m
[0mGET /api/store/list/57 [36m304[0m 795.385 ms - -[0m
[0mGET /api/store/product/admin/getAllProductById/57 [36m304[0m 295.475 ms - -[0m
[0mOPTIONS /api/order/store/list/57 [32m204[0m 0.337 ms - 0[0m
[0mGET /api/order/store/list/57 [36m304[0m 332.945 ms - -[0m
[0mOPTIONS /api/rental/bookings/57 [32m204[0m 0.395 ms - 0[0m
[0mOPTIONS /api/one-day/orders/57 [32m204[0m 0.183 ms - 0[0m
[0mGET /api/rental/bookings/57 [36m304[0m 940.706 ms - -[0m
[0mGET /api/one-day/orders/57 [36m304[0m 1165.050 ms - -[0m
[0mOPTIONS /api/order/store/list/57 [32m204[0m 0.268 ms - 0[0m
[0mGET /api/order/store/list/57 [36m304[0m 94.340 ms - -[0m
[0mOPTIONS /api/rental/bookings/57 [32m204[0m 1.133 ms - 0[0m
[0mGET /api/rental/bookings/57 [36m304[0m 305.644 ms - -[0m
[0mOPTIONS /api/one-day/orders/57 [32m204[0m 0.386 ms - 0[0m
[0mGET /api/one-day/orders/57 [36m304[0m 353.326 ms - -[0m
[0mOPTIONS /api/order/store/list/57 [32m204[0m 0.267 ms - 0[0m
[0mOPTIONS /api/rental/bookings/57 [32m204[0m 0.402 ms - 0[0m
[0mOPTIONS /api/one-day/orders/57 [32m204[0m 0.324 ms - 0[0m
[0mGET /api/order/store/list/57 [36m304[0m 2592.499 ms - -[0m
[0mGET /api/rental/bookings/57 [36m304[0m 2463.397 ms - -[0m
[0mGET /api/one-day/orders/57 [36m304[0m 1482.146 ms - -[0m
[0mOPTIONS /api/order/store/list/57 [32m204[0m 0.648 ms - 0[0m
[0mGET /api/order/store/list/57 [36m304[0m 75.593 ms - -[0m
[0mOPTIONS /api/rental/bookings/57 [32m204[0m 0.655 ms - 0[0m
[0mOPTIONS /api/one-day/orders/57 [32m204[0m 0.348 ms - 0[0m
[0mGET /api/rental/bookings/57 [36m304[0m 477.430 ms - -[0m
[0mGET /api/one-day/orders/57 [36m304[0m 489.194 ms - -[0m
[0mOPTIONS /api/order/store/list/57 [32m204[0m 0.423 ms - 0[0m
[0mGET /api/order/store/list/57 [36m304[0m 65.678 ms - -[0m
[0mOPTIONS /api/rental/bookings/57 [32m204[0m 0.854 ms - 0[0m
[0mOPTIONS /api/one-day/orders/57 [32m204[0m 0.469 ms - 0[0m
[0mGET /api/rental/bookings/57 [36m304[0m 324.546 ms - -[0m
[0mGET /api/one-day/orders/57 [36m304[0m 391.599 ms - -[0m
[0mOPTIONS /api/order/store/list/57 [32m204[0m 0.737 ms - 0[0m
[0mGET /api/order/store/list/57 [36m304[0m 66.805 ms - -[0m
[0mOPTIONS /api/rental/bookings/57 [32m204[0m 0.805 ms - 0[0m
[0mOPTIONS /api/one-day/orders/57 [32m204[0m 0.366 ms - 0[0m
[0mGET /api/rental/bookings/57 [36m304[0m 271.118 ms - -[0m
[0mGET /api/one-day/orders/57 [36m304[0m 355.858 ms - -[0m
[0mOPTIONS /api/order/store/list/57 [32m204[0m 0.654 ms - 0[0m
[0mGET /api/order/store/list/57 [36m304[0m 65.863 ms - -[0m
[0mOPTIONS /api/rental/bookings/57 [32m204[0m 0.709 ms - 0[0m
[0mOPTIONS /api/one-day/orders/57 [32m204[0m 0.836 ms - 0[0m
[0mGET /api/rental/bookings/57 [36m304[0m 272.497 ms - -[0m
[0mGET /api/one-day/orders/57 [36m304[0m 321.435 ms - -[0m
[0mOPTIONS /api/order/store/list/57 [32m204[0m 1.923 ms - 0[0m
[0mGET /api/order/store/list/57 [36m304[0m 64.508 ms - -[0m
[0mOPTIONS /api/rental/bookings/57 [32m204[0m 0.499 ms - 0[0m
[0mGET /api/rental/bookings/57 [36m304[0m 251.244 ms - -[0m
[0mOPTIONS /api/one-day/orders/57 [32m204[0m 0.425 ms - 0[0m
[0mGET /api/one-day/orders/57 [36m304[0m 312.863 ms - -[0m
[0mOPTIONS /api/order/store/list/57 [32m204[0m 0.562 ms - 0[0m
[0mGET /api/order/store/list/57 [36m304[0m 77.161 ms - -[0m
[0mOPTIONS /api/rental/bookings/57 [32m204[0m 0.499 ms - 0[0m
[0mGET /api/rental/bookings/57 [36m304[0m 308.585 ms - -[0m
[0mOPTIONS /api/one-day/orders/57 [32m204[0m 0.722 ms - 0[0m
[0mGET /api/one-day/orders/57 [36m304[0m 357.326 ms - -[0m
[0mOPTIONS /api/order/store/list/57 [32m204[0m 0.468 ms - 0[0m
[0mGET /api/order/store/list/57 [36m304[0m 63.713 ms - -[0m
[0mOPTIONS /api/rental/bookings/57 [32m204[0m 0.376 ms - 0[0m
[0mGET /api/rental/bookings/57 [36m304[0m 251.595 ms - -[0m
[0mOPTIONS /api/one-day/orders/57 [32m204[0m 0.358 ms - 0[0m
[0mGET /api/one-day/orders/57 [36m304[0m 323.916 ms - -[0m
[0mOPTIONS /api/order/store/list/57 [32m204[0m 0.632 ms - 0[0m
[0mGET /api/order/store/list/57 [36m304[0m 63.296 ms - -[0m
[0mOPTIONS /api/rental/bookings/57 [32m204[0m 0.536 ms - 0[0m
[0mGET /api/rental/bookings/57 [36m304[0m 258.951 ms - -[0m
[0mOPTIONS /api/one-day/orders/57 [32m204[0m 0.563 ms - 0[0m
[0mGET /api/one-day/orders/57 [36m304[0m 331.830 ms - -[0m
[0mOPTIONS /api/order/store/list/57 [32m204[0m 0.431 ms - 0[0m
[0mGET /api/order/store/list/57 [36m304[0m 78.215 ms - -[0m
[0mOPTIONS /api/rental/bookings/57 [32m204[0m 0.727 ms - 0[0m
[0mGET /api/rental/bookings/57 [36m304[0m 261.042 ms - -[0m
[0mOPTIONS /api/one-day/orders/57 [32m204[0m 0.329 ms - 0[0m
[0mGET /api/one-day/orders/57 [36m304[0m 336.762 ms - -[0m
[0mOPTIONS /api/order/store/list/57 [32m204[0m 0.765 ms - 0[0m
[0mGET /api/order/store/list/57 [36m304[0m 60.947 ms - -[0m
[0mOPTIONS /api/rental/bookings/57 [32m204[0m 0.456 ms - 0[0m
[0mGET /api/rental/bookings/57 [36m304[0m 257.587 ms - -[0m
[0mOPTIONS /api/one-day/orders/57 [32m204[0m 0.327 ms - 0[0m
[0mGET /api/one-day/orders/57 [36m304[0m 314.403 ms - -[0m
[0mOPTIONS /api/order/store/list/57 [32m204[0m 0.533 ms - 0[0m
[0mGET /api/order/store/list/57 [36m304[0m 62.505 ms - -[0m
[0mOPTIONS /api/rental/bookings/57 [32m204[0m 0.330 ms - 0[0m
[0mGET /api/rental/bookings/57 [36m304[0m 275.152 ms - -[0m
[0mOPTIONS /api/one-day/orders/57 [32m204[0m 0.788 ms - 0[0m
[0mGET /api/one-day/orders/57 [36m304[0m 336.331 ms - -[0m
[0mOPTIONS /api/order/store/list/57 [32m204[0m 0.926 ms - 0[0m
[0mGET /api/order/store/list/57 [36m304[0m 71.980 ms - -[0m
[0mOPTIONS /api/rental/bookings/57 [32m204[0m 0.442 ms - 0[0m
[0mGET /api/rental/bookings/57 [36m304[0m 269.254 ms - -[0m
[0mOPTIONS /api/one-day/orders/57 [32m204[0m 0.411 ms - 0[0m
[0mGET /api/one-day/orders/57 [36m304[0m 327.540 ms - -[0m
[0mOPTIONS /api/order/store/list/57 [32m204[0m 1.228 ms - 0[0m
[0mGET /api/order/store/list/57 [36m304[0m 77.922 ms - -[0m
[0mOPTIONS /api/rental/bookings/57 [32m204[0m 0.506 ms - 0[0m
[0mGET /api/rental/bookings/57 [36m304[0m 276.471 ms - -[0m
[0mOPTIONS /api/one-day/orders/57 [32m204[0m 0.508 ms - 0[0m
[0mGET /api/one-day/orders/57 [36m304[0m 665.178 ms - -[0m
[0mOPTIONS /api/order/store/list/57 [32m204[0m 0.367 ms - 0[0m
[0mGET /api/order/store/list/57 [36m304[0m 89.740 ms - -[0m
[0mOPTIONS /api/rental/bookings/57 [32m204[0m 0.722 ms - 0[0m
[0mGET /api/rental/bookings/57 [36m304[0m 280.860 ms - -[0m
[0mOPTIONS /api/one-day/orders/57 [32m204[0m 0.402 ms - 0[0m
[0mGET /api/one-day/orders/57 [36m304[0m 316.322 ms - -[0m
[0mOPTIONS /api/order/store/list/57 [32m204[0m 0.550 ms - 0[0m
[0mGET /api/order/store/list/57 [36m304[0m 89.804 ms - -[0m
[0mOPTIONS /api/rental/bookings/57 [32m204[0m 0.664 ms - 0[0m
[0mGET /api/rental/bookings/57 [36m304[0m 300.468 ms - -[0m
[0mOPTIONS /api/one-day/orders/57 [32m204[0m 0.318 ms - 0[0m
[0mGET /api/one-day/orders/57 [36m304[0m 327.354 ms - -[0m
[0mOPTIONS /api/order/store/list/57 [32m204[0m 0.483 ms - 0[0m
[0mGET /api/order/store/list/57 [36m304[0m 92.547 ms - -[0m
[0mOPTIONS /api/rental/bookings/57 [32m204[0m 0.552 ms - 0[0m
[0mGET /api/rental/bookings/57 [36m304[0m 280.286 ms - -[0m
[0mOPTIONS /api/one-day/orders/57 [32m204[0m 0.929 ms - 0[0m
[0mGET /api/one-day/orders/57 [36m304[0m 316.750 ms - -[0m
[0mOPTIONS /api/order/store/list/57 [32m204[0m 0.159 ms - 0[0m
[0mGET /api/order/store/list/57 [36m304[0m 93.856 ms - -[0m
[0mOPTIONS /api/rental/bookings/57 [32m204[0m 0.321 ms - 0[0m
[0mGET /api/rental/bookings/57 [36m304[0m 273.355 ms - -[0m
[0mOPTIONS /api/one-day/orders/57 [32m204[0m 0.362 ms - 0[0m
[0mGET /api/one-day/orders/57 [36m304[0m 328.147 ms - -[0m
[0mOPTIONS /api/order/store/list/57 [32m204[0m 5.902 ms - 0[0m
[0mGET /api/order/store/list/57 [36m304[0m 96.355 ms - -[0m
[0mOPTIONS /api/rental/bookings/57 [32m204[0m 0.530 ms - 0[0m
[0mGET /api/rental/bookings/57 [36m304[0m 277.360 ms - -[0m
[0mOPTIONS /api/one-day/orders/57 [32m204[0m 0.560 ms - 0[0m
[0mGET /api/one-day/orders/57 [36m304[0m 333.968 ms - -[0m
[0mOPTIONS /api/order/store/list/57 [32m204[0m 0.645 ms - 0[0m
[0mGET /api/order/store/list/57 [36m304[0m 88.321 ms - -[0m
[0mOPTIONS /api/rental/bookings/57 [32m204[0m 0.603 ms - 0[0m
[0mGET /api/rental/bookings/57 [36m304[0m 261.031 ms - -[0m
[0mOPTIONS /api/one-day/orders/57 [32m204[0m 0.590 ms - 0[0m
[0mGET /api/one-day/orders/57 [36m304[0m 648.950 ms - -[0m
[0mOPTIONS /api/order/store/list/57 [32m204[0m 0.289 ms - 0[0m
[0mGET /api/order/store/list/57 [36m304[0m 94.313 ms - -[0m
[0mOPTIONS /api/rental/bookings/57 [32m204[0m 0.581 ms - 0[0m
[0mGET /api/rental/bookings/57 [36m304[0m 363.347 ms - -[0m
[0mOPTIONS /api/one-day/orders/57 [32m204[0m 0.232 ms - 0[0m
[0mGET /api/one-day/orders/57 [36m304[0m 301.913 ms - -[0m
[0mOPTIONS /api/order/store/list/57 [32m204[0m 0.624 ms - 0[0m
[0mGET /api/order/store/list/57 [36m304[0m 80.280 ms - -[0m
[0mOPTIONS /api/rental/bookings/57 [32m204[0m 0.531 ms - 0[0m
[0mGET /api/rental/bookings/57 [36m304[0m 364.673 ms - -[0m
[0mOPTIONS /api/one-day/orders/57 [32m204[0m 0.592 ms - 0[0m
[0mGET /api/one-day/orders/57 [36m304[0m 496.591 ms - -[0m
[0mOPTIONS /api/order/store/list/57 [32m204[0m 0.546 ms - 0[0m
[0mGET /api/order/store/list/57 [36m304[0m 176.202 ms - -[0m
[0mOPTIONS /api/rental/bookings/57 [32m204[0m 0.475 ms - 0[0m
[0mGET /api/rental/bookings/57 [36m304[0m 321.746 ms - -[0m
[0mOPTIONS /api/one-day/orders/57 [32m204[0m 0.434 ms - 0[0m
[0mGET /api/one-day/orders/57 [36m304[0m 446.561 ms - -[0m
[0mOPTIONS /api/order/store/list/57 [32m204[0m 0.595 ms - 0[0m
[0mGET /api/order/store/list/57 [36m304[0m 61.892 ms - -[0m
[0mOPTIONS /api/rental/bookings/57 [32m204[0m 0.315 ms - 0[0m
[0mGET /api/rental/bookings/57 [36m304[0m 320.587 ms - -[0m
[0mOPTIONS /api/one-day/orders/57 [32m204[0m 0.338 ms - 0[0m
[0mGET /api/one-day/orders/57 [36m304[0m 322.484 ms - -[0m
[0mOPTIONS /api/order/store/list/57 [32m204[0m 0.397 ms - 0[0m
[0mGET /api/order/store/list/57 [36m304[0m 60.636 ms - -[0m
[0mOPTIONS /api/rental/bookings/57 [32m204[0m 0.712 ms - 0[0m
[0mGET /api/rental/bookings/57 [36m304[0m 292.301 ms - -[0m
[0mOPTIONS /api/one-day/orders/57 [32m204[0m 0.585 ms - 0[0m
[0mGET /api/one-day/orders/57 [36m304[0m 408.947 ms - -[0m
[0mOPTIONS /api/order/store/list/57 [32m204[0m 0.452 ms - 0[0m
[0mGET /api/order/store/list/57 [36m304[0m 70.128 ms - -[0m
[0mOPTIONS /api/rental/bookings/57 [32m204[0m 0.788 ms - 0[0m
[0mGET /api/rental/bookings/57 [36m304[0m 270.464 ms - -[0m
[0mOPTIONS /api/one-day/orders/57 [32m204[0m 0.564 ms - 0[0m
[0mGET /api/one-day/orders/57 [36m304[0m 354.904 ms - -[0m
[0mOPTIONS /api/order/store/list/57 [32m204[0m 0.484 ms - 0[0m
[0mGET /api/order/store/list/57 [36m304[0m 64.774 ms - -[0m
[0mOPTIONS /api/rental/bookings/57 [32m204[0m 0.526 ms - 0[0m
[0mGET /api/rental/bookings/57 [36m304[0m 285.096 ms - -[0m
[0mOPTIONS /api/one-day/orders/57 [32m204[0m 0.589 ms - 0[0m
[0mOPTIONS /api/order/store/list/57 [32m204[0m 0.514 ms - 0[0m
[0mGET /api/order/store/list/57 [36m304[0m 83.095 ms - -[0m
[0mGET /api/one-day/orders/57 [36m304[0m 388.102 ms - -[0m
[0mOPTIONS /api/rental/bookings/57 [32m204[0m 0.405 ms - 0[0m
[0mGET /api/rental/bookings/57 [36m304[0m 313.467 ms - -[0m
[0mOPTIONS /api/order/store/list/57 [32m204[0m 0.812 ms - 0[0m
[0mOPTIONS /api/one-day/orders/57 [32m204[0m 0.699 ms - 0[0m
[0mGET /api/order/store/list/57 [36m304[0m 113.514 ms - -[0m
[0mGET /api/one-day/orders/57 [36m304[0m 327.892 ms - -[0m
[0mOPTIONS /api/rental/bookings/57 [32m204[0m 0.475 ms - 0[0m
[0mGET /api/rental/bookings/57 [36m304[0m 254.882 ms - -[0m
[0mOPTIONS /api/order/store/list/57 [32m204[0m 0.654 ms - 0[0m
[0mGET /api/order/store/list/57 [36m304[0m 66.129 ms - -[0m
[0mOPTIONS /api/one-day/orders/57 [32m204[0m 0.577 ms - 0[0m
[0mGET /api/one-day/orders/57 [36m304[0m 426.364 ms - -[0m
[0mOPTIONS /api/rental/bookings/57 [32m204[0m 0.908 ms - 0[0m
[0mGET /api/rental/bookings/57 [36m304[0m 295.489 ms - -[0m
[0mOPTIONS /api/order/store/list/57 [32m204[0m 0.589 ms - 0[0m
[0mGET /api/order/store/list/57 [36m304[0m 103.032 ms - -[0m
[0mOPTIONS /api/one-day/orders/57 [32m204[0m 0.567 ms - 0[0m
[0mGET /api/one-day/orders/57 [36m304[0m 356.771 ms - -[0m
[0mOPTIONS /api/rental/bookings/57 [32m204[0m 0.327 ms - 0[0m
[0mGET /api/rental/bookings/57 [36m304[0m 305.605 ms - -[0m
[0mOPTIONS /api/order/store/list/57 [32m204[0m 0.523 ms - 0[0m
[0mGET /api/order/store/list/57 [36m304[0m 85.260 ms - -[0m
[0mOPTIONS /api/one-day/orders/57 [32m204[0m 0.608 ms - 0[0m
[0mGET /api/one-day/orders/57 [36m304[0m 389.945 ms - -[0m
[0mOPTIONS /api/rental/bookings/57 [32m204[0m 0.422 ms - 0[0m
[0mGET /api/rental/bookings/57 [36m304[0m 275.861 ms - -[0m
[0mOPTIONS /api/order/store/list/57 [32m204[0m 0.550 ms - 0[0m
[0mGET /api/order/store/list/57 [36m304[0m 87.290 ms - -[0m
[0mOPTIONS /api/one-day/orders/57 [32m204[0m 0.469 ms - 0[0m
[0mGET /api/one-day/orders/57 [36m304[0m 329.871 ms - -[0m
[0mOPTIONS /api/rental/bookings/57 [32m204[0m 0.573 ms - 0[0m
[0mGET /api/rental/bookings/57 [36m304[0m 260.612 ms - -[0m
[0mOPTIONS /api/order/store/list/57 [32m204[0m 0.675 ms - 0[0m
[0mGET /api/order/store/list/57 [36m304[0m 89.453 ms - -[0m
[0mOPTIONS /api/one-day/orders/57 [32m204[0m 0.408 ms - 0[0m
[0mGET /api/one-day/orders/57 [36m304[0m 319.588 ms - -[0m
[0mOPTIONS /api/rental/bookings/57 [32m204[0m 0.396 ms - 0[0m
[0mGET /api/rental/bookings/57 [36m304[0m 264.277 ms - -[0m
[0mOPTIONS /api/order/store/list/57 [32m204[0m 0.639 ms - 0[0m
[0mGET /api/order/store/list/57 [36m304[0m 66.879 ms - -[0m
[0mOPTIONS /api/one-day/orders/57 [32m204[0m 0.370 ms - 0[0m
[0mGET /api/one-day/orders/57 [36m304[0m 327.102 ms - -[0m
[0mOPTIONS /api/rental/bookings/57 [32m204[0m 0.551 ms - 0[0m
[0mGET /api/rental/bookings/57 [36m304[0m 246.687 ms - -[0m
[0mOPTIONS /api/order/store/list/57 [32m204[0m 0.399 ms - 0[0m
[0mGET /api/order/store/list/57 [36m304[0m 58.433 ms - -[0m
[0mOPTIONS /api/one-day/orders/57 [32m204[0m 0.400 ms - 0[0m
[0mGET /api/one-day/orders/57 [36m304[0m 331.485 ms - -[0m
[0mOPTIONS /api/rental/bookings/57 [32m204[0m 0.584 ms - 0[0m
[0mGET /api/rental/bookings/57 [36m304[0m 309.550 ms - -[0m
[0mOPTIONS /api/order/store/list/57 [32m204[0m 0.870 ms - 0[0m
[0mGET /api/order/store/list/57 [36m304[0m 60.625 ms - -[0m
[0mOPTIONS /api/one-day/orders/57 [32m204[0m 0.815 ms - 0[0m
[0mGET /api/one-day/orders/57 [36m304[0m 321.992 ms - -[0m
[0mOPTIONS /api/rental/bookings/57 [32m204[0m 0.551 ms - 0[0m
[0mGET /api/rental/bookings/57 [36m304[0m 271.282 ms - -[0m
[0mOPTIONS /api/order/store/list/57 [32m204[0m 0.469 ms - 0[0m
[0mGET /api/order/store/list/57 [36m304[0m 65.703 ms - -[0m
[0mOPTIONS /api/one-day/orders/57 [32m204[0m 0.732 ms - 0[0m
[0mGET /api/one-day/orders/57 [36m304[0m 293.281 ms - -[0m
[0mOPTIONS /api/rental/bookings/57 [32m204[0m 0.688 ms - 0[0m
[0mGET /api/rental/bookings/57 [36m304[0m 268.497 ms - -[0m
[0mOPTIONS /api/order/store/list/57 [32m204[0m 0.581 ms - 0[0m
[0mGET /api/order/store/list/57 [36m304[0m 60.435 ms - -[0m
[0mOPTIONS /api/one-day/orders/57 [32m204[0m 0.739 ms - 0[0m
[0mGET /api/one-day/orders/57 [36m304[0m 315.119 ms - -[0m
[0mOPTIONS /api/rental/bookings/57 [32m204[0m 0.583 ms - 0[0m
[0mGET /api/rental/bookings/57 [36m304[0m 288.113 ms - -[0m
[0mOPTIONS /api/order/store/list/57 [32m204[0m 0.570 ms - 0[0m
[0mGET /api/order/store/list/57 [36m304[0m 84.416 ms - -[0m
[0mOPTIONS /api/one-day/orders/57 [32m204[0m 0.620 ms - 0[0m
[0mGET /api/one-day/orders/57 [36m304[0m 355.258 ms - -[0m
[0mOPTIONS /api/rental/bookings/57 [32m204[0m 0.406 ms - 0[0m
[0mOPTIONS /api/order/store/list/57 [32m204[0m 0.431 ms - 0[0m
[0mGET /api/rental/bookings/57 [36m304[0m 331.840 ms - -[0m
[0mGET /api/order/store/list/57 [36m304[0m 107.064 ms - -[0m
[0mOPTIONS /api/one-day/orders/57 [32m204[0m 0.545 ms - 0[0m
[0mGET /api/one-day/orders/57 [36m304[0m 407.378 ms - -[0m
[0mOPTIONS /api/rental/bookings/57 [32m204[0m 0.834 ms - 0[0m
[0mOPTIONS /api/order/store/list/57 [32m204[0m 0.336 ms - 0[0m
[0mGET /api/order/store/list/57 [36m304[0m 62.534 ms - -[0m
[0mGET /api/rental/bookings/57 [36m304[0m 258.057 ms - -[0m
[0mOPTIONS /api/one-day/orders/57 [32m204[0m 0.462 ms - 0[0m
[0mGET /api/one-day/orders/57 [36m304[0m 308.029 ms - -[0m
[0mOPTIONS /api/order/store/list/57 [32m204[0m 0.595 ms - 0[0m
[0mGET /api/order/store/list/57 [36m304[0m 58.313 ms - -[0m
[0mOPTIONS /api/rental/bookings/57 [32m204[0m 0.888 ms - 0[0m
[0mGET /api/rental/bookings/57 [36m304[0m 313.033 ms - -[0m
[0mOPTIONS /api/one-day/orders/57 [32m204[0m 0.372 ms - 0[0m
[0mGET /api/one-day/orders/57 [36m304[0m 342.129 ms - -[0m
[0mOPTIONS /api/order/store/list/57 [32m204[0m 0.607 ms - 0[0m
[0mGET /api/order/store/list/57 [36m304[0m 59.879 ms - -[0m
[0mOPTIONS /api/rental/bookings/57 [32m204[0m 0.402 ms - 0[0m
[0mGET /api/rental/bookings/57 [36m304[0m 262.552 ms - -[0m
[0mOPTIONS /api/one-day/orders/57 [32m204[0m 0.470 ms - 0[0m
[0mGET /api/one-day/orders/57 [36m304[0m 363.099 ms - -[0m
[0mOPTIONS /api/order/store/list/57 [32m204[0m 0.523 ms - 0[0m
[0mGET /api/order/store/list/57 [36m304[0m 68.275 ms - -[0m
[0mOPTIONS /api/rental/bookings/57 [32m204[0m 0.542 ms - 0[0m
[0mGET /api/rental/bookings/57 [36m304[0m 251.070 ms - -[0m
[0mOPTIONS /api/one-day/orders/57 [32m204[0m 0.609 ms - 0[0m
[0mGET /api/one-day/orders/57 [36m304[0m 308.312 ms - -[0m
[0mOPTIONS /api/order/store/list/57 [32m204[0m 0.646 ms - 0[0m
[0mGET /api/order/store/list/57 [36m304[0m 62.093 ms - -[0m
[0mOPTIONS /api/rental/bookings/57 [32m204[0m 0.737 ms - 0[0m
[0mGET /api/rental/bookings/57 [36m304[0m 245.234 ms - -[0m
[0mOPTIONS /api/one-day/orders/57 [32m204[0m 0.937 ms - 0[0m
[0mGET /api/one-day/orders/57 [36m304[0m 336.262 ms - -[0m
[0mOPTIONS /api/order/store/list/57 [32m204[0m 0.616 ms - 0[0m
[0mGET /api/order/store/list/57 [36m304[0m 63.176 ms - -[0m
[0mOPTIONS /api/rental/bookings/57 [32m204[0m 0.632 ms - 0[0m
[0mGET /api/rental/bookings/57 [36m304[0m 269.350 ms - -[0m
[0mOPTIONS /api/one-day/orders/57 [32m204[0m 0.648 ms - 0[0m
[0mGET /api/one-day/orders/57 [36m304[0m 320.592 ms - -[0m
[0mOPTIONS /api/order/store/list/57 [32m204[0m 0.457 ms - 0[0m
[0mGET /api/order/store/list/57 [36m304[0m 60.674 ms - -[0m
[0mOPTIONS /api/rental/bookings/57 [32m204[0m 0.759 ms - 0[0m
[0mGET /api/rental/bookings/57 [36m304[0m 246.928 ms - -[0m
[0mOPTIONS /api/one-day/orders/57 [32m204[0m 0.638 ms - 0[0m
[0mGET /api/one-day/orders/57 [36m304[0m 328.700 ms - -[0m
[0mOPTIONS /api/order/store/list/57 [32m204[0m 0.412 ms - 0[0m
[0mGET /api/order/store/list/57 [36m304[0m 68.368 ms - -[0m
[0mOPTIONS /api/rental/bookings/57 [32m204[0m 1.088 ms - 0[0m
[0mGET /api/rental/bookings/57 [36m304[0m 238.978 ms - -[0m
[0mOPTIONS /api/one-day/orders/57 [32m204[0m 0.493 ms - 0[0m
[0mGET /api/one-day/orders/57 [36m304[0m 323.027 ms - -[0m
[0mOPTIONS /api/order/store/list/57 [32m204[0m 0.856 ms - 0[0m
[0mGET /api/order/store/list/57 [36m304[0m 64.363 ms - -[0m
[0mOPTIONS /api/rental/bookings/57 [32m204[0m 0.474 ms - 0[0m
[0mGET /api/rental/bookings/57 [36m304[0m 268.264 ms - -[0m
[0mOPTIONS /api/one-day/orders/57 [32m204[0m 0.733 ms - 0[0m
[0mGET /api/one-day/orders/57 [36m304[0m 325.989 ms - -[0m
[0mOPTIONS /api/order/store/list/57 [32m204[0m 0.871 ms - 0[0m
[0mGET /api/order/store/list/57 [36m304[0m 62.656 ms - -[0m
[0mOPTIONS /api/rental/bookings/57 [32m204[0m 0.803 ms - 0[0m
[0mGET /api/rental/bookings/57 [36m304[0m 248.499 ms - -[0m
[0mOPTIONS /api/one-day/orders/57 [32m204[0m 0.318 ms - 0[0m
[0mGET /api/one-day/orders/57 [36m304[0m 336.729 ms - -[0m
[0mOPTIONS /api/order/store/list/57 [32m204[0m 0.344 ms - 0[0m
[0mGET /api/order/store/list/57 [36m304[0m 58.533 ms - -[0m
[0mOPTIONS /api/rental/bookings/57 [32m204[0m 0.682 ms - 0[0m
[0mGET /api/rental/bookings/57 [36m304[0m 263.227 ms - -[0m
[0mOPTIONS /api/one-day/orders/57 [32m204[0m 0.656 ms - 0[0m
[0mGET /api/one-day/orders/57 [36m304[0m 324.147 ms - -[0m
[0mOPTIONS /api/order/store/list/57 [32m204[0m 1.004 ms - 0[0m
[0mGET /api/order/store/list/57 [36m304[0m 94.667 ms - -[0m
[0mOPTIONS /api/rental/bookings/57 [32m204[0m 0.439 ms - 0[0m
[0mGET /api/rental/bookings/57 [36m304[0m 265.545 ms - -[0m
[0mOPTIONS /api/one-day/orders/57 [32m204[0m 0.394 ms - 0[0m
[0mGET /api/one-day/orders/57 [36m304[0m 327.427 ms - -[0m
[0mOPTIONS /api/order/store/list/57 [32m204[0m 0.588 ms - 0[0m
[0mGET /api/order/store/list/57 [36m304[0m 80.120 ms - -[0m
[0mOPTIONS /api/rental/bookings/57 [32m204[0m 0.801 ms - 0[0m
[0mGET /api/rental/bookings/57 [36m304[0m 508.189 ms - -[0m
[0mOPTIONS /api/one-day/orders/57 [32m204[0m 0.600 ms - 0[0m
[0mGET /api/one-day/orders/57 [36m304[0m 321.513 ms - -[0m
[0mOPTIONS /api/order/store/list/57 [32m204[0m 0.520 ms - 0[0m
[0mGET /api/order/store/list/57 [36m304[0m 89.812 ms - -[0m
[0mOPTIONS /api/rental/bookings/57 [32m204[0m 0.723 ms - 0[0m
[0mGET /api/rental/bookings/57 [36m304[0m 271.993 ms - -[0m
[0mOPTIONS /api/one-day/orders/57 [32m204[0m 0.753 ms - 0[0m
[0mGET /api/one-day/orders/57 [36m304[0m 299.842 ms - -[0m
[0mOPTIONS /api/order/store/list/57 [32m204[0m 0.881 ms - 0[0m
[0mGET /api/order/store/list/57 [36m304[0m 87.641 ms - -[0m
[0mOPTIONS /api/rental/bookings/57 [32m204[0m 0.777 ms - 0[0m
[0mGET /api/rental/bookings/57 [36m304[0m 422.385 ms - -[0m
[0mOPTIONS /api/one-day/orders/57 [32m204[0m 0.387 ms - 0[0m
[0mGET /api/one-day/orders/57 [36m304[0m 430.871 ms - -[0m
[0mOPTIONS /api/order/store/list/57 [32m204[0m 0.697 ms - 0[0m
[0mGET /api/order/store/list/57 [36m304[0m 76.510 ms - -[0m
[0mOPTIONS /api/rental/bookings/57 [32m204[0m 0.939 ms - 0[0m
[0mGET /api/rental/bookings/57 [36m304[0m 252.605 ms - -[0m
[0mOPTIONS /api/one-day/orders/57 [32m204[0m 0.471 ms - 0[0m
[0mOPTIONS /api/order/store/list/57 [32m204[0m 4.749 ms - 0[0m
[0mGET /api/order/store/list/57 [36m304[0m 64.542 ms - -[0m
[0mGET /api/one-day/orders/57 [36m304[0m 413.287 ms - -[0m
[0mOPTIONS /api/rental/bookings/57 [32m204[0m 0.729 ms - 0[0m
[0mGET /api/rental/bookings/57 [36m304[0m 245.768 ms - -[0m
[0mOPTIONS /api/order/store/list/57 [32m204[0m 0.788 ms - 0[0m
[0mOPTIONS /api/one-day/orders/57 [32m204[0m 0.469 ms - 0[0m
[0mGET /api/order/store/list/57 [36m304[0m 60.562 ms - -[0m
[0mGET /api/one-day/orders/57 [36m304[0m 300.572 ms - -[0m
[0mOPTIONS /api/rental/bookings/57 [32m204[0m 0.656 ms - 0[0m
[0mGET /api/rental/bookings/57 [36m304[0m 275.750 ms - -[0m
[0mOPTIONS /api/order/store/list/57 [32m204[0m 0.646 ms - 0[0m
[0mGET /api/order/store/list/57 [36m304[0m 68.360 ms - -[0m
[0mOPTIONS /api/one-day/orders/57 [32m204[0m 0.636 ms - 0[0m
[0mGET /api/one-day/orders/57 [36m304[0m 333.309 ms - -[0m
[0mOPTIONS /api/rental/bookings/57 [32m204[0m 0.358 ms - 0[0m
[0mGET /api/rental/bookings/57 [36m304[0m 266.580 ms - -[0m
[0mOPTIONS /api/order/store/list/57 [32m204[0m 0.588 ms - 0[0m
[0mGET /api/order/store/list/57 [36m304[0m 68.107 ms - -[0m
[0mOPTIONS /api/one-day/orders/57 [32m204[0m 0.598 ms - 0[0m
[0mGET /api/one-day/orders/57 [36m304[0m 317.974 ms - -[0m
[0mOPTIONS /api/rental/bookings/57 [32m204[0m 6.524 ms - 0[0m
[0mGET /api/rental/bookings/57 [36m304[0m 257.306 ms - -[0m
[0mOPTIONS /api/order/store/list/57 [32m204[0m 0.361 ms - 0[0m
[0mGET /api/order/store/list/57 [36m304[0m 61.259 ms - -[0m
[0mOPTIONS /api/one-day/orders/57 [32m204[0m 0.439 ms - 0[0m
[0mGET /api/one-day/orders/57 [36m304[0m 298.804 ms - -[0m
[0mOPTIONS /api/rental/bookings/57 [32m204[0m 0.213 ms - 0[0m
[0mGET /api/rental/bookings/57 [36m304[0m 246.351 ms - -[0m
[0mOPTIONS /api/order/store/list/57 [32m204[0m 0.552 ms - 0[0m
[0mGET /api/order/store/list/57 [36m304[0m 57.697 ms - -[0m
[0mOPTIONS /api/one-day/orders/57 [32m204[0m 0.700 ms - 0[0m
[0mGET /api/one-day/orders/57 [36m304[0m 317.042 ms - -[0m
[0mOPTIONS /api/rental/bookings/57 [32m204[0m 0.609 ms - 0[0m
[0mGET /api/rental/bookings/57 [36m304[0m 242.627 ms - -[0m
[0mOPTIONS /api/order/store/list/57 [32m204[0m 0.464 ms - 0[0m
[0mGET /api/order/store/list/57 [36m304[0m 57.795 ms - -[0m
[0mOPTIONS /api/one-day/orders/57 [32m204[0m 0.743 ms - 0[0m
[0mGET /api/one-day/orders/57 [36m304[0m 322.654 ms - -[0m
[0mOPTIONS /api/rental/bookings/57 [32m204[0m 0.430 ms - 0[0m
[0mGET /api/rental/bookings/57 [36m304[0m 261.631 ms - -[0m
[0mOPTIONS /api/order/store/list/57 [32m204[0m 0.745 ms - 0[0m
[0mGET /api/order/store/list/57 [36m304[0m 62.040 ms - -[0m
[0mOPTIONS /api/one-day/orders/57 [32m204[0m 0.543 ms - 0[0m
[0mGET /api/one-day/orders/57 [36m304[0m 326.592 ms - -[0m
[0mOPTIONS /api/rental/bookings/57 [32m204[0m 3.891 ms - 0[0m
[0mGET /api/rental/bookings/57 [36m304[0m 249.024 ms - -[0m
[0mOPTIONS /api/order/store/list/57 [32m204[0m 0.382 ms - 0[0m
[0mGET /api/order/store/list/57 [36m304[0m 59.350 ms - -[0m
[0mOPTIONS /api/one-day/orders/57 [32m204[0m 0.735 ms - 0[0m
[0mGET /api/one-day/orders/57 [36m304[0m 320.285 ms - -[0m
[0mOPTIONS /api/rental/bookings/57 [32m204[0m 0.664 ms - 0[0m
[0mGET /api/rental/bookings/57 [36m304[0m 275.387 ms - -[0m
[0mOPTIONS /api/order/store/list/57 [32m204[0m 0.385 ms - 0[0m
[0mGET /api/order/store/list/57 [36m304[0m 61.102 ms - -[0m
[0mOPTIONS /api/one-day/orders/57 [32m204[0m 0.411 ms - 0[0m
[0mGET /api/one-day/orders/57 [36m304[0m 339.601 ms - -[0m
[0mOPTIONS /api/rental/bookings/57 [32m204[0m 0.573 ms - 0[0m
[0mGET /api/rental/bookings/57 [36m304[0m 264.640 ms - -[0m
[0mOPTIONS /api/order/store/list/57 [32m204[0m 0.700 ms - 0[0m
[0mGET /api/order/store/list/57 [36m304[0m 74.102 ms - -[0m
[0mOPTIONS /api/one-day/orders/57 [32m204[0m 0.438 ms - 0[0m
[0mGET /api/one-day/orders/57 [36m304[0m 381.844 ms - -[0m
[0mOPTIONS /api/rental/bookings/57 [32m204[0m 0.816 ms - 0[0m
[0mGET /api/rental/bookings/57 [36m304[0m 264.426 ms - -[0m
[0mOPTIONS /api/order/store/list/57 [32m204[0m 0.906 ms - 0[0m
[0mGET /api/order/store/list/57 [36m304[0m 93.882 ms - -[0m
[0mOPTIONS /api/one-day/orders/57 [32m204[0m 0.696 ms - 0[0m
[0mGET /api/one-day/orders/57 [36m304[0m 330.516 ms - -[0m
[0mOPTIONS /api/rental/bookings/57 [32m204[0m 0.483 ms - 0[0m
[0mGET /api/rental/bookings/57 [36m304[0m 272.595 ms - -[0m
[0mOPTIONS /api/order/store/list/57 [32m204[0m 0.602 ms - 0[0m
[0mGET /api/order/store/list/57 [36m304[0m 77.261 ms - -[0m
[0mOPTIONS /api/one-day/orders/57 [32m204[0m 1.407 ms - 0[0m
[0mGET /api/one-day/orders/57 [36m304[0m 312.710 ms - -[0m
[0mOPTIONS /api/rental/bookings/57 [32m204[0m 0.365 ms - 0[0m
[0mGET /api/rental/bookings/57 [36m304[0m 239.741 ms - -[0m
[0mOPTIONS /api/order/store/list/57 [32m204[0m 0.471 ms - 0[0m
[0mGET /api/order/store/list/57 [36m304[0m 62.346 ms - -[0m
[0mOPTIONS /api/one-day/orders/57 [32m204[0m 0.684 ms - 0[0m
[0mGET /api/one-day/orders/57 [36m304[0m 299.439 ms - -[0m
[0mOPTIONS /api/rental/bookings/57 [32m204[0m 0.829 ms - 0[0m
[0mGET /api/rental/bookings/57 [36m304[0m 248.022 ms - -[0m
[0mOPTIONS /api/order/store/list/57 [32m204[0m 0.389 ms - 0[0m
[0mGET /api/order/store/list/57 [36m304[0m 57.767 ms - -[0m
[0mOPTIONS /api/one-day/orders/57 [32m204[0m 0.804 ms - 0[0m
[0mGET /api/one-day/orders/57 [36m304[0m 311.092 ms - -[0m
[0mOPTIONS /api/rental/bookings/57 [32m204[0m 0.646 ms - 0[0m
[0mGET /api/rental/bookings/57 [36m304[0m 252.122 ms - -[0m
[0mOPTIONS /api/order/store/list/57 [32m204[0m 0.646 ms - 0[0m
[0mGET /api/order/store/list/57 [36m304[0m 59.912 ms - -[0m
[0mOPTIONS /api/one-day/orders/57 [32m204[0m 0.553 ms - 0[0m
[0mGET /api/one-day/orders/57 [36m304[0m 322.735 ms - -[0m
[0mOPTIONS /api/rental/bookings/57 [32m204[0m 1.070 ms - 0[0m
[0mGET /api/rental/bookings/57 [36m304[0m 257.442 ms - -[0m
[0mOPTIONS /api/order/store/list/57 [32m204[0m 1.100 ms - 0[0m
[0mGET /api/order/store/list/57 [36m304[0m 59.351 ms - -[0m
[0mOPTIONS /api/one-day/orders/57 [32m204[0m 0.231 ms - 0[0m
[0mGET /api/one-day/orders/57 [36m304[0m 286.672 ms - -[0m
[0mOPTIONS /api/rental/bookings/57 [32m204[0m 0.807 ms - 0[0m
[0mGET /api/rental/bookings/57 [36m304[0m 260.065 ms - -[0m
[0mOPTIONS /api/order/store/list/57 [32m204[0m 0.586 ms - 0[0m
[0mGET /api/order/store/list/57 [36m304[0m 58.593 ms - -[0m
[0mOPTIONS /api/one-day/orders/57 [32m204[0m 0.923 ms - 0[0m
[0mGET /api/one-day/orders/57 [36m304[0m 310.669 ms - -[0m
[0mOPTIONS /api/rental/bookings/57 [32m204[0m 0.834 ms - 0[0m
[0mGET /api/rental/bookings/57 [36m304[0m 264.678 ms - -[0m
[0mOPTIONS /api/order/store/list/57 [32m204[0m 0.565 ms - 0[0m
[0mGET /api/order/store/list/57 [36m304[0m 62.731 ms - -[0m
[0mOPTIONS /api/one-day/orders/57 [32m204[0m 1.291 ms - 0[0m
[0mGET /api/one-day/orders/57 [36m304[0m 399.573 ms - -[0m
[0mOPTIONS /api/rental/bookings/57 [32m204[0m 0.689 ms - 0[0m
[0mGET /api/rental/bookings/57 [36m304[0m 245.396 ms - -[0m
[0mOPTIONS /api/order/store/list/57 [32m204[0m 0.726 ms - 0[0m
[0mGET /api/order/store/list/57 [36m304[0m 61.257 ms - -[0m
[0mOPTIONS /api/one-day/orders/57 [32m204[0m 0.926 ms - 0[0m
[0mGET /api/one-day/orders/57 [36m304[0m 314.450 ms - -[0m
[0mOPTIONS /api/rental/bookings/57 [32m204[0m 0.783 ms - 0[0m
[0mGET /api/rental/bookings/57 [36m304[0m 234.289 ms - -[0m
[0mOPTIONS /api/order/store/list/57 [32m204[0m 0.901 ms - 0[0m
[0mGET /api/order/store/list/57 [36m304[0m 61.461 ms - -[0m
[0mOPTIONS /api/one-day/orders/57 [32m204[0m 0.306 ms - 0[0m
[0mGET /api/one-day/orders/57 [36m304[0m 325.740 ms - -[0m
[0mOPTIONS /api/rental/bookings/57 [32m204[0m 0.588 ms - 0[0m
[0mGET /api/rental/bookings/57 [36m304[0m 283.184 ms - -[0m
[0mOPTIONS /api/order/store/list/57 [32m204[0m 0.615 ms - 0[0m
[0mGET /api/order/store/list/57 [36m304[0m 59.278 ms - -[0m
[0mOPTIONS /api/one-day/orders/57 [32m204[0m 0.956 ms - 0[0m
[0mGET /api/one-day/orders/57 [36m304[0m 302.413 ms - -[0m
[0mOPTIONS /api/rental/bookings/57 [32m204[0m 1.177 ms - 0[0m
[0mGET /api/rental/bookings/57 [36m304[0m 255.243 ms - -[0m
[0mOPTIONS /api/order/store/list/57 [32m204[0m 0.305 ms - 0[0m
[0mGET /api/order/store/list/57 [36m304[0m 56.807 ms - -[0m
[0mOPTIONS /api/one-day/orders/57 [32m204[0m 0.393 ms - 0[0m
[0mGET /api/one-day/orders/57 [36m304[0m 296.954 ms - -[0m
[0mOPTIONS /api/rental/bookings/57 [32m204[0m 0.539 ms - 0[0m
[0mGET /api/rental/bookings/57 [36m304[0m 239.348 ms - -[0m
[0mOPTIONS /api/order/store/list/57 [32m204[0m 0.612 ms - 0[0m
[0mGET /api/order/store/list/57 [36m304[0m 66.991 ms - -[0m
[0mOPTIONS /api/one-day/orders/57 [32m204[0m 0.725 ms - 0[0m
[0mGET /api/one-day/orders/57 [36m304[0m 324.376 ms - -[0m
[0mOPTIONS /api/rental/bookings/57 [32m204[0m 0.462 ms - 0[0m
[0mOPTIONS /api/order/store/list/57 [32m204[0m 0.597 ms - 0[0m
[0mGET /api/rental/bookings/57 [36m304[0m 250.013 ms - -[0m
[0mGET /api/order/store/list/57 [36m304[0m 118.932 ms - -[0m
[0mOPTIONS /api/one-day/orders/57 [32m204[0m 0.669 ms - 0[0m
[0mGET /api/one-day/orders/57 [36m304[0m 397.949 ms - -[0m
[0mOPTIONS /api/rental/bookings/57 [32m204[0m 0.452 ms - 0[0m
[0mOPTIONS /api/order/store/list/57 [32m204[0m 0.796 ms - 0[0m
[0mGET /api/order/store/list/57 [36m304[0m 84.874 ms - -[0m
[0mGET /api/rental/bookings/57 [36m304[0m 273.967 ms - -[0m
[0mOPTIONS /api/one-day/orders/57 [32m204[0m 0.505 ms - 0[0m
[0mGET /api/one-day/orders/57 [36m304[0m 337.250 ms - -[0m
[0mOPTIONS /api/order/store/list/57 [32m204[0m 0.430 ms - 0[0m
[0mGET /api/order/store/list/57 [36m304[0m 63.856 ms - -[0m
[0mOPTIONS /api/rental/bookings/57 [32m204[0m 0.964 ms - 0[0m
[0mGET /api/rental/bookings/57 [36m304[0m 282.159 ms - -[0m
[0mOPTIONS /api/one-day/orders/57 [32m204[0m 0.551 ms - 0[0m
[0mGET /api/one-day/orders/57 [36m304[0m 493.341 ms - -[0m
[0mOPTIONS /api/order/store/list/57 [32m204[0m 0.670 ms - 0[0m
[0mGET /api/order/store/list/57 [36m304[0m 60.576 ms - -[0m
[0mOPTIONS /api/rental/bookings/57 [32m204[0m 0.768 ms - 0[0m
[0mGET /api/rental/bookings/57 [36m304[0m 261.202 ms - -[0m
[0mOPTIONS /api/one-day/orders/57 [32m204[0m 0.330 ms - 0[0m
[0mGET /api/one-day/orders/57 [36m304[0m 508.796 ms - -[0m
[0mOPTIONS /api/order/store/list/57 [32m204[0m 0.366 ms - 0[0m
[0mGET /api/order/store/list/57 [36m304[0m 128.507 ms - -[0m
[0mOPTIONS /api/rental/bookings/57 [32m204[0m 0.465 ms - 0[0m
[0mGET /api/rental/bookings/57 [36m304[0m 345.422 ms - -[0m
[0mOPTIONS /api/one-day/orders/57 [32m204[0m 0.323 ms - 0[0m
[0mOPTIONS /api/order/store/list/57 [32m204[0m 0.623 ms - 0[0m
[0mGET /api/order/store/list/57 [36m304[0m 301.606 ms - -[0m
[0mGET /api/one-day/orders/57 [36m304[0m 1334.774 ms - -[0m
[0mOPTIONS /api/rental/bookings/57 [32m204[0m 0.559 ms - 0[0m
[0mGET /api/rental/bookings/57 [36m304[0m 788.685 ms - -[0m
[0mOPTIONS /api/order/store/list/57 [32m204[0m 0.491 ms - 0[0m
[0mGET /api/order/store/list/57 [36m304[0m 65.581 ms - -[0m
[0mOPTIONS /api/one-day/orders/57 [32m204[0m 0.561 ms - 0[0m
[0mGET /api/one-day/orders/57 [36m304[0m 340.599 ms - -[0m
[0mOPTIONS /api/rental/bookings/57 [32m204[0m 0.668 ms - 0[0m
[0mGET /api/rental/bookings/57 [36m304[0m 279.521 ms - -[0m
[0mOPTIONS /api/order/store/list/57 [32m204[0m 0.534 ms - 0[0m
[0mGET /api/order/store/list/57 [36m304[0m 60.984 ms - -[0m
[0mOPTIONS /api/one-day/orders/57 [32m204[0m 0.805 ms - 0[0m
[0mGET /api/one-day/orders/57 [36m304[0m 305.748 ms - -[0m
[0mOPTIONS /api/rental/bookings/57 [32m204[0m 0.430 ms - 0[0m
[0mGET /api/rental/bookings/57 [36m304[0m 355.157 ms - -[0m
[0mOPTIONS /api/order/store/list/57 [32m204[0m 0.631 ms - 0[0m
[0mGET /api/order/store/list/57 [36m304[0m 67.302 ms - -[0m
[0mOPTIONS /api/one-day/orders/57 [32m204[0m 0.759 ms - 0[0m
[0mGET /api/one-day/orders/57 [36m304[0m 321.146 ms - -[0m
[0mOPTIONS /api/rental/bookings/57 [32m204[0m 0.321 ms - 0[0m
[0mGET /api/rental/bookings/57 [36m304[0m 276.350 ms - -[0m
[0mOPTIONS /api/order/store/list/57 [32m204[0m 0.586 ms - 0[0m
[0mGET /api/order/store/list/57 [36m304[0m 112.698 ms - -[0m
[0mOPTIONS /api/one-day/orders/57 [32m204[0m 0.673 ms - 0[0m
[0mOPTIONS /api/rental/bookings/57 [32m204[0m 0.458 ms - 0[0m
[0mOPTIONS /api/order/store/list/57 [32m204[0m 0.371 ms - 0[0m
[0mGET /api/order/store/list/57 [36m304[0m 2805.611 ms - -[0m
[0mGET /api/rental/bookings/57 [36m304[0m 9148.118 ms - -[0m
[0mGET /api/one-day/orders/57 [36m304[0m 12678.295 ms - -[0m
[0mOPTIONS /api/order/store/list/57 [32m204[0m 0.592 ms - 0[0m
[0mGET /api/order/store/list/57 [36m304[0m 66.862 ms - -[0m
[0mOPTIONS /api/rental/bookings/57 [32m204[0m 0.514 ms - 0[0m
[0mGET /api/rental/bookings/57 [36m304[0m 885.293 ms - -[0m
[0mOPTIONS /api/one-day/orders/57 [32m204[0m 0.912 ms - 0[0m
[0mGET /api/one-day/orders/57 [36m304[0m 336.937 ms - -[0m
[0mOPTIONS /api/order/store/list/57 [32m204[0m 0.608 ms - 0[0m
[0mGET /api/order/store/list/57 [36m304[0m 58.027 ms - -[0m
[0mOPTIONS /api/rental/bookings/57 [32m204[0m 0.784 ms - 0[0m
[0mGET /api/rental/bookings/57 [36m304[0m 256.481 ms - -[0m
[0mOPTIONS /api/one-day/orders/57 [32m204[0m 0.433 ms - 0[0m
[0mGET /api/one-day/orders/57 [36m304[0m 324.639 ms - -[0m
[0mOPTIONS /api/order/store/list/57 [32m204[0m 0.474 ms - 0[0m
[0mGET /api/order/store/list/57 [36m304[0m 56.962 ms - -[0m
[0mOPTIONS /api/rental/bookings/57 [32m204[0m 0.608 ms - 0[0m
[0mGET /api/rental/bookings/57 [36m304[0m 249.635 ms - -[0m
[0mOPTIONS /api/one-day/orders/57 [32m204[0m 0.698 ms - 0[0m
[0mGET /api/one-day/orders/57 [36m304[0m 332.822 ms - -[0m
[0mOPTIONS /api/order/store/list/57 [32m204[0m 0.500 ms - 0[0m
[0mGET /api/order/store/list/57 [36m304[0m 60.321 ms - -[0m
[0mOPTIONS /api/rental/bookings/57 [32m204[0m 0.614 ms - 0[0m
[0mGET /api/rental/bookings/57 [36m304[0m 253.836 ms - -[0m
[0mOPTIONS /api/one-day/orders/57 [32m204[0m 0.509 ms - 0[0m
[0mGET /api/one-day/orders/57 [36m304[0m 331.776 ms - -[0m
[0mOPTIONS /api/order/store/list/57 [32m204[0m 0.621 ms - 0[0m
[0mGET /api/order/store/list/57 [36m304[0m 58.361 ms - -[0m
[0mOPTIONS /api/rental/bookings/57 [32m204[0m 0.581 ms - 0[0m
[0mGET /api/rental/bookings/57 [36m304[0m 256.174 ms - -[0m
[0mOPTIONS /api/one-day/orders/57 [32m204[0m 0.364 ms - 0[0m
[0mGET /api/one-day/orders/57 [36m304[0m 288.231 ms - -[0m
[0mOPTIONS /api/order/store/list/57 [32m204[0m 0.626 ms - 0[0m
[0mGET /api/order/store/list/57 [36m304[0m 60.560 ms - -[0m
[0mOPTIONS /api/rental/bookings/57 [32m204[0m 0.627 ms - 0[0m
[0mGET /api/rental/bookings/57 [36m304[0m 267.748 ms - -[0m
[0mOPTIONS /api/one-day/orders/57 [32m204[0m 0.585 ms - 0[0m
[0mGET /api/one-day/orders/57 [36m304[0m 390.083 ms - -[0m
[0mOPTIONS /api/order/store/list/57 [32m204[0m 4.354 ms - 0[0m
[0mGET /api/order/store/list/57 [36m304[0m 59.094 ms - -[0m
[0mOPTIONS /api/rental/bookings/57 [32m204[0m 0.790 ms - 0[0m
[0mGET /api/rental/bookings/57 [36m304[0m 320.234 ms - -[0m
[0mOPTIONS /api/one-day/orders/57 [32m204[0m 0.513 ms - 0[0m
[0mGET /api/one-day/orders/57 [36m304[0m 301.108 ms - -[0m
[0mOPTIONS /api/order/store/list/57 [32m204[0m 1.046 ms - 0[0m
[0mGET /api/order/store/list/57 [36m304[0m 59.628 ms - -[0m
[0mOPTIONS /api/rental/bookings/57 [32m204[0m 0.510 ms - 0[0m
[0mGET /api/rental/bookings/57 [36m304[0m 262.294 ms - -[0m
[0mOPTIONS /api/one-day/orders/57 [32m204[0m 0.521 ms - 0[0m
[0mGET /api/one-day/orders/57 [36m304[0m 336.740 ms - -[0m
[0mOPTIONS /api/order/store/list/57 [32m204[0m 0.647 ms - 0[0m
[0mGET /api/order/store/list/57 [36m304[0m 161.877 ms - -[0m
[0mOPTIONS /api/rental/bookings/57 [32m204[0m 0.620 ms - 0[0m
[0mGET /api/rental/bookings/57 [36m304[0m 327.063 ms - -[0m
[0mOPTIONS /api/one-day/orders/57 [32m204[0m 0.526 ms - 0[0m
[0mGET /api/one-day/orders/57 [36m304[0m 386.604 ms - -[0m
[0mOPTIONS /api/order/store/list/57 [32m204[0m 0.720 ms - 0[0m
[0mGET /api/order/store/list/57 [36m304[0m 67.025 ms - -[0m
[0mOPTIONS /api/rental/bookings/57 [32m204[0m 0.504 ms - 0[0m
[0mGET /api/rental/bookings/57 [36m304[0m 556.067 ms - -[0m
[0mOPTIONS /api/one-day/orders/57 [32m204[0m 0.405 ms - 0[0m
[0mGET /api/one-day/orders/57 [36m304[0m 563.623 ms - -[0m
[0mOPTIONS /api/order/store/list/57 [32m204[0m 0.581 ms - 0[0m
[0mGET /api/order/store/list/57 [36m304[0m 147.248 ms - -[0m
[0mOPTIONS /api/rental/bookings/57 [32m204[0m 0.716 ms - 0[0m
[0mGET /api/rental/bookings/57 [36m304[0m 568.247 ms - -[0m
[0mOPTIONS /api/one-day/orders/57 [32m204[0m 0.738 ms - 0[0m
[0mGET /api/one-day/orders/57 [36m304[0m 523.988 ms - -[0m
[0mOPTIONS /api/order/store/list/57 [32m204[0m 0.676 ms - 0[0m
[0mGET /api/order/store/list/57 [36m304[0m 132.841 ms - -[0m
[0mOPTIONS /api/rental/bookings/57 [32m204[0m 0.435 ms - 0[0m
[0mGET /api/rental/bookings/57 [36m304[0m 513.867 ms - -[0m
[0mOPTIONS /api/one-day/orders/57 [32m204[0m 0.532 ms - 0[0m
[0mGET /api/one-day/orders/57 [36m304[0m 540.045 ms - -[0m
[0mOPTIONS /api/order/store/list/57 [32m204[0m 0.646 ms - 0[0m
[0mGET /api/order/store/list/57 [36m304[0m 134.391 ms - -[0m
[0mOPTIONS /api/rental/bookings/57 [32m204[0m 0.599 ms - 0[0m
[0mGET /api/rental/bookings/57 [36m304[0m 526.057 ms - -[0m
[0mOPTIONS /api/one-day/orders/57 [32m204[0m 0.596 ms - 0[0m
[0mGET /api/one-day/orders/57 [36m304[0m 533.905 ms - -[0m
[0mOPTIONS /api/order/store/list/57 [32m204[0m 0.595 ms - 0[0m
[0mGET /api/order/store/list/57 [36m304[0m 124.494 ms - -[0m
[0mOPTIONS /api/rental/bookings/57 [32m204[0m 0.537 ms - 0[0m
[0mGET /api/rental/bookings/57 [36m304[0m 501.361 ms - -[0m
[0mOPTIONS /api/one-day/orders/57 [32m204[0m 0.358 ms - 0[0m
[0mGET /api/one-day/orders/57 [36m304[0m 485.307 ms - -[0m
[0mOPTIONS /api/order/store/list/57 [32m204[0m 0.528 ms - 0[0m
[0mGET /api/order/store/list/57 [36m304[0m 153.587 ms - -[0m
[0mOPTIONS /api/rental/bookings/57 [32m204[0m 0.628 ms - 0[0m
[0mGET /api/rental/bookings/57 [36m304[0m 481.307 ms - -[0m
[0mOPTIONS /api/one-day/orders/57 [32m204[0m 0.729 ms - 0[0m
[0mGET /api/one-day/orders/57 [36m304[0m 528.609 ms - -[0m
[0mOPTIONS /api/order/store/list/57 [32m204[0m 0.536 ms - 0[0m
[0mGET /api/order/store/list/57 [36m304[0m 119.389 ms - -[0m
[0mOPTIONS /api/rental/bookings/57 [32m204[0m 0.735 ms - 0[0m
[0mGET /api/rental/bookings/57 [36m304[0m 479.048 ms - -[0m
[0mOPTIONS /api/one-day/orders/57 [32m204[0m 0.569 ms - 0[0m
[0mGET /api/one-day/orders/57 [36m304[0m 491.638 ms - -[0m
[0mOPTIONS /api/order/store/list/57 [32m204[0m 0.372 ms - 0[0m
[0mGET /api/order/store/list/57 [36m304[0m 115.981 ms - -[0m
[0mOPTIONS /api/rental/bookings/57 [32m204[0m 0.759 ms - 0[0m
[0mGET /api/rental/bookings/57 [36m304[0m 422.482 ms - -[0m
[0mOPTIONS /api/one-day/orders/57 [32m204[0m 0.358 ms - 0[0m
[0mOPTIONS /api/order/store/list/57 [32m204[0m 0.711 ms - 0[0m
[0mGET /api/order/store/list/57 [36m304[0m 117.574 ms - -[0m
[0mGET /api/one-day/orders/57 [36m304[0m 549.768 ms - -[0m
[0mOPTIONS /api/rental/bookings/57 [32m204[0m 0.420 ms - 0[0m
[0mGET /api/rental/bookings/57 [36m304[0m 419.443 ms - -[0m
[0mOPTIONS /api/order/store/list/57 [32m204[0m 0.651 ms - 0[0m
[0mGET /api/order/store/list/57 [36m304[0m 107.035 ms - -[0m
[0mOPTIONS /api/one-day/orders/57 [32m204[0m 0.625 ms - 0[0m
[0mGET /api/one-day/orders/57 [36m304[0m 455.247 ms - -[0m
[0mOPTIONS /api/rental/bookings/57 [32m204[0m 0.331 ms - 0[0m
[0mGET /api/rental/bookings/57 [36m304[0m 452.267 ms - -[0m
[0mOPTIONS /api/order/store/list/57 [32m204[0m 0.619 ms - 0[0m
[0mGET /api/order/store/list/57 [36m304[0m 108.673 ms - -[0m
[0mOPTIONS /api/one-day/orders/57 [32m204[0m 0.572 ms - 0[0m
[0mGET /api/one-day/orders/57 [36m304[0m 446.788 ms - -[0m
[0mOPTIONS /api/rental/bookings/57 [32m204[0m 0.645 ms - 0[0m
[0mGET /api/rental/bookings/57 [36m304[0m 423.219 ms - -[0m
[0mOPTIONS /api/order/store/list/57 [32m204[0m 0.780 ms - 0[0m
[0mGET /api/order/store/list/57 [36m304[0m 133.162 ms - -[0m
[0mOPTIONS /api/one-day/orders/57 [32m204[0m 0.676 ms - 0[0m
[0mGET /api/one-day/orders/57 [36m304[0m 502.178 ms - -[0m
[0mOPTIONS /api/rental/bookings/57 [32m204[0m 0.589 ms - 0[0m
[0mGET /api/rental/bookings/57 [36m304[0m 447.137 ms - -[0m
[0mOPTIONS /api/order/store/list/57 [32m204[0m 0.712 ms - 0[0m
[0mGET /api/order/store/list/57 [36m304[0m 110.245 ms - -[0m
[0mOPTIONS /api/one-day/orders/57 [32m204[0m 0.430 ms - 0[0m
[0mGET /api/one-day/orders/57 [36m304[0m 451.956 ms - -[0m
[0mOPTIONS /api/rental/bookings/57 [32m204[0m 0.688 ms - 0[0m
[0mGET /api/rental/bookings/57 [36m304[0m 454.299 ms - -[0m
[0mOPTIONS /api/order/store/list/57 [32m204[0m 0.389 ms - 0[0m
[0mGET /api/order/store/list/57 [36m304[0m 109.834 ms - -[0m
[0mOPTIONS /api/one-day/orders/57 [32m204[0m 0.982 ms - 0[0m
[0mGET /api/one-day/orders/57 [36m304[0m 459.472 ms - -[0m
[0mOPTIONS /api/rental/bookings/57 [32m204[0m 0.451 ms - 0[0m
[0mGET /api/rental/bookings/57 [36m304[0m 455.621 ms - -[0m
[0mOPTIONS /api/order/store/list/57 [32m204[0m 0.440 ms - 0[0m
[0mGET /api/order/store/list/57 [36m304[0m 115.603 ms - -[0m
[0mOPTIONS /api/one-day/orders/57 [32m204[0m 0.406 ms - 0[0m
[0mGET /api/one-day/orders/57 [36m304[0m 462.801 ms - -[0m
[0mOPTIONS /api/rental/bookings/57 [32m204[0m 0.609 ms - 0[0m
[0mGET /api/rental/bookings/57 [36m304[0m 454.588 ms - -[0m
[0mOPTIONS /api/order/store/list/57 [32m204[0m 0.350 ms - 0[0m
[0mGET /api/order/store/list/57 [36m304[0m 114.501 ms - -[0m
[0mOPTIONS /api/one-day/orders/57 [32m204[0m 0.757 ms - 0[0m
[0mGET /api/one-day/orders/57 [36m304[0m 456.063 ms - -[0m
[0mOPTIONS /api/rental/bookings/57 [32m204[0m 0.440 ms - 0[0m
[0mOPTIONS /api/order/store/list/57 [32m204[0m 0.648 ms - 0[0m
[0mGET /api/order/store/list/57 [36m304[0m 137.934 ms - -[0m
[0mGET /api/rental/bookings/57 [36m304[0m 540.619 ms - -[0m
[0mOPTIONS /api/one-day/orders/57 [32m204[0m 0.640 ms - 0[0m
[0mGET /api/one-day/orders/57 [36m304[0m 465.093 ms - -[0m
[0mOPTIONS /api/order/store/list/57 [32m204[0m 0.334 ms - 0[0m
[0mGET /api/order/store/list/57 [36m304[0m 135.780 ms - -[0m
[0mOPTIONS /api/rental/bookings/57 [32m204[0m 0.387 ms - 0[0m
[0mGET /api/rental/bookings/57 [36m304[0m 422.272 ms - -[0m
[0mOPTIONS /api/one-day/orders/57 [32m204[0m 0.635 ms - 0[0m
[0mGET /api/one-day/orders/57 [36m304[0m 435.664 ms - -[0m
[0mOPTIONS /api/order/store/list/57 [32m204[0m 0.676 ms - 0[0m
[0mGET /api/order/store/list/57 [36m304[0m 113.131 ms - -[0m
[0mOPTIONS /api/rental/bookings/57 [32m204[0m 0.824 ms - 0[0m
[0mGET /api/rental/bookings/57 [36m304[0m 422.530 ms - -[0m
[0mOPTIONS /api/one-day/orders/57 [32m204[0m 0.725 ms - 0[0m
[0mGET /api/one-day/orders/57 [36m304[0m 442.659 ms - -[0m
[0mOPTIONS /api/order/store/list/57 [32m204[0m 0.420 ms - 0[0m
[0mGET /api/order/store/list/57 [36m304[0m 109.969 ms - -[0m
[0mOPTIONS /api/rental/bookings/57 [32m204[0m 0.668 ms - 0[0m
[0mGET /api/rental/bookings/57 [36m304[0m 416.789 ms - -[0m
[0mOPTIONS /api/one-day/orders/57 [32m204[0m 0.702 ms - 0[0m
[0mGET /api/one-day/orders/57 [36m304[0m 436.463 ms - -[0m
[0mOPTIONS /api/order/store/list/57 [32m204[0m 0.411 ms - 0[0m
[0mGET /api/order/store/list/57 [36m304[0m 163.707 ms - -[0m
[0mOPTIONS /api/rental/bookings/57 [32m204[0m 0.733 ms - 0[0m
[0mGET /api/rental/bookings/57 [36m304[0m 424.814 ms - -[0m
[0mOPTIONS /api/one-day/orders/57 [32m204[0m 1.055 ms - 0[0m
[0mGET /api/one-day/orders/57 [36m304[0m 438.564 ms - -[0m
[0mOPTIONS /api/order/store/list/57 [32m204[0m 0.621 ms - 0[0m
[0mGET /api/order/store/list/57 [36m304[0m 108.813 ms - -[0m
[0mOPTIONS /api/rental/bookings/57 [32m204[0m 0.696 ms - 0[0m
[0mGET /api/rental/bookings/57 [36m304[0m 419.059 ms - -[0m
[0mOPTIONS /api/one-day/orders/57 [32m204[0m 0.959 ms - 0[0m
[0mGET /api/one-day/orders/57 [36m304[0m 469.922 ms - -[0m
[0mOPTIONS /api/order/store/list/57 [32m204[0m 0.600 ms - 0[0m
[0mGET /api/order/store/list/57 [36m304[0m 123.464 ms - -[0m
[0mOPTIONS /api/rental/bookings/57 [32m204[0m 0.754 ms - 0[0m
[0mGET /api/rental/bookings/57 [36m304[0m 452.807 ms - -[0m
[0mOPTIONS /api/one-day/orders/57 [32m204[0m 0.449 ms - 0[0m
[0mGET /api/one-day/orders/57 [36m304[0m 449.715 ms - -[0m
[0mOPTIONS /api/order/store/list/57 [32m204[0m 0.477 ms - 0[0m
[0mGET /api/order/store/list/57 [36m304[0m 109.754 ms - -[0m
[0mOPTIONS /api/rental/bookings/57 [32m204[0m 0.568 ms - 0[0m
[0mGET /api/rental/bookings/57 [36m304[0m 632.064 ms - -[0m
[0mOPTIONS /api/one-day/orders/57 [32m204[0m 0.382 ms - 0[0m
[0mGET /api/one-day/orders/57 [36m304[0m 448.766 ms - -[0m
[0mOPTIONS /api/order/store/list/57 [32m204[0m 0.541 ms - 0[0m
[0mGET /api/order/store/list/57 [36m304[0m 108.307 ms - -[0m
[0mOPTIONS /api/rental/bookings/57 [32m204[0m 0.576 ms - 0[0m
[0mGET /api/rental/bookings/57 [36m304[0m 434.793 ms - -[0m
[0mOPTIONS /api/one-day/orders/57 [32m204[0m 0.580 ms - 0[0m
[0mGET /api/one-day/orders/57 [36m304[0m 494.341 ms - -[0m
[0mOPTIONS /api/order/store/list/57 [32m204[0m 0.447 ms - 0[0m
[0mGET /api/order/store/list/57 [36m304[0m 105.960 ms - -[0m
[0mOPTIONS /api/rental/bookings/57 [32m204[0m 0.796 ms - 0[0m
[0mGET /api/rental/bookings/57 [36m304[0m 401.837 ms - -[0m
[0mOPTIONS /api/one-day/orders/57 [32m204[0m 0.520 ms - 0[0m
[0mGET /api/one-day/orders/57 [36m304[0m 609.152 ms - -[0m
[0mOPTIONS /api/order/store/list/57 [32m204[0m 0.401 ms - 0[0m
[0mGET /api/order/store/list/57 [36m304[0m 114.973 ms - -[0m
[0mOPTIONS /api/rental/bookings/57 [32m204[0m 0.550 ms - 0[0m
[0mGET /api/rental/bookings/57 [36m304[0m 640.009 ms - -[0m
[0mOPTIONS /api/one-day/orders/57 [32m204[0m 0.959 ms - 0[0m
[0mGET /api/one-day/orders/57 [36m304[0m 645.508 ms - -[0m
[0mOPTIONS /api/order/store/list/57 [32m204[0m 0.588 ms - 0[0m
[0mGET /api/order/store/list/57 [36m304[0m 191.911 ms - -[0m
[0mOPTIONS /api/rental/bookings/57 [32m204[0m 0.432 ms - 0[0m
[0mGET /api/rental/bookings/57 [36m304[0m 535.333 ms - -[0m
[0mOPTIONS /api/one-day/orders/57 [32m204[0m 0.692 ms - 0[0m
[0mGET /api/one-day/orders/57 [36m304[0m 809.554 ms - -[0m
[0mOPTIONS /api/order/store/list/57 [32m204[0m 1.343 ms - 0[0m
[0mGET /api/order/store/list/57 [36m304[0m 136.832 ms - -[0m
[0mOPTIONS /api/rental/bookings/57 [32m204[0m 4.568 ms - 0[0m
[0mGET /api/rental/bookings/57 [36m304[0m 608.171 ms - -[0m
[0mOPTIONS /api/one-day/orders/57 [32m204[0m 2.296 ms - 0[0m
[0mGET /api/one-day/orders/57 [36m304[0m 601.637 ms - -[0m
[0mOPTIONS /api/order/store/list/57 [32m204[0m 0.751 ms - 0[0m
[0mGET /api/order/store/list/57 [36m304[0m 147.283 ms - -[0m
[0mOPTIONS /api/rental/bookings/57 [32m204[0m 0.634 ms - 0[0m
[0mGET /api/rental/bookings/57 [36m304[0m 532.885 ms - -[0m
[0mOPTIONS /api/one-day/orders/57 [32m204[0m 0.565 ms - 0[0m
[0mOPTIONS /api/order/store/list/57 [32m204[0m 0.583 ms - 0[0m
[0mGET /api/order/store/list/57 [36m304[0m 241.174 ms - -[0m
[0mGET /api/one-day/orders/57 [36m304[0m 620.553 ms - -[0m
[0mOPTIONS /api/rental/bookings/57 [32m204[0m 1.953 ms - 0[0m
[0mGET /api/rental/bookings/57 [36m304[0m 252.331 ms - -[0m
[0mOPTIONS /api/order/store/list/57 [32m204[0m 0.642 ms - 0[0m
[0mGET /api/order/store/list/57 [36m304[0m 61.601 ms - -[0m
[0mOPTIONS /api/one-day/orders/57 [32m204[0m 0.264 ms - 0[0m
[0mGET /api/one-day/orders/57 [36m304[0m 311.796 ms - -[0m
[0mOPTIONS /api/rental/bookings/57 [32m204[0m 0.892 ms - 0[0m
[0mGET /api/rental/bookings/57 [36m304[0m 253.556 ms - -[0m
[0mOPTIONS /api/order/store/list/57 [32m204[0m 0.387 ms - 0[0m
[0mGET /api/order/store/list/57 [36m304[0m 62.037 ms - -[0m
[0mOPTIONS /api/one-day/orders/57 [32m204[0m 0.860 ms - 0[0m
[0mGET /api/one-day/orders/57 [36m304[0m 318.603 ms - -[0m
[0mOPTIONS /api/rental/bookings/57 [32m204[0m 0.587 ms - 0[0m
[0mGET /api/rental/bookings/57 [36m304[0m 256.880 ms - -[0m
[0mOPTIONS /api/order/store/list/57 [32m204[0m 0.332 ms - 0[0m
[0mGET /api/order/store/list/57 [36m304[0m 64.215 ms - -[0m
[0mOPTIONS /api/one-day/orders/57 [32m204[0m 0.501 ms - 0[0m
[0mGET /api/one-day/orders/57 [36m304[0m 321.050 ms - -[0m
[0mOPTIONS /api/rental/bookings/57 [32m204[0m 0.587 ms - 0[0m
[0mGET /api/rental/bookings/57 [36m304[0m 453.503 ms - -[0m
[0mOPTIONS /api/order/store/list/57 [32m204[0m 0.363 ms - 0[0m
[0mGET /api/order/store/list/57 [36m304[0m 85.943 ms - -[0m
[0mOPTIONS /api/one-day/orders/57 [32m204[0m 0.312 ms - 0[0m
[0mGET /api/one-day/orders/57 [36m304[0m 321.273 ms - -[0m
[0mOPTIONS /api/rental/bookings/57 [32m204[0m 0.611 ms - 0[0m
[0mGET /api/rental/bookings/57 [36m304[0m 445.572 ms - -[0m
[0mOPTIONS /api/order/store/list/57 [32m204[0m 0.386 ms - 0[0m
[0mGET /api/order/store/list/57 [36m304[0m 87.016 ms - -[0m
[0mOPTIONS /api/one-day/orders/57 [32m204[0m 0.399 ms - 0[0m
[0mGET /api/one-day/orders/57 [36m304[0m 335.965 ms - -[0m
[0mOPTIONS /api/rental/bookings/57 [32m204[0m 0.509 ms - 0[0m
[0mGET /api/rental/bookings/57 [36m304[0m 342.402 ms - -[0m
[0mOPTIONS /api/order/store/list/57 [32m204[0m 0.814 ms - 0[0m
[0mGET /api/order/store/list/57 [36m304[0m 91.258 ms - -[0m
[0mOPTIONS /api/one-day/orders/57 [32m204[0m 0.609 ms - 0[0m
[0mGET /api/one-day/orders/57 [36m304[0m 330.052 ms - -[0m
[0mOPTIONS /api/rental/bookings/57 [32m204[0m 0.623 ms - 0[0m
[0mGET /api/rental/bookings/57 [36m304[0m 685.061 ms - -[0m
[0mOPTIONS /api/order/store/list/57 [32m204[0m 0.676 ms - 0[0m
[0mGET /api/order/store/list/57 [36m304[0m 88.934 ms - -[0m
[0mOPTIONS /api/one-day/orders/57 [32m204[0m 1.085 ms - 0[0m
[0mGET /api/one-day/orders/57 [36m304[0m 427.177 ms - -[0m
[0mOPTIONS /api/rental/bookings/57 [32m204[0m 0.653 ms - 0[0m
[0mGET /api/rental/bookings/57 [36m304[0m 1006.853 ms - -[0m
[0mOPTIONS /api/order/store/list/57 [32m204[0m 1.266 ms - 0[0m
[0mGET /api/order/store/list/57 [36m304[0m 132.160 ms - -[0m
[0mOPTIONS /api/one-day/orders/57 [32m204[0m 0.604 ms - 0[0m
[0mGET /api/one-day/orders/57 [36m304[0m 562.606 ms - -[0m
[0mOPTIONS /api/rental/bookings/57 [32m204[0m 3.582 ms - 0[0m
[0mOPTIONS /api/order/store/list/57 [32m204[0m 0.464 ms - 0[0m
[0mGET /api/rental/bookings/57 [36m304[0m 531.930 ms - -[0m
[0mGET /api/order/store/list/57 [36m304[0m 322.465 ms - -[0m
[0mOPTIONS /api/one-day/orders/57 [32m204[0m 0.559 ms - 0[0m
[0mGET /api/one-day/orders/57 [36m304[0m 316.046 ms - -[0m
[0mOPTIONS /api/rental/bookings/57 [32m204[0m 0.715 ms - 0[0m
[0mOPTIONS /api/order/store/list/57 [32m204[0m 0.442 ms - 0[0m
[0mGET /api/order/store/list/57 [36m304[0m 158.444 ms - -[0m
[0mGET /api/rental/bookings/57 [36m304[0m 242.028 ms - -[0m
[0mOPTIONS /api/one-day/orders/57 [32m204[0m 0.654 ms - 0[0m
[0mGET /api/one-day/orders/57 [36m304[0m 323.262 ms - -[0m
[0mOPTIONS /api/order/store/list/57 [32m204[0m 0.605 ms - 0[0m
[0mGET /api/order/store/list/57 [36m304[0m 61.402 ms - -[0m
[0mOPTIONS /api/rental/bookings/57 [32m204[0m 0.287 ms - 0[0m
[0mGET /api/rental/bookings/57 [36m304[0m 254.226 ms - -[0m
[0mOPTIONS /api/one-day/orders/57 [32m204[0m 0.629 ms - 0[0m
[0mGET /api/one-day/orders/57 [36m304[0m 334.762 ms - -[0m
[0mOPTIONS /api/order/store/list/57 [32m204[0m 0.767 ms - 0[0m
[0mGET /api/order/store/list/57 [36m304[0m 61.241 ms - -[0m
[0mOPTIONS /api/rental/bookings/57 [32m204[0m 0.547 ms - 0[0m
[0mGET /api/rental/bookings/57 [36m304[0m 265.380 ms - -[0m
[0mOPTIONS /api/one-day/orders/57 [32m204[0m 0.404 ms - 0[0m
[0mGET /api/one-day/orders/57 [36m304[0m 331.178 ms - -[0m
[0mOPTIONS /api/order/store/list/57 [32m204[0m 1.119 ms - 0[0m
[0mGET /api/order/store/list/57 [36m304[0m 58.693 ms - -[0m
[0mOPTIONS /api/rental/bookings/57 [32m204[0m 0.410 ms - 0[0m
[0mGET /api/rental/bookings/57 [36m304[0m 241.008 ms - -[0m
[0mOPTIONS /api/one-day/orders/57 [32m204[0m 0.627 ms - 0[0m
[0mGET /api/one-day/orders/57 [36m304[0m 337.002 ms - -[0m
[0mOPTIONS /api/order/store/list/57 [32m204[0m 0.525 ms - 0[0m
[0mGET /api/order/store/list/57 [36m304[0m 64.241 ms - -[0m
[0mOPTIONS /api/rental/bookings/57 [32m204[0m 0.693 ms - 0[0m
[0mGET /api/rental/bookings/57 [36m304[0m 255.766 ms - -[0m
[0mOPTIONS /api/one-day/orders/57 [32m204[0m 0.841 ms - 0[0m
[0mGET /api/one-day/orders/57 [36m304[0m 324.012 ms - -[0m
[0mOPTIONS /api/order/store/list/57 [32m204[0m 0.483 ms - 0[0m
[0mGET /api/order/store/list/57 [36m304[0m 59.404 ms - -[0m
[0mOPTIONS /api/rental/bookings/57 [32m204[0m 0.360 ms - 0[0m
[0mGET /api/rental/bookings/57 [36m304[0m 276.643 ms - -[0m
[0mOPTIONS /api/one-day/orders/57 [32m204[0m 0.820 ms - 0[0m
[0mGET /api/one-day/orders/57 [36m304[0m 289.896 ms - -[0m
[0mOPTIONS /api/order/store/list/57 [32m204[0m 0.414 ms - 0[0m
[0mGET /api/order/store/list/57 [36m304[0m 59.729 ms - -[0m
[0mOPTIONS /api/rental/bookings/57 [32m204[0m 0.790 ms - 0[0m
[0mGET /api/rental/bookings/57 [36m304[0m 265.597 ms - -[0m
[0mOPTIONS /api/one-day/orders/57 [32m204[0m 0.812 ms - 0[0m
[0mGET /api/one-day/orders/57 [36m304[0m 325.680 ms - -[0m
[0mOPTIONS /api/order/store/list/57 [32m204[0m 0.514 ms - 0[0m
[0mGET /api/order/store/list/57 [36m304[0m 70.444 ms - -[0m
[0mOPTIONS /api/rental/bookings/57 [32m204[0m 0.595 ms - 0[0m
[0mGET /api/rental/bookings/57 [36m304[0m 391.462 ms - -[0m
[0mOPTIONS /api/one-day/orders/57 [32m204[0m 0.851 ms - 0[0m
[0mGET /api/one-day/orders/57 [36m304[0m 748.863 ms - -[0m
[0mOPTIONS /api/order/store/list/57 [32m204[0m 0.585 ms - 0[0m
[0mGET /api/order/store/list/57 [36m304[0m 127.898 ms - -[0m
[0mOPTIONS /api/rental/bookings/57 [32m204[0m 0.444 ms - 0[0m
[0mGET /api/rental/bookings/57 [36m304[0m 261.544 ms - -[0m
[0mOPTIONS /api/one-day/orders/57 [32m204[0m 0.561 ms - 0[0m
[0mGET /api/one-day/orders/57 [36m304[0m 451.033 ms - -[0m
[0mOPTIONS /api/order/store/list/57 [32m204[0m 0.495 ms - 0[0m
[0mGET /api/order/store/list/57 [36m304[0m 61.007 ms - -[0m
[0mOPTIONS /api/rental/bookings/57 [32m204[0m 0.381 ms - 0[0m
[0mGET /api/rental/bookings/57 [36m304[0m 337.749 ms - -[0m
[0mOPTIONS /api/one-day/orders/57 [32m204[0m 0.708 ms - 0[0m
[0mGET /api/one-day/orders/57 [36m304[0m 411.429 ms - -[0m
[0mOPTIONS /api/order/store/list/57 [32m204[0m 0.783 ms - 0[0m
[0mGET /api/order/store/list/57 [36m304[0m 58.537 ms - -[0m
[0mOPTIONS /api/rental/bookings/57 [32m204[0m 0.416 ms - 0[0m
[0mGET /api/rental/bookings/57 [36m304[0m 240.470 ms - -[0m
[0mOPTIONS /api/one-day/orders/57 [32m204[0m 0.861 ms - 0[0m
[0mGET /api/one-day/orders/57 [36m304[0m 394.913 ms - -[0m
[0mOPTIONS /api/order/store/list/57 [32m204[0m 0.340 ms - 0[0m
[0mGET /api/order/store/list/57 [36m304[0m 68.763 ms - -[0m
[0mOPTIONS /api/rental/bookings/57 [32m204[0m 0.543 ms - 0[0m
[0mGET /api/rental/bookings/57 [36m304[0m 241.379 ms - -[0m
[0mOPTIONS /api/one-day/orders/57 [32m204[0m 0.348 ms - 0[0m
[0mGET /api/one-day/orders/57 [36m304[0m 364.950 ms - -[0m
[0mOPTIONS /api/order/store/list/57 [32m204[0m 0.374 ms - 0[0m
[0mGET /api/order/store/list/57 [36m304[0m 59.079 ms - -[0m
[0mOPTIONS /api/rental/bookings/57 [32m204[0m 0.358 ms - 0[0m
[0mGET /api/rental/bookings/57 [36m304[0m 241.873 ms - -[0m
[0mOPTIONS /api/one-day/orders/57 [32m204[0m 0.521 ms - 0[0m
[0mGET /api/one-day/orders/57 [36m304[0m 300.450 ms - -[0m
[0mOPTIONS /api/order/store/list/57 [32m204[0m 0.703 ms - 0[0m
[0mGET /api/order/store/list/57 [36m304[0m 85.316 ms - -[0m
[0mOPTIONS /api/rental/bookings/57 [32m204[0m 0.258 ms - 0[0m
[0mGET /api/rental/bookings/57 [36m304[0m 335.585 ms - -[0m
[0mOPTIONS /api/one-day/orders/57 [32m204[0m 0.623 ms - 0[0m
[0mGET /api/one-day/orders/57 [36m304[0m 397.344 ms - -[0m
[0mOPTIONS /api/order/store/list/57 [32m204[0m 0.336 ms - 0[0m
[0mGET /api/order/store/list/57 [36m304[0m 57.711 ms - -[0m
[0mOPTIONS /api/rental/bookings/57 [32m204[0m 0.467 ms - 0[0m
[0mGET /api/rental/bookings/57 [36m304[0m 260.193 ms - -[0m
[0mOPTIONS /api/one-day/orders/57 [32m204[0m 0.385 ms - 0[0m
[0mGET /api/one-day/orders/57 [36m304[0m 389.513 ms - -[0m
[0mOPTIONS /api/order/store/list/57 [32m204[0m 0.642 ms - 0[0m
[0mGET /api/order/store/list/57 [36m304[0m 62.901 ms - -[0m
[0mOPTIONS /api/rental/bookings/57 [32m204[0m 2.908 ms - 0[0m
[0mGET /api/rental/bookings/57 [36m304[0m 415.811 ms - -[0m
[0mOPTIONS /api/one-day/orders/57 [32m204[0m 0.524 ms - 0[0m
[0mGET /api/one-day/orders/57 [36m304[0m 702.078 ms - -[0m
[0mOPTIONS /api/order/store/list/57 [32m204[0m 0.803 ms - 0[0m
[0mGET /api/order/store/list/57 [36m304[0m 2636.863 ms - -[0m
[0mOPTIONS /api/rental/bookings/57 [32m204[0m 0.554 ms - 0[0m
[0mGET /api/rental/bookings/57 [36m304[0m 2895.729 ms - -[0m
[0mOPTIONS /api/one-day/orders/57 [32m204[0m 0.493 ms - 0[0m
[0mGET /api/one-day/orders/57 [36m304[0m 1495.168 ms - -[0m
[0mOPTIONS /api/order/store/list/57 [32m204[0m 0.369 ms - 0[0m
[0mGET /api/order/store/list/57 [36m304[0m 58.932 ms - -[0m
[0mOPTIONS /api/rental/bookings/57 [32m204[0m 0.717 ms - 0[0m
[0mGET /api/rental/bookings/57 [36m304[0m 241.359 ms - -[0m
[0mOPTIONS /api/one-day/orders/57 [32m204[0m 0.594 ms - 0[0m
[0mGET /api/one-day/orders/57 [36m304[0m 291.592 ms - -[0m
[0mOPTIONS /api/order/store/list/57 [32m204[0m 0.413 ms - 0[0m
[0mGET /api/order/store/list/57 [36m304[0m 60.024 ms - -[0m
[0mOPTIONS /api/rental/bookings/57 [32m204[0m 0.474 ms - 0[0m
[0mGET /api/rental/bookings/57 [36m304[0m 261.847 ms - -[0m
[0mOPTIONS /api/one-day/orders/57 [32m204[0m 0.638 ms - 0[0m
[0mGET /api/one-day/orders/57 [36m304[0m 303.314 ms - -[0m
[0mOPTIONS /api/order/store/list/57 [32m204[0m 0.422 ms - 0[0m
[0mGET /api/order/store/list/57 [36m304[0m 59.095 ms - -[0m
[0mOPTIONS /api/rental/bookings/57 [32m204[0m 0.476 ms - 0[0m
[0mGET /api/rental/bookings/57 [36m304[0m 265.131 ms - -[0m
[0mOPTIONS /api/one-day/orders/57 [32m204[0m 0.572 ms - 0[0m
[0mGET /api/one-day/orders/57 [36m304[0m 343.334 ms - -[0m
[0mOPTIONS /api/order/store/list/57 [32m204[0m 0.304 ms - 0[0m
[0mGET /api/order/store/list/57 [36m304[0m 67.438 ms - -[0m
[0mOPTIONS /api/rental/bookings/57 [32m204[0m 0.766 ms - 0[0m
[0mGET /api/rental/bookings/57 [36m304[0m 274.322 ms - -[0m
[0mOPTIONS /api/one-day/orders/57 [32m204[0m 0.596 ms - 0[0m
[0mGET /api/one-day/orders/57 [36m304[0m 314.220 ms - -[0m
[0mOPTIONS /api/order/store/list/57 [32m204[0m 0.622 ms - 0[0m
[0mGET /api/order/store/list/57 [36m304[0m 62.344 ms - -[0m
[0mOPTIONS /api/rental/bookings/57 [32m204[0m 0.630 ms - 0[0m
[0mGET /api/rental/bookings/57 [36m304[0m 246.434 ms - -[0m
[0mOPTIONS /api/one-day/orders/57 [32m204[0m 0.309 ms - 0[0m
[0mGET /api/one-day/orders/57 [36m304[0m 323.762 ms - -[0m
[0mOPTIONS /api/order/store/list/57 [32m204[0m 0.518 ms - 0[0m
[0mGET /api/order/store/list/57 [36m304[0m 58.825 ms - -[0m
[0mOPTIONS /api/rental/bookings/57 [32m204[0m 0.533 ms - 0[0m
[0mGET /api/rental/bookings/57 [36m304[0m 237.486 ms - -[0m
[0mOPTIONS /api/one-day/orders/57 [32m204[0m 0.369 ms - 0[0m
[0mGET /api/one-day/orders/57 [36m304[0m 296.593 ms - -[0m
[0mOPTIONS /api/order/store/list/57 [32m204[0m 0.320 ms - 0[0m
[0mGET /api/order/store/list/57 [36m304[0m 57.756 ms - -[0m
[0mOPTIONS /api/rental/bookings/57 [32m204[0m 0.524 ms - 0[0m
[0mGET /api/rental/bookings/57 [36m304[0m 242.859 ms - -[0m
[0mOPTIONS /api/one-day/orders/57 [32m204[0m 0.393 ms - 0[0m
[0mGET /api/one-day/orders/57 [36m304[0m 312.068 ms - -[0m
[0mOPTIONS /api/order/store/list/57 [32m204[0m 0.443 ms - 0[0m
[0mGET /api/order/store/list/57 [36m304[0m 60.113 ms - -[0m
[0mOPTIONS /api/rental/bookings/57 [32m204[0m 0.438 ms - 0[0m
[0mGET /api/rental/bookings/57 [36m304[0m 555.037 ms - -[0m
[0mOPTIONS /api/one-day/orders/57 [32m204[0m 0.644 ms - 0[0m
[0mGET /api/one-day/orders/57 [36m304[0m 292.244 ms - -[0m
[0mOPTIONS /api/order/store/list/57 [32m204[0m 0.361 ms - 0[0m
[0mGET /api/order/store/list/57 [36m304[0m 56.876 ms - -[0m
[0mOPTIONS /api/rental/bookings/57 [32m204[0m 0.322 ms - 0[0m
[0mGET /api/rental/bookings/57 [36m304[0m 236.687 ms - -[0m
[0mOPTIONS /api/one-day/orders/57 [32m204[0m 0.268 ms - 0[0m
[0mGET /api/one-day/orders/57 [36m304[0m 305.865 ms - -[0m
[0mOPTIONS /api/order/store/list/57 [32m204[0m 0.508 ms - 0[0m
[0mGET /api/order/store/list/57 [36m304[0m 57.113 ms - -[0m
[0mOPTIONS /api/rental/bookings/57 [32m204[0m 0.621 ms - 0[0m
[0mGET /api/rental/bookings/57 [36m304[0m 369.738 ms - -[0m
[0mOPTIONS /api/one-day/orders/57 [32m204[0m 0.772 ms - 0[0m
[0mGET /api/one-day/orders/57 [36m304[0m 296.888 ms - -[0m
[0mOPTIONS /api/order/store/list/57 [32m204[0m 0.696 ms - 0[0m
[0mGET /api/order/store/list/57 [36m304[0m 59.080 ms - -[0m
[0mOPTIONS /api/rental/bookings/57 [32m204[0m 0.571 ms - 0[0m
[0mGET /api/rental/bookings/57 [36m304[0m 245.754 ms - -[0m
[0mOPTIONS /api/one-day/orders/57 [32m204[0m 0.922 ms - 0[0m
[0mOPTIONS /api/order/store/list/57 [32m204[0m 0.242 ms - 0[0m
[0mGET /api/order/store/list/57 [36m304[0m 121.689 ms - -[0m
[0mOPTIONS /api/store/visit [32m204[0m 0.754 ms - 0[0m
[0mOPTIONS /api/cart/list/122 [32m204[0m 0.177 ms - 0[0m
[0mOPTIONS /api/address/list/122 [32m204[0m 0.100 ms - 0[0m
[0mOPTIONS /api/category/getAllCategory [32m204[0m 0.183 ms - 0[0m
[0mOPTIONS /api/rental/bookings/customer?custId=122 [32m204[0m 0.165 ms - 0[0m
[0mOPTIONS /api/category/getAllCategory [32m204[0m 0.070 ms - 0[0m
[0mOPTIONS /api/order/list/122 [32m204[0m 0.057 ms - 0[0m
[0mOPTIONS /api/auth/user/122 [32m204[0m 0.053 ms - 0[0m
[0mOPTIONS /api/store/list?currentLocation=12.680362217830607%2C78.61648177768534&page=1&limit=20 [32m204[0m 0.132 ms - 0[0m
[0mOPTIONS /api/store/getOpenStores?currentLocation=12.680362217830607%2C78.61648177768534 [32m204[0m 0.048 ms - 0[0m
[0mOPTIONS /api/store/list?currentLocation=12.680362217830607%2C78.61648177768534&page=1&limit=20 [32m204[0m 0.041 ms - 0[0m
[0mGET /api/cart/list/122 [32m200[0m 109.317 ms - 862[0m
[0mPOST /api/store/visit [32m201[0m 144.311 ms - 43[0m
[0mOPTIONS /api/store/public/by-ids [32m204[0m 0.202 ms - 0[0m
[0mOPTIONS /api/one-day/products/public/57 [32m204[0m 0.109 ms - 0[0m
[0mOPTIONS /api/one-day/settings/57 [32m204[0m 0.070 ms - 0[0m
[0mOPTIONS /api/store/list/57?currentLocation=13.027976977392576%2C78.91515350201537 [32m204[0m 0.096 ms - 0[0m
[0mGET /api/address/list/122 [33m404[0m 158.415 ms - 81[0m
[0mGET /api/category/getAllCategory [36m304[0m 176.550 ms - -[0m
[0mGET /api/rental/bookings/customer?custId=122 [32m200[0m 215.706 ms - 26[0m
[0mGET /api/order/list/122 [36m304[0m 276.467 ms - -[0m
[0mGET /api/category/getAllCategory [36m304[0m 125.518 ms - -[0m
[0mGET /api/one-day/products/public/57 [32m200[0m 144.326 ms - 26[0m
[0mGET /api/auth/user/122 [36m304[0m 304.446 ms - -[0m
[0mGET /api/one-day/settings/57 [32m200[0m 86.508 ms - -[0m
[0mPOST /api/store/public/by-ids [32m200[0m 237.909 ms - 626[0m
[0mGET /api/store/list?currentLocation=12.680362217830607%2C78.61648177768534&page=1&limit=20 [32m200[0m 370.276 ms - -[0m
[0mGET /api/store/getOpenStores?currentLocation=12.680362217830607%2C78.61648177768534 [32m200[0m 381.425 ms - -[0m
[0mGET /api/one-day/settings/57 [36m304[0m 61.080 ms - -[0m
[0mGET /api/one-day/orders/57 [36m304[0m 680.271 ms - -[0m
[0mGET /api/store/list?currentLocation=12.680362217830607%2C78.61648177768534&page=1&limit=20 [36m304[0m 133.156 ms - -[0m
[0mOPTIONS /api/one-day/settings/79 [32m204[0m 0.361 ms - 0[0m
[0mOPTIONS /api/rental/settings/79 [32m204[0m 0.436 ms - 0[0m
[0mOPTIONS /api/one-day/settings/161 [32m204[0m 0.198 ms - 0[0m
[0mOPTIONS /api/rental/settings/161 [32m204[0m 0.099 ms - 0[0m
[0mOPTIONS /api/one-day/settings/96 [32m204[0m 0.083 ms - 0[0m
[0mOPTIONS /api/rental/settings/96 [32m204[0m 0.082 ms - 0[0m
[0mOPTIONS /api/rental/settings/179 [32m204[0m 0.186 ms - 0[0m
[0mOPTIONS /api/one-day/settings/179 [32m204[0m 0.113 ms - 0[0m
[0mOPTIONS /api/one-day/settings/70 [32m204[0m 0.161 ms - 0[0m
[0mOPTIONS /api/rental/settings/70 [32m204[0m 0.083 ms - 0[0m
[0mOPTIONS /api/one-day/settings/186 [32m204[0m 0.089 ms - 0[0m
[0mOPTIONS /api/rental/settings/186 [32m204[0m 0.138 ms - 0[0m
[0mOPTIONS /api/one-day/settings/194 [32m204[0m 0.295 ms - 0[0m
[0mOPTIONS /api/rental/settings/194 [32m204[0m 0.178 ms - 0[0m
[0mOPTIONS /api/one-day/settings/121 [32m204[0m 0.265 ms - 0[0m
[0mOPTIONS /api/rental/settings/121 [32m204[0m 0.106 ms - 0[0m
[0mOPTIONS /api/one-day/settings/71 [32m204[0m 0.084 ms - 0[0m
[0mOPTIONS /api/rental/settings/71 [32m204[0m 0.087 ms - 0[0m
[0mOPTIONS /api/one-day/settings/55 [32m204[0m 0.566 ms - 0[0m
[0mOPTIONS /api/rental/settings/55 [32m204[0m 0.142 ms - 0[0m
[0mOPTIONS /api/one-day/settings/67 [32m204[0m 0.094 ms - 0[0m
[0mOPTIONS /api/rental/settings/67 [32m204[0m 0.086 ms - 0[0m
[0mOPTIONS /api/one-day/settings/74 [32m204[0m 0.322 ms - 0[0m
[0mOPTIONS /api/rental/settings/74 [32m204[0m 0.177 ms - 0[0m
[0mOPTIONS /api/one-day/settings/90 [32m204[0m 0.104 ms - 0[0m
[0mOPTIONS /api/rental/settings/90 [32m204[0m 0.060 ms - 0[0m
[0mOPTIONS /api/one-day/settings/82 [32m204[0m 0.046 ms - 0[0m
[0mOPTIONS /api/rental/settings/82 [32m204[0m 0.142 ms - 0[0m
[0mOPTIONS /api/one-day/settings/237 [32m204[0m 10.397 ms - 0[0m
[0mOPTIONS /api/one-day/settings/221 [32m204[0m 0.407 ms - 0[0m
[0mOPTIONS /api/rental/settings/221 [32m204[0m 0.148 ms - 0[0m
[0mOPTIONS /api/rental/settings/237 [32m204[0m 0.368 ms - 0[0m
[0mOPTIONS /api/one-day/settings/144 [32m204[0m 0.086 ms - 0[0m
[0mOPTIONS /api/rental/settings/144 [32m204[0m 0.045 ms - 0[0m
[0mOPTIONS /api/one-day/settings/89 [32m204[0m 0.050 ms - 0[0m
[0mOPTIONS /api/rental/settings/89 [32m204[0m 0.067 ms - 0[0m
[0mOPTIONS /api/one-day/settings/103 [32m204[0m 0.046 ms - 0[0m
[0mOPTIONS /api/rental/settings/103 [32m204[0m 0.063 ms - 0[0m
[0mGET /api/store/list/57?currentLocation=13.027976977392576%2C78.91515350201537 [32m200[0m 314.088 ms - -[0m
[0mOPTIONS /api/one-day/settings/54 [32m204[0m 0.320 ms - 0[0m
[0mOPTIONS /api/rental/settings/54 [32m204[0m 0.781 ms - 0[0m
[0mGET /api/one-day/settings/79 [32m200[0m 64.875 ms - 698[0m
[0mGET /api/rental/settings/79 [32m200[0m 74.018 ms - 323[0m
[0mGET /api/rental/settings/161 [32m200[0m 73.182 ms - 323[0m
[0mGET /api/one-day/settings/96 [32m200[0m 73.261 ms - 698[0m
[0mGET /api/one-day/settings/161 [32m200[0m 75.076 ms - 698[0m
[0mGET /api/rental/settings/96 [32m200[0m 63.823 ms - 323[0m
[0mGET /api/rental/settings/179 [32m200[0m 57.466 ms - 323[0m
[0mGET /api/rental/settings/70 [32m200[0m 65.298 ms - 323[0m
[0mGET /api/one-day/settings/70 [32m200[0m 66.522 ms - 698[0m
[0mGET /api/one-day/settings/179 [32m200[0m 68.012 ms - 698[0m
[0mGET /api/one-day/settings/186 [32m200[0m 67.878 ms - 698[0m
[0mGET /api/rental/settings/186 [32m200[0m 63.313 ms - 323[0m
[0mGET /api/one-day/settings/194 [32m200[0m 62.647 ms - 698[0m
[0mGET /api/rental/settings/121 [32m200[0m 73.395 ms - 323[0m
[0mGET /api/one-day/settings/71 [32m200[0m 74.126 ms - 698[0m
[0mGET /api/one-day/settings/121 [32m200[0m 79.987 ms - 698[0m
[0mGET /api/rental/settings/194 [32m200[0m 81.547 ms - 323[0m
[0mGET /api/rental/settings/71 [32m200[0m 61.742 ms - 323[0m
[0mGET /api/one-day/settings/55 [32m200[0m 73.692 ms - 695[0m
[0mGET /api/rental/settings/55 [32m200[0m 66.962 ms - 323[0m
[0mGET /api/one-day/settings/67 [32m200[0m 67.061 ms - 698[0m
[0mGET /api/one-day/settings/74 [32m200[0m 64.469 ms - 698[0m
[0mGET /api/rental/settings/67 [32m200[0m 65.090 ms - 323[0m
[0mGET /api/one-day/settings/90 [32m200[0m 76.904 ms - 698[0m
[0mGET /api/rental/settings/74 [32m200[0m 103.872 ms - 323[0m
[0mGET /api/rental/settings/90 [32m200[0m 58.442 ms - 323[0m
[0mGET /api/one-day/settings/237 [32m200[0m 57.527 ms - 698[0m
[0mGET /api/rental/settings/82 [32m200[0m 61.684 ms - 323[0m
[0mGET /api/one-day/settings/82 [32m200[0m 64.479 ms - 698[0m
[0mGET /api/rental/settings/221 [32m200[0m 63.180 ms - 323[0m
[0mGET /api/one-day/settings/221 [32m200[0m 64.537 ms - 698[0m
[0mGET /api/rental/settings/237 [32m200[0m 77.976 ms - 323[0m
[0mGET /api/one-day/settings/89 [32m200[0m 97.043 ms - 698[0m
[0mGET /api/one-day/settings/144 [32m200[0m 130.947 ms - 698[0m
[0mGET /api/rental/settings/144 [32m200[0m 148.524 ms - 323[0m
[0mGET /api/one-day/settings/103 [32m200[0m 183.595 ms - 698[0m
[0mGET /api/rental/settings/103 [32m200[0m 162.941 ms - 323[0m
[0mGET /api/rental/settings/89 [32m200[0m 188.508 ms - 323[0m
[0mGET /api/one-day/settings/54 [32m200[0m 144.852 ms - 740[0m
[0mGET /api/rental/settings/54 [32m200[0m 187.751 ms - 323[0m
[0mOPTIONS /api/store/list?currentLocation=13.027976977392576%2C78.91515350201537&page=2&limit=20 [32m204[0m 0.527 ms - 0[0m
[0mGET /api/store/list?currentLocation=13.027976977392576%2C78.91515350201537&page=2&limit=20 [32m200[0m 172.504 ms - -[0m
[0mOPTIONS /api/one-day/settings/110 [32m204[0m 0.484 ms - 0[0m
[0mOPTIONS /api/rental/settings/110 [32m204[0m 0.219 ms - 0[0m
[0mOPTIONS /api/one-day/settings/247 [32m204[0m 0.141 ms - 0[0m
[0mOPTIONS /api/rental/settings/247 [32m204[0m 0.135 ms - 0[0m
[0mOPTIONS /api/one-day/settings/180 [32m204[0m 0.083 ms - 0[0m
[0mOPTIONS /api/rental/settings/180 [32m204[0m 0.080 ms - 0[0m
[0mOPTIONS /api/one-day/settings/231 [32m204[0m 0.187 ms - 0[0m
[0mOPTIONS /api/rental/settings/231 [32m204[0m 0.109 ms - 0[0m
[0mOPTIONS /api/one-day/settings/61 [32m204[0m 0.085 ms - 0[0m
[0mOPTIONS /api/rental/settings/61 [32m204[0m 0.110 ms - 0[0m
[0mOPTIONS /api/one-day/settings/215 [32m204[0m 0.104 ms - 0[0m
[0mOPTIONS /api/rental/settings/215 [32m204[0m 0.078 ms - 0[0m
[0mOPTIONS /api/one-day/settings/261 [32m204[0m 0.282 ms - 0[0m
[0mOPTIONS /api/rental/settings/261 [32m204[0m 0.122 ms - 0[0m
[0mOPTIONS /api/one-day/settings/56 [32m204[0m 0.106 ms - 0[0m
[0mOPTIONS /api/rental/settings/56 [32m204[0m 0.100 ms - 0[0m
[0mOPTIONS /api/one-day/settings/151 [32m204[0m 0.101 ms - 0[0m
[0mOPTIONS /api/rental/settings/57 [32m204[0m 0.102 ms - 0[0m
[0mOPTIONS /api/rental/settings/151 [32m204[0m 0.346 ms - 0[0m
[0mOPTIONS /api/one-day/settings/243 [32m204[0m 0.092 ms - 0[0m
[0mOPTIONS /api/rental/settings/243 [32m204[0m 0.050 ms - 0[0m
[0mOPTIONS /api/one-day/settings/207 [32m204[0m 0.099 ms - 0[0m
[0mOPTIONS /api/rental/settings/207 [32m204[0m 0.042 ms - 0[0m
[0mOPTIONS /api/one-day/settings/63 [32m204[0m 0.032 ms - 0[0m
[0mOPTIONS /api/rental/settings/63 [32m204[0m 0.114 ms - 0[0m
[0mOPTIONS /api/one-day/settings/189 [32m204[0m 0.403 ms - 0[0m
[0mOPTIONS /api/rental/settings/189 [32m204[0m 0.056 ms - 0[0m
[0mOPTIONS /api/one-day/settings/88 [32m204[0m 0.049 ms - 0[0m
[0mOPTIONS /api/rental/settings/88 [32m204[0m 0.039 ms - 0[0m
[0mOPTIONS /api/one-day/settings/252 [32m204[0m 0.034 ms - 0[0m
[0mOPTIONS /api/rental/settings/252 [32m204[0m 0.048 ms - 0[0m
[0mGET /api/one-day/settings/110 [32m200[0m 71.028 ms - 698[0m
[0mGET /api/one-day/settings/180 [32m200[0m 74.225 ms - 698[0m
[0mGET /api/one-day/settings/247 [32m200[0m 75.398 ms - 698[0m
[0mGET /api/rental/settings/247 [32m200[0m 75.319 ms - 323[0m
[0mGET /api/rental/settings/110 [32m200[0m 76.260 ms - 323[0m
[0mGET /api/rental/settings/180 [32m200[0m 78.112 ms - 323[0m
[0mGET /api/rental/settings/61 [32m200[0m 91.799 ms - 323[0m
[0mGET /api/one-day/settings/231 [32m200[0m 152.018 ms - 698[0m
[0mGET /api/rental/settings/231 [32m200[0m 158.294 ms - 323[0m
[0mGET /api/one-day/settings/61 [32m200[0m 177.512 ms - 698[0m
[0mGET /api/rental/settings/215 [32m200[0m 178.516 ms - 323[0m
[0mGET /api/one-day/settings/261 [32m200[0m 88.455 ms - 698[0m
[0mGET /api/rental/settings/261 [32m200[0m 74.079 ms - 323[0m
[0mGET /api/one-day/settings/56 [32m200[0m 73.661 ms - 738[0m
[0mGET /api/one-day/settings/215 [32m200[0m 232.471 ms - 698[0m
[0mGET /api/rental/settings/56 [32m200[0m 64.533 ms - 323[0m
[0mGET /api/rental/settings/57 [32m200[0m 61.695 ms - 322[0m
[0mGET /api/one-day/settings/151 [32m200[0m 63.147 ms - 698[0m
[0mGET /api/one-day/settings/243 [32m200[0m 116.062 ms - 698[0m
[0mGET /api/one-day/settings/63 [32m200[0m 134.496 ms - 698[0m
[0mGET /api/rental/settings/207 [32m200[0m 135.805 ms - 323[0m
[0mGET /api/one-day/settings/207 [32m200[0m 137.901 ms - 698[0m
[0mGET /api/rental/settings/243 [32m200[0m 146.648 ms - 323[0m
[0mGET /api/rental/settings/151 [32m200[0m 160.385 ms - 323[0m
[0mGET /api/rental/settings/63 [32m200[0m 82.804 ms - 323[0m
[0mGET /api/one-day/settings/189 [32m200[0m 97.165 ms - 698[0m
[0mGET /api/rental/settings/88 [32m200[0m 98.826 ms - 323[0m
[0mGET /api/rental/settings/189 [32m200[0m 100.310 ms - 323[0m
[0mGET /api/one-day/settings/252 [32m200[0m 99.005 ms - 698[0m
[0mGET /api/one-day/settings/88 [32m200[0m 100.435 ms - 698[0m
[0mGET /api/rental/settings/252 [32m200[0m 96.574 ms - 323[0m
[0mOPTIONS /api/store/list?currentLocation=13.027976977392576%2C78.91515350201537&page=3&limit=20 [32m204[0m 0.267 ms - 0[0m
[0mGET /api/store/list?currentLocation=13.027976977392576%2C78.91515350201537&page=3&limit=20 [32m200[0m 99.726 ms - -[0m
[0mOPTIONS /api/one-day/settings/241 [32m204[0m 2.439 ms - 0[0m
[0mOPTIONS /api/rental/settings/241 [32m204[0m 0.162 ms - 0[0m
[0mOPTIONS /api/one-day/settings/245 [32m204[0m 0.062 ms - 0[0m
[0mOPTIONS /api/rental/settings/245 [32m204[0m 0.291 ms - 0[0m
[0mOPTIONS /api/one-day/settings/95 [32m204[0m 0.218 ms - 0[0m
[0mOPTIONS /api/rental/settings/95 [32m204[0m 0.123 ms - 0[0m
[0mOPTIONS /api/rental/settings/58 [32m204[0m 0.355 ms - 0[0m
[0mOPTIONS /api/one-day/settings/230 [32m204[0m 0.090 ms - 0[0m
[0mOPTIONS /api/one-day/settings/58 [32m204[0m 0.043 ms - 0[0m
[0mOPTIONS /api/one-day/settings/78 [32m204[0m 0.063 ms - 0[0m
[0mOPTIONS /api/rental/settings/78 [32m204[0m 0.043 ms - 0[0m
[0mOPTIONS /api/one-day/settings/80 [32m204[0m 0.036 ms - 0[0m
[0mOPTIONS /api/rental/settings/230 [32m204[0m 0.036 ms - 0[0m
[0mOPTIONS /api/one-day/settings/248 [32m204[0m 0.034 ms - 0[0m
[0mOPTIONS /api/rental/settings/248 [32m204[0m 0.033 ms - 0[0m
[0mOPTIONS /api/rental/settings/80 [32m204[0m 0.099 ms - 0[0m
[0mOPTIONS /api/one-day/settings/227 [32m204[0m 0.049 ms - 0[0m
[0mOPTIONS /api/rental/settings/227 [32m204[0m 0.040 ms - 0[0m
[0mOPTIONS /api/one-day/settings/175 [32m204[0m 0.041 ms - 0[0m
[0mOPTIONS /api/rental/settings/175 [32m204[0m 0.363 ms - 0[0m
[0mOPTIONS /api/one-day/settings/92 [32m204[0m 0.168 ms - 0[0m
[0mOPTIONS /api/rental/settings/92 [32m204[0m 0.439 ms - 0[0m
[0mOPTIONS /api/one-day/settings/150 [32m204[0m 0.060 ms - 0[0m
[0mOPTIONS /api/rental/settings/150 [32m204[0m 0.041 ms - 0[0m
[0mOPTIONS /api/one-day/settings/251 [32m204[0m 0.197 ms - 0[0m
[0mOPTIONS /api/rental/settings/251 [32m204[0m 0.094 ms - 0[0m
[0mOPTIONS /api/one-day/settings/259 [32m204[0m 0.047 ms - 0[0m
[0mOPTIONS /api/rental/settings/259 [32m204[0m 0.050 ms - 0[0m
[0mOPTIONS /api/one-day/settings/263 [32m204[0m 0.312 ms - 0[0m
[0mOPTIONS /api/rental/settings/263 [32m204[0m 0.057 ms - 0[0m
[0mOPTIONS /api/one-day/settings/264 [32m204[0m 0.128 ms - 0[0m
[0mOPTIONS /api/rental/settings/264 [32m204[0m 0.069 ms - 0[0m
[0mOPTIONS /api/one-day/settings/265 [32m204[0m 0.080 ms - 0[0m
[0mOPTIONS /api/rental/settings/265 [32m204[0m 0.044 ms - 0[0m
[0mOPTIONS /api/one-day/settings/266 [32m204[0m 0.038 ms - 0[0m
[0mOPTIONS /api/rental/settings/266 [32m204[0m 0.034 ms - 0[0m
[0mOPTIONS /api/one-day/settings/267 [32m204[0m 0.096 ms - 0[0m
[0mOPTIONS /api/rental/settings/267 [32m204[0m 0.041 ms - 0[0m
[0mOPTIONS /api/one-day/settings/270 [32m204[0m 0.076 ms - 0[0m
[0mOPTIONS /api/rental/settings/270 [32m204[0m 0.222 ms - 0[0m
[0mGET /api/one-day/settings/245 [32m200[0m 72.608 ms - 698[0m
[0mGET /api/rental/settings/241 [32m200[0m 76.884 ms - 323[0m
[0mGET /api/rental/settings/245 [32m200[0m 90.059 ms - 323[0m
[0mGET /api/rental/settings/58 [32m200[0m 171.126 ms - 323[0m
[0mGET /api/one-day/settings/230 [32m200[0m 168.277 ms - 698[0m
[0mGET /api/one-day/settings/58 [32m200[0m 154.177 ms - 698[0m
[0mGET /api/one-day/settings/241 [32m200[0m 251.258 ms - 698[0m
[0mGET /api/one-day/settings/95 [32m200[0m 249.144 ms - 698[0m
[0mGET /api/one-day/settings/78 [32m200[0m 270.973 ms - 698[0m
[0mGET /api/rental/settings/78 [32m200[0m 276.542 ms - 323[0m
[0mGET /api/one-day/settings/248 [32m200[0m 273.437 ms - 698[0m
[0mGET /api/rental/settings/230 [32m200[0m 277.681 ms - 323[0m
[0mGET /api/one-day/settings/80 [32m200[0m 280.724 ms - 698[0m
[0mGET /api/rental/settings/95 [32m200[0m 533.546 ms - 323[0m
[0mGET /api/rental/settings/248 [32m200[0m 90.294 ms - 323[0m
[0mGET /api/one-day/settings/227 [32m200[0m 83.867 ms - 698[0m
[0mGET /api/rental/settings/80 [32m200[0m 85.734 ms - 323[0m
[0mGET /api/rental/settings/175 [32m200[0m 104.029 ms - 323[0m
[0mGET /api/one-day/settings/175 [32m200[0m 113.188 ms - 698[0m
[0mGET /api/rental/settings/227 [32m200[0m 149.718 ms - 323[0m
[0mGET /api/rental/settings/92 [32m200[0m 80.240 ms - 323[0m
[0mGET /api/one-day/settings/92 [32m200[0m 82.299 ms - 698[0m
[0mGET /api/one-day/settings/150 [32m200[0m 79.499 ms - 698[0m
[0mOPTIONS /api/rental/bookings/57 [32m204[0m 0.485 ms - 0[0m
[0mGET /api/rental/settings/150 [32m200[0m 429.608 ms - 323[0m
[0mGET /api/one-day/settings/251 [32m200[0m 425.264 ms - 698[0m
[0mGET /api/rental/settings/259 [32m200[0m 399.649 ms - 323[0m
[0mGET /api/one-day/settings/259 [32m200[0m 405.704 ms - 698[0m
[0mGET /api/one-day/settings/263 [32m200[0m 408.021 ms - 698[0m
[0mGET /api/rental/settings/251 [32m200[0m 421.458 ms - 323[0m
[0mGET /api/one-day/settings/264 [32m200[0m 67.940 ms - 698[0m
[0mGET /api/rental/settings/263 [32m200[0m 72.251 ms - 323[0m
[0mGET /api/rental/settings/264 [32m200[0m 140.641 ms - 323[0m
[0mGET /api/rental/settings/265 [32m200[0m 138.659 ms - 323[0m
[0mGET /api/one-day/settings/266 [32m200[0m 139.333 ms - 698[0m
[0mGET /api/one-day/settings/267 [32m200[0m 106.871 ms - 698[0m
[0mGET /api/rental/settings/266 [32m200[0m 110.161 ms - 323[0m
[0mGET /api/one-day/settings/265 [32m200[0m 207.501 ms - 698[0m
[0mGET /api/rental/settings/267 [32m200[0m 210.350 ms - 323[0m
[0mGET /api/rental/settings/270 [32m200[0m 198.914 ms - 323[0m
[0mGET /api/one-day/settings/270 [32m200[0m 201.247 ms - 698[0m
[0mGET /api/rental/bookings/57 [36m304[0m 567.286 ms - -[0m
[0mOPTIONS /api/store/visit [32m204[0m 0.360 ms - 0[0m
[0mOPTIONS /api/address/list/122 [32m204[0m 0.197 ms - 0[0m
[0mOPTIONS /api/store/public/by-ids [32m204[0m 0.062 ms - 0[0m
[0mOPTIONS /api/one-day/products/public/57 [32m204[0m 0.084 ms - 0[0m
[0mOPTIONS /api/one-day/settings/57 [32m204[0m 0.048 ms - 0[0m
[0mOPTIONS /api/cart/list/122 [32m204[0m 0.038 ms - 0[0m
[0mOPTIONS /api/store/product/getAllProductById/57?page=1&limit=20 [32m204[0m 0.062 ms - 0[0m
[0mGET /api/one-day/products/public/57 [36m304[0m 105.050 ms - -[0m
[0mGET /api/address/list/122 [33m404[0m 112.483 ms - 81[0m
[0mGET /api/cart/list/122 [36m304[0m 116.427 ms - -[0m
[0mGET /api/store/product/getAllProductById/57?page=1&limit=20 [32m200[0m 121.662 ms - -[0m
[0mGET /api/one-day/settings/57 [36m304[0m 156.376 ms - -[0m
[0mPOST /api/store/visit [32m201[0m 186.654 ms - 43[0m
[0mPOST /api/store/public/by-ids [32m200[0m 181.043 ms - 626[0m
[0mGET /api/one-day/settings/57 [36m304[0m 85.369 ms - -[0m
[0mOPTIONS /api/order/store/list/57 [32m204[0m 0.692 ms - 0[0m
[0mOPTIONS /api/one-day/orders/57 [32m204[0m 0.369 ms - 0[0m
[0mGET /api/order/store/list/57 [36m304[0m 78.148 ms - -[0m
[0mGET /api/one-day/orders/57 [36m304[0m 376.211 ms - -[0m
[0mOPTIONS /api/rental/bookings/57 [32m204[0m 0.238 ms - 0[0m
[0mGET /api/rental/bookings/57 [36m304[0m 244.311 ms - -[0m
[0mOPTIONS /api/order/store/list/57 [32m204[0m 0.245 ms - 0[0m
[0mGET /api/order/store/list/57 [36m304[0m 68.569 ms - -[0m
[0mOPTIONS /api/one-day/orders/57 [32m204[0m 0.564 ms - 0[0m
[0mGET /api/one-day/orders/57 [36m304[0m 311.512 ms - -[0m
[0mOPTIONS /api/rental/bookings/57 [32m204[0m 0.380 ms - 0[0m
[0mGET /api/rental/bookings/57 [36m304[0m 288.196 ms - -[0m
[0mOPTIONS /api/order/store/list/57 [32m204[0m 0.376 ms - 0[0m
[0mGET /api/order/store/list/57 [36m304[0m 59.395 ms - -[0m
[0mOPTIONS /api/one-day/orders/57 [32m204[0m 0.547 ms - 0[0m
[0mGET /api/one-day/orders/57 [36m304[0m 684.177 ms - -[0m
[0mOPTIONS /api/rental/bookings/57 [32m204[0m 0.389 ms - 0[0m
[0mGET /api/rental/bookings/57 [36m304[0m 534.937 ms - -[0m
[0mOPTIONS /api/order/store/list/57 [32m204[0m 0.453 ms - 0[0m
[0mGET /api/order/store/list/57 [36m304[0m 70.401 ms - -[0m
[0mOPTIONS /api/one-day/orders/57 [32m204[0m 0.584 ms - 0[0m
[0mGET /api/one-day/orders/57 [36m304[0m 329.188 ms - -[0m
[0mOPTIONS /api/rental/bookings/57 [32m204[0m 0.524 ms - 0[0m
[0mGET /api/rental/bookings/57 [36m304[0m 243.913 ms - -[0m
[0mOPTIONS /api/auth/upload-file [32m204[0m 0.576 ms - 0[0m
[0mPOST /api/auth/upload-file [33m400[0m 10.853 ms - 108[0m
[0mOPTIONS /api/product/update [32m204[0m 0.803 ms - 0[0m
[0mPOST /api/product/update [32m200[0m 363.616 ms - 45[0m
[0mOPTIONS /api/store/product-add [32m204[0m 0.542 ms - 0[0m
[0mPOST /api/store/product-add [32m200[0m 317.399 ms - 67[0m
[0mOPTIONS /api/product/upload-photos [32m204[0m 1.064 ms - 0[0m
[0mPOST /api/product/upload-photos [32m200[0m 353.569 ms - 699[0m
[0mOPTIONS /api/store/product/admin/getAllProductById/57 [32m204[0m 0.313 ms - 0[0m
[0mOPTIONS /api/order/store/list/57 [32m204[0m 0.309 ms - 0[0m
[0mGET /api/order/store/list/57 [36m304[0m 72.544 ms - -[0m
[0mGET /api/store/product/admin/getAllProductById/57 [32m200[0m 256.480 ms - -[0m
[0mOPTIONS /api/one-day/orders/57 [32m204[0m 0.682 ms - 0[0m
[0mGET /api/one-day/orders/57 [32m200[0m 291.025 ms - -[0m
[0mOPTIONS /api/rental/bookings/57 [32m204[0m 0.636 ms - 0[0m
[0mGET /api/rental/bookings/57 [36m304[0m 326.182 ms - -[0m
[0mOPTIONS /api/order/store/list/57 [32m204[0m 0.496 ms - 0[0m
[0mGET /api/order/store/list/57 [36m304[0m 59.080 ms - -[0m
[0mOPTIONS /api/one-day/orders/57 [32m204[0m 0.312 ms - 0[0m
[0mGET /api/one-day/orders/57 [36m304[0m 312.859 ms - -[0m
[0mOPTIONS /api/store/visit [32m204[0m 0.626 ms - 0[0m
[0mOPTIONS /api/cart/list/122 [32m204[0m 0.399 ms - 0[0m
[0mOPTIONS /api/address/list/122 [32m204[0m 0.609 ms - 0[0m
[0mOPTIONS /api/category/getAllCategory [32m204[0m 0.377 ms - 0[0m
[0mOPTIONS /api/store/list?currentLocation=13.027976977392576%2C78.91515350201537&page=1&limit=20 [32m204[0m 0.208 ms - 0[0m
[0mOPTIONS /api/auth/user/122 [32m204[0m 0.091 ms - 0[0m
[0mOPTIONS /api/category/getAllCategory [32m204[0m 0.050 ms - 0[0m
[0mOPTIONS /api/order/list/122 [32m204[0m 0.076 ms - 0[0m
[0mOPTIONS /api/rental/bookings/customer?custId=122 [32m204[0m 0.074 ms - 0[0m
[0mOPTIONS /api/store/list/57?currentLocation=13.027976977392576%2C78.91515350201537 [32m204[0m 0.262 ms - 0[0m
[0mOPTIONS /api/one-day/settings/57 [32m204[0m 0.078 ms - 0[0m
[0mOPTIONS /api/rental/settings/57 [32m204[0m 0.102 ms - 0[0m
[0mOPTIONS /api/store/product/getAllProductById/57?page=1&limit=20 [32m204[0m 0.056 ms - 0[0m
[0mGET /api/cart/list/122 [36m304[0m 70.678 ms - -[0m
[0mOPTIONS /api/store/public/by-ids [32m204[0m 0.194 ms - 0[0m
[0mOPTIONS /api/one-day/products/public/57 [32m204[0m 0.397 ms - 0[0m
[0mGET /api/category/getAllCategory [36m304[0m 80.209 ms - -[0m
[0mOPTIONS /api/store/public/by-ids [32m204[0m 0.203 ms - 0[0m
[0mPOST /api/store/visit [32m201[0m 115.563 ms - 43[0m
[0mGET /api/address/list/122 [33m404[0m 136.366 ms - 81[0m
[0mGET /api/order/list/122 [36m304[0m 159.950 ms - -[0m
[0mGET /api/rental/bookings/customer?custId=122 [36m304[0m 172.179 ms - -[0m
[0mPOST /api/store/visit [32m201[0m 301.762 ms - 43[0m
[0mGET /api/auth/user/122 [36m304[0m 329.113 ms - -[0m
[0mGET /api/one-day/settings/57 [36m304[0m 259.084 ms - -[0m
[0mGET /api/rental/settings/57 [36m304[0m 192.203 ms - -[0m
[0mGET /api/store/list?currentLocation=13.027976977392576%2C78.91515350201537&page=1&limit=20 [32m200[0m 327.406 ms - -[0m
[0mGET /api/store/product/getAllProductById/57?page=1&limit=20 [32m200[0m 149.461 ms - -[0m
[0mOPTIONS /api/cart/list/122/608 [32m204[0m 0.366 ms - 0[0m
[0mGET /api/one-day/products/public/57 [36m304[0m 62.103 ms - -[0m
[0mGET /api/cart/list/122/608 [32m200[0m 65.094 ms - 860[0m
[0mPOST /api/store/public/by-ids [32m200[0m 252.570 ms - 626[0m
[0mPOST /api/store/public/by-ids [32m200[0m 146.980 ms - 626[0m
[0mGET /api/category/getAllCategory [36m304[0m 415.375 ms - -[0m
[0mGET /api/one-day/settings/57 [36m304[0m 119.635 ms - -[0m
[0mGET /api/store/list/57?currentLocation=13.027976977392576%2C78.91515350201537 [36m304[0m 544.468 ms - -[0m
[0mOPTIONS /api/rental/bookings/57 [32m204[0m 0.493 ms - 0[0m
[0mGET /api/rental/bookings/57 [36m304[0m 253.585 ms - -[0m
[0mOPTIONS /api/order/store/list/57 [32m204[0m 0.521 ms - 0[0m
[0mGET /api/order/store/list/57 [36m304[0m 61.845 ms - -[0m
[0mOPTIONS /api/one-day/orders/57 [32m204[0m 0.374 ms - 0[0m
[0mGET /api/one-day/orders/57 [36m304[0m 290.950 ms - -[0m
[0mOPTIONS /api/rental/bookings/57 [32m204[0m 0.696 ms - 0[0m
[0mGET /api/rental/bookings/57 [36m304[0m 231.321 ms - -[0m
[0mOPTIONS /api/store/product/admin/getAllProductById/57 [32m204[0m 0.498 ms - 0[0m
[0mOPTIONS /api/product/getProductById/608 [32m204[0m 0.247 ms - 0[0m
[0mGET /api/product/getProductById/608 [32m200[0m 65.985 ms - -[0m
[0mGET /api/store/product/admin/getAllProductById/57 [36m304[0m 187.235 ms - -[0m
[0mOPTIONS /api/order/store/list/57 [32m204[0m 0.640 ms - 0[0m
[0mGET /api/order/store/list/57 [36m304[0m 60.030 ms - -[0m
[0mOPTIONS /api/one-day/orders/57 [32m204[0m 0.668 ms - 0[0m
[0mGET /api/one-day/orders/57 [36m304[0m 286.942 ms - -[0m
[0mOPTIONS /api/rental/bookings/57 [32m204[0m 0.446 ms - 0[0m
[0mGET /api/rental/bookings/57 [36m304[0m 255.261 ms - -[0m
[0mOPTIONS /api/order/store/list/57 [32m204[0m 0.575 ms - 0[0m
[0mGET /api/order/store/list/57 [36m304[0m 315.488 ms - -[0m
[0mOPTIONS /api/one-day/orders/57 [32m204[0m 0.290 ms - 0[0m
[0mGET /api/one-day/orders/57 [36m304[0m 514.056 ms - -[0m
[0mOPTIONS /api/rental/bookings/57 [32m204[0m 0.558 ms - 0[0m
[0mGET /api/rental/bookings/57 [36m304[0m 257.648 ms - -[0m
[0mOPTIONS /api/order/store/list/57 [32m204[0m 0.369 ms - 0[0m
[0mGET /api/order/store/list/57 [36m304[0m 65.626 ms - -[0m
[0mOPTIONS /api/one-day/orders/57 [32m204[0m 0.671 ms - 0[0m
[0mGET /api/one-day/orders/57 [36m304[0m 531.989 ms - -[0m
[0mOPTIONS /api/rental/bookings/57 [32m204[0m 0.421 ms - 0[0m
[0mGET /api/rental/bookings/57 [36m304[0m 523.433 ms - -[0m
[0mOPTIONS /api/order/store/list/57 [32m204[0m 0.579 ms - 0[0m
[0mGET /api/order/store/list/57 [36m304[0m 62.994 ms - -[0m
[0mOPTIONS /api/one-day/orders/57 [32m204[0m 0.491 ms - 0[0m
[0mGET /api/one-day/orders/57 [36m304[0m 363.034 ms - -[0m
[0mOPTIONS /api/rental/bookings/57 [32m204[0m 1.342 ms - 0[0m
[0mGET /api/rental/bookings/57 [36m304[0m 240.494 ms - -[0m
[0mOPTIONS /api/order/store/list/57 [32m204[0m 0.347 ms - 0[0m
[0mGET /api/order/store/list/57 [36m304[0m 60.339 ms - -[0m
[0mOPTIONS /api/one-day/orders/57 [32m204[0m 0.412 ms - 0[0m
[0mGET /api/one-day/orders/57 [36m304[0m 408.032 ms - -[0m
[0mOPTIONS /api/rental/bookings/57 [32m204[0m 0.612 ms - 0[0m
[0mGET /api/rental/bookings/57 [36m304[0m 329.015 ms - -[0m
[0mOPTIONS /api/order/store/list/57 [32m204[0m 0.395 ms - 0[0m
[0mGET /api/order/store/list/57 [36m304[0m 88.100 ms - -[0m
[0mOPTIONS /api/auth/upload-file [32m204[0m 0.508 ms - 0[0m
[0mPOST /api/auth/upload-file [33m400[0m 3.867 ms - 108[0m
[0mOPTIONS /api/product/update [32m204[0m 0.582 ms - 0[0m
[0mPOST /api/product/update [32m200[0m 384.696 ms - 45[0m
[0mOPTIONS /api/store/product-add [32m204[0m 0.404 ms - 0[0m
[0mPOST /api/store/product-add [32m200[0m 568.058 ms - 67[0m
[0mOPTIONS /api/product/upload-photos [32m204[0m 0.508 ms - 0[0m
[0mPOST /api/product/upload-photos [32m200[0m 475.145 ms - 699[0m
[0mOPTIONS /api/store/product/admin/getAllProductById/57 [32m204[0m 0.487 ms - 0[0m
[0mGET /api/store/product/admin/getAllProductById/57 [32m200[0m 185.360 ms - -[0m
[0mOPTIONS /api/one-day/orders/57 [32m204[0m 0.700 ms - 0[0m
[0mOPTIONS /api/store/visit [32m204[0m 0.360 ms - 0[0m
[0mOPTIONS /api/cart/list/122 [32m204[0m 0.634 ms - 0[0m
[0mOPTIONS /api/address/list/122 [32m204[0m 0.680 ms - 0[0m
[0mOPTIONS /api/rental/bookings/customer?custId=122 [32m204[0m 0.433 ms - 0[0m
[0mOPTIONS /api/category/getAllCategory [32m204[0m 0.377 ms - 0[0m
[0mOPTIONS /api/auth/user/122 [32m204[0m 0.258 ms - 0[0m
[0mOPTIONS /api/category/getAllCategory [32m204[0m 0.156 ms - 0[0m
[0mOPTIONS /api/order/list/122 [32m204[0m 4.335 ms - 0[0m
[0mOPTIONS /api/store/list?currentLocation=13.027976977392576%2C78.91515350201537&page=1&limit=20 [32m204[0m 2.234 ms - 0[0m
[0mOPTIONS /api/store/list/57?currentLocation=13.027976977392576%2C78.91515350201537 [32m204[0m 0.158 ms - 0[0m
[0mOPTIONS /api/one-day/settings/57 [32m204[0m 0.067 ms - 0[0m
[0mOPTIONS /api/rental/settings/57 [32m204[0m 0.102 ms - 0[0m
[0mOPTIONS /api/store/product/getAllProductById/57?page=1&limit=20 [32m204[0m 0.278 ms - 0[0m
[0mPOST /api/store/visit [32m201[0m 1001.623 ms - 43[0m
[0mGET /api/cart/list/122 [36m304[0m 1054.799 ms - -[0m
[0mOPTIONS /api/store/public/by-ids [32m204[0m 0.273 ms - 0[0m
[0mOPTIONS /api/one-day/products/public/57 [32m204[0m 0.206 ms - 0[0m
[0mOPTIONS /api/store/public/by-ids [32m204[0m 0.259 ms - 0[0m
[0mGET /api/address/list/122 [33m404[0m 1102.125 ms - 81[0m
[0mGET /api/category/getAllCategory [36m304[0m 1134.547 ms - -[0m
[0mGET /api/rental/bookings/customer?custId=122 [36m304[0m 1135.890 ms - -[0m
[0mGET /api/order/list/122 [36m304[0m 1137.684 ms - -[0m
[0mGET /api/one-day/settings/57 [36m304[0m 201.555 ms - -[0m
[0mGET /api/rental/settings/57 [36m304[0m 139.248 ms - -[0m
[0mGET /api/auth/user/122 [36m304[0m 1257.592 ms - -[0m
[0mPOST /api/store/visit [32m201[0m 1260.519 ms - 43[0m
[0mGET /api/category/getAllCategory [36m304[0m 135.157 ms - -[0m
[0mGET /api/store/product/getAllProductById/57?page=1&limit=20 [32m200[0m 145.737 ms - -[0m
[0mOPTIONS /api/cart/list/122/608 [32m204[0m 0.228 ms - 0[0m
[0mGET /api/one-day/products/public/57 [36m304[0m 68.129 ms - -[0m
[0mGET /api/store/list?currentLocation=13.027976977392576%2C78.91515350201537&page=1&limit=20 [36m304[0m 1327.034 ms - -[0m
[0mPOST /api/store/public/by-ids [32m200[0m 265.484 ms - 626[0m
[0mPOST /api/store/public/by-ids [32m200[0m 171.453 ms - 626[0m
[0mGET /api/cart/list/122/608 [36m304[0m 110.628 ms - -[0m
[0mGET /api/store/list/57?currentLocation=13.027976977392576%2C78.91515350201537 [36m304[0m 1416.955 ms - -[0m
[0mGET /api/one-day/settings/57 [36m304[0m 62.043 ms - -[0m
[0mGET /api/one-day/orders/57 [32m200[0m 2005.122 ms - -[0m
[0mOPTIONS /api/rental/bookings/57 [32m204[0m 0.367 ms - 0[0m
[0mOPTIONS /api/order/store/list/57 [32m204[0m 0.327 ms - 0[0m
[0mGET /api/order/store/list/57 [36m304[0m 74.810 ms - -[0m
[0mGET /api/rental/bookings/57 [36m304[0m 288.207 ms - -[0m
[0mOPTIONS /api/one-day/orders/57 [32m204[0m 0.538 ms - 0[0m
[0mGET /api/one-day/orders/57 [36m304[0m 327.026 ms - -[0m
[0mOPTIONS /api/order/store/list/57 [32m204[0m 0.425 ms - 0[0m
[0mOPTIONS /api/rental/bookings/57 [32m204[0m 0.209 ms - 0[0m
[0mGET /api/order/store/list/57 [36m304[0m 62.940 ms - -[0m
[0mGET /api/rental/bookings/57 [36m304[0m 239.652 ms - -[0m
[0mOPTIONS /api/one-day/orders/57 [32m204[0m 0.560 ms - 0[0m
[0mGET /api/one-day/orders/57 [36m304[0m 315.058 ms - -[0m
[0mOPTIONS /api/order/store/list/57 [32m204[0m 0.346 ms - 0[0m
[0mOPTIONS /api/rental/bookings/57 [32m204[0m 0.373 ms - 0[0m
[0mGET /api/order/store/list/57 [36m304[0m 115.441 ms - -[0m
[0mGET /api/rental/bookings/57 [36m304[0m 523.940 ms - -[0m
[0mOPTIONS /api/one-day/orders/57 [32m204[0m 0.458 ms - 0[0m
[0mGET /api/one-day/orders/57 [36m304[0m 340.723 ms - -[0m
[0mOPTIONS /api/order/store/list/57 [32m204[0m 0.695 ms - 0[0m
[0mOPTIONS /api/rental/bookings/57 [32m204[0m 0.262 ms - 0[0m
[0mGET /api/order/store/list/57 [36m304[0m 75.876 ms - -[0m
[0mGET /api/rental/bookings/57 [36m304[0m 271.538 ms - -[0m
[0mOPTIONS /api/one-day/orders/57 [32m204[0m 0.587 ms - 0[0m
[0mGET /api/one-day/orders/57 [36m304[0m 322.598 ms - -[0m
[0mOPTIONS /api/order/store/list/57 [32m204[0m 0.712 ms - 0[0m
[0mOPTIONS /api/rental/bookings/57 [32m204[0m 0.375 ms - 0[0m
[0mGET /api/order/store/list/57 [36m304[0m 60.678 ms - -[0m
[0mGET /api/rental/bookings/57 [36m304[0m 289.990 ms - -[0m
[0mOPTIONS /api/one-day/orders/57 [32m204[0m 0.562 ms - 0[0m
[0mGET /api/one-day/orders/57 [36m304[0m 332.641 ms - -[0m
[0mOPTIONS /api/order/store/list/57 [32m204[0m 1.087 ms - 0[0m
[0mOPTIONS /api/rental/bookings/57 [32m204[0m 0.401 ms - 0[0m
[0mGET /api/order/store/list/57 [36m304[0m 71.681 ms - -[0m
[0mGET /api/rental/bookings/57 [36m304[0m 248.460 ms - -[0m
[0mOPTIONS /api/one-day/orders/57 [32m204[0m 0.605 ms - 0[0m
[0mGET /api/one-day/orders/57 [36m304[0m 358.648 ms - -[0m
[0mOPTIONS /api/order/store/list/57 [32m204[0m 0.578 ms - 0[0m
[0mOPTIONS /api/rental/bookings/57 [32m204[0m 0.491 ms - 0[0m
[0mGET /api/order/store/list/57 [36m304[0m 93.527 ms - -[0m
[0mGET /api/rental/bookings/57 [36m304[0m 291.397 ms - -[0m
[0mOPTIONS /api/one-day/orders/57 [32m204[0m 0.752 ms - 0[0m
[0mGET /api/one-day/orders/57 [36m304[0m 399.400 ms - -[0m
[0mOPTIONS /api/order/store/list/57 [32m204[0m 0.734 ms - 0[0m
[0mOPTIONS /api/rental/bookings/57 [32m204[0m 0.493 ms - 0[0m
[0mGET /api/order/store/list/57 [36m304[0m 68.524 ms - -[0m
[0mGET /api/rental/bookings/57 [36m304[0m 277.072 ms - -[0m
[0mOPTIONS /api/one-day/orders/57 [32m204[0m 0.733 ms - 0[0m
[0mGET /api/one-day/orders/57 [36m304[0m 684.406 ms - -[0m
[0mOPTIONS /api/order/store/list/57 [32m204[0m 0.563 ms - 0[0m
[0mOPTIONS /api/rental/bookings/57 [32m204[0m 0.465 ms - 0[0m
[0mGET /api/order/store/list/57 [36m304[0m 67.955 ms - -[0m
[0mGET /api/rental/bookings/57 [36m304[0m 345.751 ms - -[0m
[0mOPTIONS /api/one-day/orders/57 [32m204[0m 0.831 ms - 0[0m
[0mGET /api/one-day/orders/57 [36m304[0m 342.004 ms - -[0m
[0mOPTIONS /api/order/store/list/57 [32m204[0m 0.418 ms - 0[0m
[0mOPTIONS /api/rental/bookings/57 [32m204[0m 0.307 ms - 0[0m
[0mGET /api/order/store/list/57 [36m304[0m 164.496 ms - -[0m
[0mGET /api/rental/bookings/57 [36m304[0m 564.254 ms - -[0m
[0mOPTIONS /api/one-day/orders/57 [32m204[0m 0.513 ms - 0[0m
[0mGET /api/one-day/orders/57 [36m304[0m 640.409 ms - -[0m
[0mOPTIONS /api/order/store/list/57 [32m204[0m 0.389 ms - 0[0m
[0mOPTIONS /api/rental/bookings/57 [32m204[0m 0.383 ms - 0[0m
[0mGET /api/order/store/list/57 [36m304[0m 209.804 ms - -[0m
[0mGET /api/rental/bookings/57 [36m304[0m 438.945 ms - -[0m
[0mOPTIONS /api/one-day/orders/57 [32m204[0m 0.804 ms - 0[0m
[0mOPTIONS /api/order/store/list/57 [32m204[0m 0.631 ms - 0[0m
[0mOPTIONS /api/rental/bookings/57 [32m204[0m 0.496 ms - 0[0m
[0mGET /api/order/store/list/57 [36m304[0m 1054.325 ms - -[0m
[0mGET /api/one-day/orders/57 [36m304[0m 5136.818 ms - -[0m
[0mGET /api/rental/bookings/57 [36m304[0m 3418.714 ms - -[0m
[0mOPTIONS /api/order/store/list/57 [32m204[0m 1.123 ms - 0[0m
[0mGET /api/order/store/list/57 [36m304[0m 115.498 ms - -[0m
[0mOPTIONS /api/one-day/orders/57 [32m204[0m 0.695 ms - 0[0m
[0mOPTIONS /api/rental/bookings/57 [32m204[0m 0.416 ms - 0[0m
[0mGET /api/rental/bookings/57 [36m304[0m 338.482 ms - -[0m
[0mGET /api/one-day/orders/57 [36m304[0m 449.549 ms - -[0m
[0mOPTIONS /api/order/store/list/57 [32m204[0m 1.187 ms - 0[0m
[0mGET /api/order/store/list/57 [36m304[0m 67.115 ms - -[0m
[0mOPTIONS /api/rental/bookings/57 [32m204[0m 0.545 ms - 0[0m
[0mOPTIONS /api/one-day/orders/57 [32m204[0m 0.484 ms - 0[0m
[0mGET /api/rental/bookings/57 [36m304[0m 263.552 ms - -[0m
[0mGET /api/one-day/orders/57 [36m304[0m 325.750 ms - -[0m
[0mOPTIONS /api/order/store/list/57 [32m204[0m 0.655 ms - 0[0m
[0mGET /api/order/store/list/57 [36m304[0m 62.501 ms - -[0m
[0mOPTIONS /api/rental/bookings/57 [32m204[0m 0.501 ms - 0[0m
[0mOPTIONS /api/one-day/orders/57 [32m204[0m 0.360 ms - 0[0m
[0mGET /api/rental/bookings/57 [36m304[0m 285.029 ms - -[0m
[0mGET /api/one-day/orders/57 [36m304[0m 345.755 ms - -[0m
[0mOPTIONS /api/order/store/list/57 [32m204[0m 0.468 ms - 0[0m
[0mGET /api/order/store/list/57 [36m304[0m 66.125 ms - -[0m
[0mOPTIONS /api/rental/bookings/57 [32m204[0m 0.667 ms - 0[0m
[0mOPTIONS /api/one-day/orders/57 [32m204[0m 0.510 ms - 0[0m
[0mGET /api/rental/bookings/57 [36m304[0m 278.349 ms - -[0m
[0mGET /api/one-day/orders/57 [36m304[0m 347.134 ms - -[0m
[0mOPTIONS /api/order/store/list/57 [32m204[0m 0.598 ms - 0[0m
[0mGET /api/order/store/list/57 [36m304[0m 62.319 ms - -[0m
[0mOPTIONS /api/rental/bookings/57 [32m204[0m 0.493 ms - 0[0m
[0mOPTIONS /api/one-day/orders/57 [32m204[0m 0.310 ms - 0[0m
[0mGET /api/rental/bookings/57 [36m304[0m 304.113 ms - -[0m
[0mGET /api/one-day/orders/57 [36m304[0m 332.869 ms - -[0m
[0mOPTIONS /api/order/store/list/57 [32m204[0m 0.418 ms - 0[0m
[0mGET /api/order/store/list/57 [36m304[0m 80.985 ms - -[0m
[0mOPTIONS /api/rental/bookings/57 [32m204[0m 0.739 ms - 0[0m
[0mOPTIONS /api/one-day/orders/57 [32m204[0m 0.353 ms - 0[0m
[0mGET /api/rental/bookings/57 [36m304[0m 343.740 ms - -[0m
[0mGET /api/one-day/orders/57 [36m304[0m 400.041 ms - -[0m
[0mOPTIONS /api/order/store/list/57 [32m204[0m 0.356 ms - 0[0m
[0mGET /api/order/store/list/57 [36m304[0m 93.394 ms - -[0m
[0mOPTIONS /api/rental/bookings/57 [32m204[0m 0.583 ms - 0[0m
[0mOPTIONS /api/one-day/orders/57 [32m204[0m 0.495 ms - 0[0m
[0mGET /api/rental/bookings/57 [36m304[0m 4110.420 ms - -[0m
[0mGET /api/one-day/orders/57 [36m304[0m 4713.808 ms - -[0m
[0mOPTIONS /api/order/store/list/57 [32m204[0m 0.770 ms - 0[0m
[0mGET /api/order/store/list/57 [36m304[0m 772.891 ms - -[0m
[0mOPTIONS /api/rental/bookings/57 [32m204[0m 0.587 ms - 0[0m
[0mOPTIONS /api/one-day/orders/57 [32m204[0m 0.322 ms - 0[0m
[0mGET /api/rental/bookings/57 [36m304[0m 287.383 ms - -[0m
[0mGET /api/one-day/orders/57 [36m304[0m 339.207 ms - -[0m
[0mOPTIONS /api/order/store/list/57 [32m204[0m 0.553 ms - 0[0m
[0mGET /api/order/store/list/57 [36m304[0m 59.408 ms - -[0m
[0mOPTIONS /api/rental/bookings/57 [32m204[0m 0.321 ms - 0[0m
[0mOPTIONS /api/one-day/orders/57 [32m204[0m 0.205 ms - 0[0m
[0mGET /api/rental/bookings/57 [36m304[0m 324.031 ms - -[0m
[0mGET /api/one-day/orders/57 [36m304[0m 372.456 ms - -[0m
[0mOPTIONS /api/order/store/list/57 [32m204[0m 0.424 ms - 0[0m
[0mGET /api/order/store/list/57 [36m304[0m 61.202 ms - -[0m
[0mOPTIONS /api/rental/bookings/57 [32m204[0m 0.831 ms - 0[0m
[0mOPTIONS /api/one-day/orders/57 [32m204[0m 0.481 ms - 0[0m
[0mGET /api/rental/bookings/57 [36m304[0m 253.195 ms - -[0m
[0mGET /api/one-day/orders/57 [36m304[0m 316.883 ms - -[0m
[0mOPTIONS /api/order/store/list/57 [32m204[0m 0.642 ms - 0[0m
[0mGET /api/order/store/list/57 [36m304[0m 64.024 ms - -[0m
[0mOPTIONS /api/rental/bookings/57 [32m204[0m 0.547 ms - 0[0m
[0mOPTIONS /api/one-day/orders/57 [32m204[0m 0.633 ms - 0[0m
[0mGET /api/rental/bookings/57 [36m304[0m 245.122 ms - -[0m
[0mGET /api/one-day/orders/57 [36m304[0m 306.793 ms - -[0m
[0mOPTIONS /api/order/store/list/57 [32m204[0m 0.579 ms - 0[0m
[0mGET /api/order/store/list/57 [36m304[0m 60.527 ms - -[0m
[0mOPTIONS /api/rental/bookings/57 [32m204[0m 0.641 ms - 0[0m
[0mOPTIONS /api/one-day/orders/57 [32m204[0m 0.809 ms - 0[0m
[0mGET /api/rental/bookings/57 [36m304[0m 235.595 ms - -[0m
[0mGET /api/one-day/orders/57 [36m304[0m 314.192 ms - -[0m
[0mOPTIONS /api/order/store/list/57 [32m204[0m 0.714 ms - 0[0m
[0mGET /api/order/store/list/57 [36m304[0m 63.315 ms - -[0m
[0mOPTIONS /api/rental/bookings/57 [32m204[0m 0.387 ms - 0[0m
[0mOPTIONS /api/one-day/orders/57 [32m204[0m 0.330 ms - 0[0m
[0mGET /api/rental/bookings/57 [36m304[0m 235.746 ms - -[0m
[0mGET /api/one-day/orders/57 [36m304[0m 316.923 ms - -[0m
[0mOPTIONS /api/order/store/list/57 [32m204[0m 0.547 ms - 0[0m
[0mGET /api/order/store/list/57 [36m304[0m 62.571 ms - -[0m
[0mOPTIONS /api/rental/bookings/57 [32m204[0m 0.530 ms - 0[0m
[0mOPTIONS /api/one-day/orders/57 [32m204[0m 0.451 ms - 0[0m
[0mGET /api/rental/bookings/57 [36m304[0m 257.329 ms - -[0m
[0mGET /api/one-day/orders/57 [36m304[0m 574.570 ms - -[0m
[0mOPTIONS /api/order/store/list/57 [32m204[0m 0.598 ms - 0[0m
[0mGET /api/order/store/list/57 [36m304[0m 58.253 ms - -[0m
[0mOPTIONS /api/rental/bookings/57 [32m204[0m 0.598 ms - 0[0m
[0mOPTIONS /api/one-day/orders/57 [32m204[0m 0.297 ms - 0[0m
[0mGET /api/rental/bookings/57 [36m304[0m 275.909 ms - -[0m
[0mGET /api/one-day/orders/57 [36m304[0m 520.593 ms - -[0m
[0mOPTIONS /api/order/store/list/57 [32m204[0m 1.130 ms - 0[0m
[0mGET /api/order/store/list/57 [36m304[0m 80.669 ms - -[0m
[0mOPTIONS /api/rental/bookings/57 [32m204[0m 0.625 ms - 0[0m
[0mOPTIONS /api/one-day/orders/57 [32m204[0m 1.771 ms - 0[0m
[0mGET /api/rental/bookings/57 [36m304[0m 308.691 ms - -[0m
[0mGET /api/one-day/orders/57 [36m304[0m 334.835 ms - -[0m
[0mOPTIONS /api/order/store/list/57 [32m204[0m 0.777 ms - 0[0m
[0mGET /api/order/store/list/57 [36m304[0m 91.066 ms - -[0m
[0mOPTIONS /api/rental/bookings/57 [32m204[0m 0.391 ms - 0[0m
[0mOPTIONS /api/one-day/orders/57 [32m204[0m 0.542 ms - 0[0m
[0mGET /api/rental/bookings/57 [36m304[0m 238.612 ms - -[0m
[0mGET /api/one-day/orders/57 [36m304[0m 320.010 ms - -[0m
[0mOPTIONS /api/order/store/list/57 [32m204[0m 0.787 ms - 0[0m
[0mGET /api/order/store/list/57 [36m304[0m 61.236 ms - -[0m
[0mOPTIONS /api/rental/bookings/57 [32m204[0m 0.769 ms - 0[0m
[0mOPTIONS /api/one-day/orders/57 [32m204[0m 0.376 ms - 0[0m
[0mGET /api/rental/bookings/57 [36m304[0m 232.320 ms - -[0m
[0mGET /api/one-day/orders/57 [36m304[0m 304.076 ms - -[0m
[0mOPTIONS /api/order/store/list/57 [32m204[0m 0.777 ms - 0[0m
[0mGET /api/order/store/list/57 [36m304[0m 64.607 ms - -[0m
[0mOPTIONS /api/rental/bookings/57 [32m204[0m 0.731 ms - 0[0m
[0mOPTIONS /api/one-day/orders/57 [32m204[0m 0.468 ms - 0[0m
[0mGET /api/one-day/orders/57 [36m304[0m 288.102 ms - -[0m
[0mGET /api/rental/bookings/57 [36m304[0m 571.010 ms - -[0m
[0mOPTIONS /api/order/store/list/57 [32m204[0m 0.714 ms - 0[0m
[0mGET /api/order/store/list/57 [36m304[0m 63.790 ms - -[0m
[0mOPTIONS /api/one-day/orders/57 [32m204[0m 0.688 ms - 0[0m
[0mOPTIONS /api/rental/bookings/57 [32m204[0m 0.682 ms - 0[0m
[0mGET /api/one-day/orders/57 [36m304[0m 302.697 ms - -[0m
[0mGET /api/rental/bookings/57 [36m304[0m 369.334 ms - -[0m
[0mOPTIONS /api/order/store/list/57 [32m204[0m 0.586 ms - 0[0m
[0mGET /api/order/store/list/57 [36m304[0m 62.940 ms - -[0m
[0mOPTIONS /api/one-day/orders/57 [32m204[0m 0.665 ms - 0[0m
[0mOPTIONS /api/rental/bookings/57 [32m204[0m 0.453 ms - 0[0m
[0mGET /api/rental/bookings/57 [36m304[0m 272.288 ms - -[0m
[0mGET /api/one-day/orders/57 [36m304[0m 316.876 ms - -[0m
[0mOPTIONS /api/order/store/list/57 [32m204[0m 0.929 ms - 0[0m
[0mGET /api/order/store/list/57 [36m304[0m 56.425 ms - -[0m
[0mOPTIONS /api/rental/bookings/57 [32m204[0m 0.786 ms - 0[0m
[0mOPTIONS /api/one-day/orders/57 [32m204[0m 0.430 ms - 0[0m
[0mGET /api/rental/bookings/57 [36m304[0m 259.323 ms - -[0m
[0mGET /api/one-day/orders/57 [36m304[0m 323.612 ms - -[0m
[0mOPTIONS /api/order/store/list/57 [32m204[0m 0.816 ms - 0[0m
[0mGET /api/order/store/list/57 [36m304[0m 63.267 ms - -[0m
[0mOPTIONS /api/rental/bookings/57 [32m204[0m 0.856 ms - 0[0m
[0mOPTIONS /api/one-day/orders/57 [32m204[0m 0.481 ms - 0[0m
[0mGET /api/rental/bookings/57 [36m304[0m 262.091 ms - -[0m
[0mGET /api/one-day/orders/57 [36m304[0m 327.886 ms - -[0m
[0mOPTIONS /api/order/store/list/57 [32m204[0m 0.491 ms - 0[0m
[0mGET /api/order/store/list/57 [36m304[0m 62.233 ms - -[0m
[0mOPTIONS /api/rental/bookings/57 [32m204[0m 1.088 ms - 0[0m
[0mOPTIONS /api/one-day/orders/57 [32m204[0m 0.480 ms - 0[0m
[0mGET /api/rental/bookings/57 [36m304[0m 278.922 ms - -[0m
[0mGET /api/one-day/orders/57 [36m304[0m 317.576 ms - -[0m
[0mOPTIONS /api/order/store/list/57 [32m204[0m 0.911 ms - 0[0m
[0mGET /api/order/store/list/57 [36m304[0m 58.229 ms - -[0m
[0mOPTIONS /api/rental/bookings/57 [32m204[0m 0.792 ms - 0[0m
[0mOPTIONS /api/one-day/orders/57 [32m204[0m 0.457 ms - 0[0m
[0mGET /api/rental/bookings/57 [36m304[0m 317.598 ms - -[0m
[0mGET /api/one-day/orders/57 [36m304[0m 379.084 ms - -[0m
[0mOPTIONS /api/order/store/list/57 [32m204[0m 0.663 ms - 0[0m
[0mGET /api/order/store/list/57 [36m304[0m 62.694 ms - -[0m
[0mOPTIONS /api/rental/bookings/57 [32m204[0m 0.726 ms - 0[0m
[0mOPTIONS /api/one-day/orders/57 [32m204[0m 0.402 ms - 0[0m
[0mGET /api/rental/bookings/57 [36m304[0m 302.914 ms - -[0m
[0mGET /api/one-day/orders/57 [36m304[0m 350.544 ms - -[0m
[0mOPTIONS /api/order/store/list/57 [32m204[0m 1.373 ms - 0[0m
[0mGET /api/order/store/list/57 [36m304[0m 58.831 ms - -[0m
[0mOPTIONS /api/rental/bookings/57 [32m204[0m 0.812 ms - 0[0m
[0mOPTIONS /api/one-day/orders/57 [32m204[0m 0.287 ms - 0[0m
[0mGET /api/rental/bookings/57 [36m304[0m 299.495 ms - -[0m
[0mGET /api/one-day/orders/57 [36m304[0m 360.238 ms - -[0m
[0mOPTIONS /api/order/store/list/57 [32m204[0m 0.774 ms - 0[0m
[0mGET /api/order/store/list/57 [36m304[0m 62.739 ms - -[0m
[0mOPTIONS /api/rental/bookings/57 [32m204[0m 0.797 ms - 0[0m
[0mOPTIONS /api/one-day/orders/57 [32m204[0m 0.403 ms - 0[0m
[0mGET /api/rental/bookings/57 [36m304[0m 284.111 ms - -[0m
[0mGET /api/one-day/orders/57 [36m304[0m 818.086 ms - -[0m
[0mOPTIONS /api/order/store/list/57 [32m204[0m 0.615 ms - 0[0m
[0mGET /api/order/store/list/57 [36m304[0m 58.824 ms - -[0m
[0mOPTIONS /api/rental/bookings/57 [32m204[0m 0.608 ms - 0[0m
[0mOPTIONS /api/one-day/orders/57 [32m204[0m 0.454 ms - 0[0m
[0mGET /api/rental/bookings/57 [36m304[0m 297.955 ms - -[0m
[0mGET /api/one-day/orders/57 [36m304[0m 325.931 ms - -[0m
[0mOPTIONS /api/order/store/list/57 [32m204[0m 0.598 ms - 0[0m
[0mGET /api/order/store/list/57 [36m304[0m 61.016 ms - -[0m
[0mOPTIONS /api/rental/bookings/57 [32m204[0m 0.580 ms - 0[0m
[0mOPTIONS /api/one-day/orders/57 [32m204[0m 0.321 ms - 0[0m
[0mGET /api/rental/bookings/57 [36m304[0m 279.873 ms - -[0m
[0mGET /api/one-day/orders/57 [36m304[0m 317.838 ms - -[0m
[0mOPTIONS /api/order/store/list/57 [32m204[0m 0.500 ms - 0[0m
[0mGET /api/order/store/list/57 [36m304[0m 57.146 ms - -[0m
[0mOPTIONS /api/rental/bookings/57 [32m204[0m 0.735 ms - 0[0m
[0mOPTIONS /api/one-day/orders/57 [32m204[0m 0.292 ms - 0[0m
[0mGET /api/one-day/orders/57 [36m304[0m 334.344 ms - -[0m
[0mGET /api/rental/bookings/57 [36m304[0m 564.599 ms - -[0m
[0mOPTIONS /api/order/store/list/57 [32m204[0m 0.609 ms - 0[0m
[0mGET /api/order/store/list/57 [36m304[0m 56.311 ms - -[0m
[0mOPTIONS /api/one-day/orders/57 [32m204[0m 0.665 ms - 0[0m
[0mOPTIONS /api/rental/bookings/57 [32m204[0m 0.367 ms - 0[0m
[0mGET /api/rental/bookings/57 [36m304[0m 276.699 ms - -[0m
[0mGET /api/one-day/orders/57 [36m304[0m 331.922 ms - -[0m
[0mOPTIONS /api/order/store/list/57 [32m204[0m 0.652 ms - 0[0m
[0mGET /api/order/store/list/57 [36m304[0m 76.718 ms - -[0m
[0mOPTIONS /api/rental/bookings/57 [32m204[0m 0.444 ms - 0[0m
[0mOPTIONS /api/one-day/orders/57 [32m204[0m 0.236 ms - 0[0m
[0mGET /api/rental/bookings/57 [36m304[0m 266.931 ms - -[0m
[0mGET /api/one-day/orders/57 [36m304[0m 293.139 ms - -[0m
[0mOPTIONS /api/order/store/list/57 [32m204[0m 0.746 ms - 0[0m
[0mGET /api/order/store/list/57 [36m304[0m 56.434 ms - -[0m
[0mOPTIONS /api/rental/bookings/57 [32m204[0m 0.953 ms - 0[0m
[0mOPTIONS /api/one-day/orders/57 [32m204[0m 1.175 ms - 0[0m
[0mGET /api/rental/bookings/57 [36m304[0m 243.812 ms - -[0m
[0mGET /api/one-day/orders/57 [36m304[0m 323.102 ms - -[0m
[0mOPTIONS /api/order/store/list/57 [32m204[0m 0.536 ms - 0[0m
[0mGET /api/order/store/list/57 [36m304[0m 196.218 ms - -[0m
[0mOPTIONS /api/rental/bookings/57 [32m204[0m 0.736 ms - 0[0m
[0mOPTIONS /api/one-day/orders/57 [32m204[0m 0.393 ms - 0[0m
[0mGET /api/rental/bookings/57 [36m304[0m 253.465 ms - -[0m
[0mGET /api/one-day/orders/57 [36m304[0m 334.604 ms - -[0m
[0mOPTIONS /api/order/store/list/57 [32m204[0m 0.691 ms - 0[0m
[0mGET /api/order/store/list/57 [36m304[0m 62.618 ms - -[0m
[0mOPTIONS /api/rental/bookings/57 [32m204[0m 0.782 ms - 0[0m
[0mOPTIONS /api/one-day/orders/57 [32m204[0m 0.303 ms - 0[0m
[0mGET /api/rental/bookings/57 [36m304[0m 266.822 ms - -[0m
[0mGET /api/one-day/orders/57 [36m304[0m 307.963 ms - -[0m
[0mOPTIONS /api/order/store/list/57 [32m204[0m 0.608 ms - 0[0m
[0mGET /api/order/store/list/57 [36m304[0m 58.250 ms - -[0m
[0mOPTIONS /api/rental/bookings/57 [32m204[0m 0.639 ms - 0[0m
[0mOPTIONS /api/one-day/orders/57 [32m204[0m 0.759 ms - 0[0m
[0mGET /api/rental/bookings/57 [36m304[0m 248.460 ms - -[0m
[0mGET /api/one-day/orders/57 [36m304[0m 317.174 ms - -[0m
[0mOPTIONS /api/order/store/list/57 [32m204[0m 0.713 ms - 0[0m
[0mGET /api/order/store/list/57 [36m304[0m 61.824 ms - -[0m
[0mOPTIONS /api/rental/bookings/57 [32m204[0m 0.735 ms - 0[0m
[0mOPTIONS /api/one-day/orders/57 [32m204[0m 0.428 ms - 0[0m
[0mGET /api/rental/bookings/57 [36m304[0m 244.479 ms - -[0m
[0mGET /api/one-day/orders/57 [36m304[0m 330.221 ms - -[0m
[0mOPTIONS /api/order/store/list/57 [32m204[0m 0.522 ms - 0[0m
[0mGET /api/order/store/list/57 [36m304[0m 62.283 ms - -[0m
[0mOPTIONS /api/rental/bookings/57 [32m204[0m 0.683 ms - 0[0m
[0mOPTIONS /api/one-day/orders/57 [32m204[0m 0.213 ms - 0[0m
[0mGET /api/rental/bookings/57 [36m304[0m 248.718 ms - -[0m
[0mGET /api/one-day/orders/57 [36m304[0m 322.374 ms - -[0m
[0mOPTIONS /api/order/store/list/57 [32m204[0m 0.725 ms - 0[0m
[0mGET /api/order/store/list/57 [36m304[0m 64.119 ms - -[0m
[0mOPTIONS /api/rental/bookings/57 [32m204[0m 1.380 ms - 0[0m
[0mOPTIONS /api/one-day/orders/57 [32m204[0m 0.442 ms - 0[0m
[0mGET /api/rental/bookings/57 [36m304[0m 264.168 ms - -[0m
[0mGET /api/one-day/orders/57 [36m304[0m 419.259 ms - -[0m
[0mOPTIONS /api/order/store/list/57 [32m204[0m 0.550 ms - 0[0m
[0mGET /api/order/store/list/57 [36m304[0m 63.589 ms - -[0m
[0mOPTIONS /api/rental/bookings/57 [32m204[0m 0.599 ms - 0[0m
[0mOPTIONS /api/one-day/orders/57 [32m204[0m 0.497 ms - 0[0m
[0mGET /api/rental/bookings/57 [36m304[0m 242.416 ms - -[0m
[0mGET /api/one-day/orders/57 [36m304[0m 325.781 ms - -[0m
[0mOPTIONS /api/order/store/list/57 [32m204[0m 0.686 ms - 0[0m
[0mGET /api/order/store/list/57 [36m304[0m 61.404 ms - -[0m
[0mOPTIONS /api/rental/bookings/57 [32m204[0m 1.029 ms - 0[0m
[0mOPTIONS /api/one-day/orders/57 [32m204[0m 0.962 ms - 0[0m
[0mGET /api/rental/bookings/57 [36m304[0m 245.906 ms - -[0m
[0mGET /api/one-day/orders/57 [36m304[0m 327.672 ms - -[0m
[0mOPTIONS /api/order/store/list/57 [32m204[0m 0.719 ms - 0[0m
[0mGET /api/order/store/list/57 [36m304[0m 70.032 ms - -[0m
[0mOPTIONS /api/rental/bookings/57 [32m204[0m 0.608 ms - 0[0m
[0mOPTIONS /api/one-day/orders/57 [32m204[0m 0.227 ms - 0[0m
[0mGET /api/rental/bookings/57 [36m304[0m 250.184 ms - -[0m
[0mGET /api/one-day/orders/57 [36m304[0m 308.768 ms - -[0m
[0mOPTIONS /api/order/store/list/57 [32m204[0m 0.375 ms - 0[0m
[0mGET /api/order/store/list/57 [36m304[0m 62.615 ms - -[0m
[0mOPTIONS /api/rental/bookings/57 [32m204[0m 0.813 ms - 0[0m
[0mOPTIONS /api/one-day/orders/57 [32m204[0m 0.508 ms - 0[0m
[0mGET /api/rental/bookings/57 [36m304[0m 274.800 ms - -[0m
[0mGET /api/one-day/orders/57 [36m304[0m 300.243 ms - -[0m
[0mOPTIONS /api/order/store/list/57 [32m204[0m 0.653 ms - 0[0m
[0mGET /api/order/store/list/57 [36m304[0m 58.920 ms - -[0m
[0mOPTIONS /api/rental/bookings/57 [32m204[0m 0.675 ms - 0[0m
[0mOPTIONS /api/one-day/orders/57 [32m204[0m 0.187 ms - 0[0m
[0mGET /api/rental/bookings/57 [36m304[0m 246.293 ms - -[0m
[0mGET /api/one-day/orders/57 [36m304[0m 322.178 ms - -[0m
[0mOPTIONS /api/order/store/list/57 [32m204[0m 0.546 ms - 0[0m
[0mGET /api/order/store/list/57 [36m304[0m 63.971 ms - -[0m
[0mOPTIONS /api/rental/bookings/57 [32m204[0m 1.478 ms - 0[0m
[0mOPTIONS /api/one-day/orders/57 [32m204[0m 0.540 ms - 0[0m
[0mGET /api/rental/bookings/57 [36m304[0m 247.305 ms - -[0m
[0mGET /api/one-day/orders/57 [36m304[0m 324.080 ms - -[0m
[0mOPTIONS /api/order/store/list/57 [32m204[0m 0.445 ms - 0[0m
[0mGET /api/order/store/list/57 [36m304[0m 79.386 ms - -[0m
[0mOPTIONS /api/rental/bookings/57 [32m204[0m 0.767 ms - 0[0m
[0mOPTIONS /api/one-day/orders/57 [32m204[0m 0.498 ms - 0[0m
[0mGET /api/rental/bookings/57 [36m304[0m 277.845 ms - -[0m
[0mGET /api/one-day/orders/57 [36m304[0m 307.216 ms - -[0m
[0mOPTIONS /api/order/store/list/57 [32m204[0m 0.747 ms - 0[0m
[0mGET /api/order/store/list/57 [36m304[0m 77.134 ms - -[0m
[0mOPTIONS /api/rental/bookings/57 [32m204[0m 0.608 ms - 0[0m
[0mOPTIONS /api/one-day/orders/57 [32m204[0m 0.379 ms - 0[0m
[0mGET /api/rental/bookings/57 [36m304[0m 263.799 ms - -[0m
[0mGET /api/one-day/orders/57 [36m304[0m 336.057 ms - -[0m
[0mOPTIONS /api/order/store/list/57 [32m204[0m 0.793 ms - 0[0m
[0mGET /api/order/store/list/57 [36m304[0m 94.456 ms - -[0m
[0mOPTIONS /api/rental/bookings/57 [32m204[0m 0.607 ms - 0[0m
[0mOPTIONS /api/one-day/orders/57 [32m204[0m 0.833 ms - 0[0m
[0mGET /api/rental/bookings/57 [36m304[0m 257.047 ms - -[0m
[0mGET /api/one-day/orders/57 [36m304[0m 333.551 ms - -[0m
[0mOPTIONS /api/order/store/list/57 [32m204[0m 0.751 ms - 0[0m
[0mGET /api/order/store/list/57 [36m304[0m 79.083 ms - -[0m
[0mOPTIONS /api/rental/bookings/57 [32m204[0m 0.880 ms - 0[0m
[0mOPTIONS /api/one-day/orders/57 [32m204[0m 0.604 ms - 0[0m
[0mGET /api/rental/bookings/57 [36m304[0m 262.359 ms - -[0m
[0mGET /api/one-day/orders/57 [36m304[0m 329.300 ms - -[0m
[0mOPTIONS /api/order/store/list/57 [32m204[0m 1.149 ms - 0[0m
[0mGET /api/order/store/list/57 [36m304[0m 76.554 ms - -[0m
[0mOPTIONS /api/rental/bookings/57 [32m204[0m 0.991 ms - 0[0m
[0mOPTIONS /api/one-day/orders/57 [32m204[0m 0.641 ms - 0[0m
[0mGET /api/rental/bookings/57 [36m304[0m 251.808 ms - -[0m
[0mGET /api/one-day/orders/57 [36m304[0m 336.831 ms - -[0m
[0mOPTIONS /api/order/store/list/57 [32m204[0m 0.326 ms - 0[0m
[0mGET /api/order/store/list/57 [36m304[0m 83.925 ms - -[0m
[0mOPTIONS /api/rental/bookings/57 [32m204[0m 0.735 ms - 0[0m
[0mOPTIONS /api/one-day/orders/57 [32m204[0m 0.436 ms - 0[0m
[0mGET /api/rental/bookings/57 [36m304[0m 268.415 ms - -[0m
[0mGET /api/one-day/orders/57 [36m304[0m 334.807 ms - -[0m
[0mOPTIONS /api/order/store/list/57 [32m204[0m 0.749 ms - 0[0m
[0mGET /api/order/store/list/57 [36m304[0m 79.561 ms - -[0m
[0mOPTIONS /api/rental/bookings/57 [32m204[0m 0.745 ms - 0[0m
[0mOPTIONS /api/one-day/orders/57 [32m204[0m 0.446 ms - 0[0m
[0mGET /api/rental/bookings/57 [36m304[0m 270.640 ms - -[0m
[0mGET /api/one-day/orders/57 [36m304[0m 321.649 ms - -[0m
[0mOPTIONS /api/order/store/list/57 [32m204[0m 1.274 ms - 0[0m
[0mGET /api/order/store/list/57 [36m304[0m 78.434 ms - -[0m
[0mOPTIONS /api/rental/bookings/57 [32m204[0m 0.666 ms - 0[0m
[0mOPTIONS /api/one-day/orders/57 [32m204[0m 0.205 ms - 0[0m
[0mGET /api/rental/bookings/57 [36m304[0m 269.635 ms - -[0m
[0mGET /api/one-day/orders/57 [36m304[0m 389.939 ms - -[0m
[0mOPTIONS /api/order/store/list/57 [32m204[0m 0.585 ms - 0[0m
[0mGET /api/order/store/list/57 [36m304[0m 79.669 ms - -[0m
[0mOPTIONS /api/rental/bookings/57 [32m204[0m 0.573 ms - 0[0m
[0mOPTIONS /api/one-day/orders/57 [32m204[0m 0.316 ms - 0[0m
[0mGET /api/rental/bookings/57 [36m304[0m 256.256 ms - -[0m
[0mGET /api/one-day/orders/57 [36m304[0m 327.149 ms - -[0m
[0mOPTIONS /api/order/store/list/57 [32m204[0m 0.645 ms - 0[0m
[0mGET /api/order/store/list/57 [36m304[0m 84.497 ms - -[0m
[0mOPTIONS /api/rental/bookings/57 [32m204[0m 0.388 ms - 0[0m
[0mOPTIONS /api/one-day/orders/57 [32m204[0m 0.259 ms - 0[0m
[0mGET /api/rental/bookings/57 [36m304[0m 247.911 ms - -[0m
[0mGET /api/one-day/orders/57 [36m304[0m 310.279 ms - -[0m
[0mOPTIONS /api/order/store/list/57 [32m204[0m 0.880 ms - 0[0m
[0mGET /api/order/store/list/57 [36m304[0m 63.403 ms - -[0m
[0mOPTIONS /api/rental/bookings/57 [32m204[0m 1.641 ms - 0[0m
[0mOPTIONS /api/one-day/orders/57 [32m204[0m 0.560 ms - 0[0m
[0mGET /api/rental/bookings/57 [36m304[0m 262.603 ms - -[0m
[0mGET /api/one-day/orders/57 [36m304[0m 291.866 ms - -[0m
[0mOPTIONS /api/order/store/list/57 [32m204[0m 0.707 ms - 0[0m
[0mGET /api/order/store/list/57 [36m304[0m 58.439 ms - -[0m
[0mOPTIONS /api/rental/bookings/57 [32m204[0m 0.693 ms - 0[0m
[0mOPTIONS /api/one-day/orders/57 [32m204[0m 0.376 ms - 0[0m
[0mGET /api/rental/bookings/57 [36m304[0m 232.632 ms - -[0m
[0mGET /api/one-day/orders/57 [36m304[0m 308.733 ms - -[0m
[0mOPTIONS /api/order/store/list/57 [32m204[0m 0.641 ms - 0[0m
[0mGET /api/order/store/list/57 [36m304[0m 61.004 ms - -[0m
[0mOPTIONS /api/rental/bookings/57 [32m204[0m 0.706 ms - 0[0m
[0mOPTIONS /api/one-day/orders/57 [32m204[0m 0.259 ms - 0[0m
[0mGET /api/rental/bookings/57 [36m304[0m 268.608 ms - -[0m
[0mGET /api/one-day/orders/57 [36m304[0m 331.953 ms - -[0m
[0mOPTIONS /api/order/store/list/57 [32m204[0m 0.752 ms - 0[0m
[0mGET /api/order/store/list/57 [36m304[0m 63.698 ms - -[0m
[0mOPTIONS /api/rental/bookings/57 [32m204[0m 1.052 ms - 0[0m
[0mOPTIONS /api/one-day/orders/57 [32m204[0m 0.509 ms - 0[0m
[0mGET /api/rental/bookings/57 [36m304[0m 247.981 ms - -[0m
[0mGET /api/one-day/orders/57 [36m304[0m 317.862 ms - -[0m
[0mOPTIONS /api/order/store/list/57 [32m204[0m 1.347 ms - 0[0m
[0mGET /api/order/store/list/57 [36m304[0m 63.999 ms - -[0m
[0mOPTIONS /api/rental/bookings/57 [32m204[0m 1.143 ms - 0[0m
[0mOPTIONS /api/one-day/orders/57 [32m204[0m 0.368 ms - 0[0m
[0mGET /api/rental/bookings/57 [36m304[0m 260.314 ms - -[0m
[0mGET /api/one-day/orders/57 [36m304[0m 324.137 ms - -[0m
[0mOPTIONS /api/order/store/list/57 [32m204[0m 0.798 ms - 0[0m
[0mGET /api/order/store/list/57 [36m304[0m 65.583 ms - -[0m
[0mOPTIONS /api/rental/bookings/57 [32m204[0m 0.685 ms - 0[0m
[0mOPTIONS /api/one-day/orders/57 [32m204[0m 0.430 ms - 0[0m
[0mGET /api/rental/bookings/57 [36m304[0m 254.164 ms - -[0m
[0mGET /api/one-day/orders/57 [36m304[0m 291.061 ms - -[0m
[0mOPTIONS /api/order/store/list/57 [32m204[0m 0.598 ms - 0[0m
[0mGET /api/order/store/list/57 [36m304[0m 63.292 ms - -[0m
[0mOPTIONS /api/rental/bookings/57 [32m204[0m 0.612 ms - 0[0m
[0mOPTIONS /api/one-day/orders/57 [32m204[0m 0.311 ms - 0[0m
[0mGET /api/rental/bookings/57 [36m304[0m 399.079 ms - -[0m
[0mGET /api/one-day/orders/57 [36m304[0m 455.461 ms - -[0m
[0mOPTIONS /api/order/store/list/57 [32m204[0m 0.711 ms - 0[0m
[0mGET /api/order/store/list/57 [36m304[0m 257.066 ms - -[0m
[0mOPTIONS /api/rental/bookings/57 [32m204[0m 0.681 ms - 0[0m
[0mOPTIONS /api/one-day/orders/57 [32m204[0m 0.333 ms - 0[0m
[0mOPTIONS /api/order/store/list/57 [32m204[0m 0.533 ms - 0[0m
[0mGET /api/order/store/list/57 [36m304[0m 935.277 ms - -[0m
[0mGET /api/rental/bookings/57 [36m304[0m 4039.789 ms - -[0m
[0mGET /api/one-day/orders/57 [36m304[0m 4187.301 ms - -[0m
[0mOPTIONS /api/order/store/list/57 [32m204[0m 0.551 ms - 0[0m
[0mGET /api/order/store/list/57 [36m304[0m 69.298 ms - -[0m
[0mOPTIONS /api/rental/bookings/57 [32m204[0m 0.579 ms - 0[0m
[0mOPTIONS /api/one-day/orders/57 [32m204[0m 0.326 ms - 0[0m
[0mGET /api/rental/bookings/57 [36m304[0m 279.062 ms - -[0m
[0mGET /api/one-day/orders/57 [36m304[0m 338.319 ms - -[0m
[0mOPTIONS /api/order/store/list/57 [32m204[0m 0.449 ms - 0[0m
[0mGET /api/order/store/list/57 [36m304[0m 64.388 ms - -[0m
[0mOPTIONS /api/rental/bookings/57 [32m204[0m 0.868 ms - 0[0m
[0mOPTIONS /api/one-day/orders/57 [32m204[0m 0.362 ms - 0[0m
[0mGET /api/rental/bookings/57 [36m304[0m 257.037 ms - -[0m
[0mGET /api/one-day/orders/57 [36m304[0m 433.870 ms - -[0m
[0mOPTIONS /api/order/store/list/57 [32m204[0m 0.471 ms - 0[0m
[0mGET /api/order/store/list/57 [36m304[0m 65.866 ms - -[0m
[0mOPTIONS /api/rental/bookings/57 [32m204[0m 0.822 ms - 0[0m
[0mOPTIONS /api/one-day/orders/57 [32m204[0m 0.465 ms - 0[0m
[0mGET /api/rental/bookings/57 [36m304[0m 285.658 ms - -[0m
[0mGET /api/one-day/orders/57 [36m304[0m 325.314 ms - -[0m
[0mOPTIONS /api/order/store/list/57 [32m204[0m 0.568 ms - 0[0m
[0mGET /api/order/store/list/57 [36m304[0m 78.735 ms - -[0m
[0mOPTIONS /api/rental/bookings/57 [32m204[0m 0.604 ms - 0[0m
[0mOPTIONS /api/one-day/orders/57 [32m204[0m 0.468 ms - 0[0m
[0mGET /api/rental/bookings/57 [36m304[0m 620.518 ms - -[0m
[0mGET /api/one-day/orders/57 [36m304[0m 873.700 ms - -[0m
[0mOPTIONS /api/order/store/list/57 [32m204[0m 0.668 ms - 0[0m
[0mGET /api/order/store/list/57 [36m304[0m 88.392 ms - -[0m
[0mOPTIONS /api/rental/bookings/57 [32m204[0m 0.989 ms - 0[0m
[0mOPTIONS /api/one-day/orders/57 [32m204[0m 0.319 ms - 0[0m
[0mGET /api/rental/bookings/57 [36m304[0m 276.994 ms - -[0m
[0mGET /api/one-day/orders/57 [36m304[0m 445.844 ms - -[0m
[0mOPTIONS /api/order/store/list/57 [32m204[0m 0.988 ms - 0[0m
[0mGET /api/order/store/list/57 [36m304[0m 65.248 ms - -[0m
[0mOPTIONS /api/rental/bookings/57 [32m204[0m 0.674 ms - 0[0m
[0mOPTIONS /api/one-day/orders/57 [32m204[0m 0.364 ms - 0[0m
[0mGET /api/rental/bookings/57 [36m304[0m 260.740 ms - -[0m
[0mGET /api/one-day/orders/57 [36m304[0m 346.941 ms - -[0m
[0mOPTIONS /api/order/store/list/57 [32m204[0m 0.543 ms - 0[0m
[0mGET /api/order/store/list/57 [36m304[0m 63.021 ms - -[0m
[0mOPTIONS /api/rental/bookings/57 [32m204[0m 0.694 ms - 0[0m
[0mOPTIONS /api/one-day/orders/57 [32m204[0m 0.456 ms - 0[0m
[0mGET /api/rental/bookings/57 [36m304[0m 278.464 ms - -[0m
[0mGET /api/one-day/orders/57 [36m304[0m 326.016 ms - -[0m
[0mOPTIONS /api/order/store/list/57 [32m204[0m 0.638 ms - 0[0m
[0mGET /api/order/store/list/57 [36m304[0m 64.378 ms - -[0m
[0mOPTIONS /api/rental/bookings/57 [32m204[0m 0.516 ms - 0[0m
[0mOPTIONS /api/one-day/orders/57 [32m204[0m 0.426 ms - 0[0m
[0mGET /api/rental/bookings/57 [36m304[0m 259.046 ms - -[0m
[0mGET /api/one-day/orders/57 [36m304[0m 328.199 ms - -[0m
[0mOPTIONS /api/order/store/list/57 [32m204[0m 0.617 ms - 0[0m
[0mGET /api/order/store/list/57 [36m304[0m 63.712 ms - -[0m
[0mOPTIONS /api/rental/bookings/57 [32m204[0m 0.686 ms - 0[0m
[0mOPTIONS /api/one-day/orders/57 [32m204[0m 1.530 ms - 0[0m
[0mGET /api/rental/bookings/57 [36m304[0m 276.206 ms - -[0m
[0mGET /api/one-day/orders/57 [36m304[0m 622.770 ms - -[0m
[0mOPTIONS /api/order/store/list/57 [32m204[0m 0.898 ms - 0[0m
[0mGET /api/order/store/list/57 [36m304[0m 61.669 ms - -[0m
[0mOPTIONS /api/rental/bookings/57 [32m204[0m 0.965 ms - 0[0m
[0mOPTIONS /api/one-day/orders/57 [32m204[0m 0.372 ms - 0[0m
[0mGET /api/rental/bookings/57 [36m304[0m 271.490 ms - -[0m
[0mGET /api/one-day/orders/57 [36m304[0m 331.160 ms - -[0m
[0mOPTIONS /api/order/store/list/57 [32m204[0m 0.457 ms - 0[0m
[0mGET /api/order/store/list/57 [36m304[0m 63.699 ms - -[0m
[0mOPTIONS /api/rental/bookings/57 [32m204[0m 1.179 ms - 0[0m
[0mOPTIONS /api/one-day/orders/57 [32m204[0m 0.325 ms - 0[0m
[0mGET /api/rental/bookings/57 [36m304[0m 255.391 ms - -[0m
[0mGET /api/one-day/orders/57 [36m304[0m 336.485 ms - -[0m
[0mOPTIONS /api/order/store/list/57 [32m204[0m 0.756 ms - 0[0m
[0mGET /api/order/store/list/57 [36m304[0m 62.221 ms - -[0m
[0mOPTIONS /api/rental/bookings/57 [32m204[0m 0.625 ms - 0[0m
[0mOPTIONS /api/one-day/orders/57 [32m204[0m 0.266 ms - 0[0m
[0mGET /api/rental/bookings/57 [36m304[0m 271.597 ms - -[0m
[0mGET /api/one-day/orders/57 [36m304[0m 332.482 ms - -[0m
[0mOPTIONS /api/order/store/list/57 [32m204[0m 0.439 ms - 0[0m
[0mGET /api/order/store/list/57 [36m304[0m 160.034 ms - -[0m
[0mOPTIONS /api/rental/bookings/57 [32m204[0m 0.946 ms - 0[0m
[0mOPTIONS /api/one-day/orders/57 [32m204[0m 0.442 ms - 0[0m
[0mGET /api/rental/bookings/57 [36m304[0m 254.174 ms - -[0m
[0mGET /api/one-day/orders/57 [36m304[0m 330.258 ms - -[0m
[0mOPTIONS /api/order/store/list/57 [32m204[0m 0.657 ms - 0[0m
[0mGET /api/order/store/list/57 [36m304[0m 64.773 ms - -[0m
[0mOPTIONS /api/rental/bookings/57 [32m204[0m 0.665 ms - 0[0m
[0mOPTIONS /api/one-day/orders/57 [32m204[0m 0.317 ms - 0[0m
[0mGET /api/rental/bookings/57 [36m304[0m 283.617 ms - -[0m
[0mGET /api/one-day/orders/57 [36m304[0m 340.114 ms - -[0m
[0mOPTIONS /api/order/store/list/57 [32m204[0m 0.564 ms - 0[0m
[0mGET /api/order/store/list/57 [36m304[0m 62.546 ms - -[0m
[0mOPTIONS /api/rental/bookings/57 [32m204[0m 0.817 ms - 0[0m
[0mOPTIONS /api/one-day/orders/57 [32m204[0m 0.498 ms - 0[0m
[0mGET /api/rental/bookings/57 [36m304[0m 260.647 ms - -[0m
[0mGET /api/one-day/orders/57 [36m304[0m 334.522 ms - -[0m
[0mOPTIONS /api/order/store/list/57 [32m204[0m 0.607 ms - 0[0m
[0mGET /api/order/store/list/57 [36m304[0m 72.190 ms - -[0m
[0mOPTIONS /api/rental/bookings/57 [32m204[0m 0.643 ms - 0[0m
[0mOPTIONS /api/one-day/orders/57 [32m204[0m 0.411 ms - 0[0m
[0mGET /api/one-day/orders/57 [36m304[0m 332.375 ms - -[0m
[0mGET /api/rental/bookings/57 [36m304[0m 1069.230 ms - -[0m
[0mOPTIONS /api/order/store/list/57 [32m204[0m 0.483 ms - 0[0m
[0mGET /api/order/store/list/57 [36m304[0m 187.246 ms - -[0m
[0mOPTIONS /api/one-day/orders/57 [32m204[0m 0.418 ms - 0[0m
[0mGET /api/one-day/orders/57 [36m304[0m 669.214 ms - -[0m
[0mOPTIONS /api/rental/bookings/57 [32m204[0m 0.576 ms - 0[0m
[0mGET /api/rental/bookings/57 [36m304[0m 612.440 ms - -[0m
[0mOPTIONS /api/order/store/list/57 [32m204[0m 0.466 ms - 0[0m
[0mGET /api/order/store/list/57 [36m304[0m 157.310 ms - -[0m
[0mOPTIONS /api/one-day/orders/57 [32m204[0m 0.636 ms - 0[0m
[0mGET /api/one-day/orders/57 [36m304[0m 656.508 ms - -[0m
[0mOPTIONS /api/rental/bookings/57 [32m204[0m 0.588 ms - 0[0m
[0mGET /api/rental/bookings/57 [36m304[0m 603.646 ms - -[0m
[0mOPTIONS /api/order/store/list/57 [32m204[0m 0.389 ms - 0[0m
[0mGET /api/order/store/list/57 [36m304[0m 221.957 ms - -[0m
[0mOPTIONS /api/one-day/orders/57 [32m204[0m 0.463 ms - 0[0m
[0mGET /api/one-day/orders/57 [36m304[0m 614.543 ms - -[0m
[0mOPTIONS /api/rental/bookings/57 [32m204[0m 0.651 ms - 0[0m
[0mGET /api/rental/bookings/57 [36m304[0m 574.656 ms - -[0m
[0mOPTIONS /api/order/store/list/57 [32m204[0m 0.547 ms - 0[0m
[0mGET /api/order/store/list/57 [36m304[0m 168.764 ms - -[0m
[0mOPTIONS /api/one-day/orders/57 [32m204[0m 0.298 ms - 0[0m
[0mGET /api/one-day/orders/57 [36m304[0m 757.147 ms - -[0m
[0mOPTIONS /api/rental/bookings/57 [32m204[0m 0.565 ms - 0[0m
[0mGET /api/rental/bookings/57 [36m304[0m 604.042 ms - -[0m
[0mOPTIONS /api/order/store/list/57 [32m204[0m 0.620 ms - 0[0m
[0mGET /api/order/store/list/57 [36m304[0m 153.511 ms - -[0m
[0mOPTIONS /api/one-day/orders/57 [32m204[0m 0.593 ms - 0[0m
[0mGET /api/one-day/orders/57 [36m304[0m 573.787 ms - -[0m
[0mOPTIONS /api/rental/bookings/57 [32m204[0m 0.451 ms - 0[0m
[0mGET /api/rental/bookings/57 [36m304[0m 547.217 ms - -[0m
[0mOPTIONS /api/order/store/list/57 [32m204[0m 0.331 ms - 0[0m
[0mGET /api/order/store/list/57 [36m304[0m 138.092 ms - -[0m
[0mOPTIONS /api/one-day/orders/57 [32m204[0m 1.017 ms - 0[0m
[0mGET /api/one-day/orders/57 [36m304[0m 561.820 ms - -[0m
[0mOPTIONS /api/rental/bookings/57 [32m204[0m 0.578 ms - 0[0m
[0mGET /api/rental/bookings/57 [36m304[0m 529.746 ms - -[0m
[0mOPTIONS /api/order/store/list/57 [32m204[0m 0.621 ms - 0[0m
[0mGET /api/order/store/list/57 [36m304[0m 142.812 ms - -[0m
[0mOPTIONS /api/one-day/orders/57 [32m204[0m 0.581 ms - 0[0m
[0mGET /api/one-day/orders/57 [36m304[0m 639.925 ms - -[0m
[0mOPTIONS /api/rental/bookings/57 [32m204[0m 0.512 ms - 0[0m
[0mGET /api/rental/bookings/57 [36m304[0m 537.162 ms - -[0m
[0mOPTIONS /api/order/store/list/57 [32m204[0m 0.377 ms - 0[0m
[0mGET /api/order/store/list/57 [36m304[0m 136.126 ms - -[0m
[0mOPTIONS /api/one-day/orders/57 [32m204[0m 0.444 ms - 0[0m
[0mGET /api/one-day/orders/57 [36m304[0m 567.682 ms - -[0m
[0mOPTIONS /api/rental/bookings/57 [32m204[0m 0.536 ms - 0[0m
[0mGET /api/rental/bookings/57 [36m304[0m 529.192 ms - -[0m
[0mOPTIONS /api/order/store/list/57 [32m204[0m 0.377 ms - 0[0m
[0mGET /api/order/store/list/57 [36m304[0m 132.570 ms - -[0m
[0mOPTIONS /api/one-day/orders/57 [32m204[0m 0.217 ms - 0[0m
[0mGET /api/one-day/orders/57 [36m304[0m 543.570 ms - -[0m
[0mOPTIONS /api/rental/bookings/57 [32m204[0m 0.255 ms - 0[0m
[0mGET /api/rental/bookings/57 [36m304[0m 507.113 ms - -[0m
[0mOPTIONS /api/order/store/list/57 [32m204[0m 0.335 ms - 0[0m
[0mGET /api/order/store/list/57 [36m304[0m 125.294 ms - -[0m
[0mOPTIONS /api/one-day/orders/57 [32m204[0m 0.391 ms - 0[0m
[0mGET /api/one-day/orders/57 [36m304[0m 538.626 ms - -[0m
[0mOPTIONS /api/rental/bookings/57 [32m204[0m 0.457 ms - 0[0m
[0mGET /api/rental/bookings/57 [36m304[0m 496.429 ms - -[0m
[0mOPTIONS /api/order/store/list/57 [32m204[0m 0.321 ms - 0[0m
[0mGET /api/order/store/list/57 [36m304[0m 119.599 ms - -[0m
[0mOPTIONS /api/one-day/orders/57 [32m204[0m 0.517 ms - 0[0m
[0mGET /api/one-day/orders/57 [36m304[0m 500.280 ms - -[0m
[0mOPTIONS /api/rental/bookings/57 [32m204[0m 0.363 ms - 0[0m
[0mGET /api/rental/bookings/57 [36m304[0m 470.114 ms - -[0m
[0mOPTIONS /api/order/store/list/57 [32m204[0m 0.287 ms - 0[0m
[0mGET /api/order/store/list/57 [36m304[0m 116.964 ms - -[0m
[0mOPTIONS /api/one-day/orders/57 [32m204[0m 0.320 ms - 0[0m
[0mGET /api/one-day/orders/57 [36m304[0m 481.812 ms - -[0m
[0mOPTIONS /api/rental/bookings/57 [32m204[0m 0.410 ms - 0[0m
[0mGET /api/rental/bookings/57 [36m304[0m 459.084 ms - -[0m
[0mOPTIONS /api/order/store/list/57 [32m204[0m 0.222 ms - 0[0m
[0mGET /api/order/store/list/57 [36m304[0m 110.831 ms - -[0m
[0mOPTIONS /api/one-day/orders/57 [32m204[0m 0.399 ms - 0[0m
[0mGET /api/one-day/orders/57 [36m304[0m 483.789 ms - -[0m
[0mOPTIONS /api/rental/bookings/57 [32m204[0m 0.489 ms - 0[0m
[0mGET /api/rental/bookings/57 [36m304[0m 427.301 ms - -[0m
[0mOPTIONS /api/order/store/list/57 [32m204[0m 0.215 ms - 0[0m
[0mGET /api/order/store/list/57 [36m304[0m 148.424 ms - -[0m
[0mOPTIONS /api/one-day/orders/57 [32m204[0m 0.208 ms - 0[0m
[0mGET /api/one-day/orders/57 [36m304[0m 469.659 ms - -[0m
[0mOPTIONS /api/rental/bookings/57 [32m204[0m 0.603 ms - 0[0m
[0mGET /api/rental/bookings/57 [36m304[0m 464.388 ms - -[0m
[0mOPTIONS /api/order/store/list/57 [32m204[0m 0.383 ms - 0[0m
[0mGET /api/order/store/list/57 [36m304[0m 114.360 ms - -[0m
[0mOPTIONS /api/one-day/orders/57 [32m204[0m 0.443 ms - 0[0m
[0mGET /api/one-day/orders/57 [36m304[0m 486.233 ms - -[0m
[0mOPTIONS /api/rental/bookings/57 [32m204[0m 0.542 ms - 0[0m
[0mGET /api/rental/bookings/57 [36m304[0m 433.721 ms - -[0m
[0mOPTIONS /api/order/store/list/57 [32m204[0m 0.282 ms - 0[0m
[0mGET /api/order/store/list/57 [36m304[0m 116.125 ms - -[0m
[0mOPTIONS /api/one-day/orders/57 [32m204[0m 0.246 ms - 0[0m
[0mGET /api/one-day/orders/57 [36m304[0m 476.790 ms - -[0m
[0mOPTIONS /api/rental/bookings/57 [32m204[0m 0.580 ms - 0[0m
[0mGET /api/rental/bookings/57 [36m304[0m 462.634 ms - -[0m
[0mOPTIONS /api/order/store/list/57 [32m204[0m 0.198 ms - 0[0m
[0mGET /api/order/store/list/57 [36m304[0m 116.533 ms - -[0m
[0mOPTIONS /api/one-day/orders/57 [32m204[0m 0.202 ms - 0[0m
[0mGET /api/one-day/orders/57 [36m304[0m 473.004 ms - -[0m
[0mOPTIONS /api/rental/bookings/57 [32m204[0m 0.359 ms - 0[0m
[0mGET /api/rental/bookings/57 [36m304[0m 505.704 ms - -[0m
[0mOPTIONS /api/order/store/list/57 [32m204[0m 0.307 ms - 0[0m
[0mGET /api/order/store/list/57 [36m304[0m 113.075 ms - -[0m
[0mOPTIONS /api/one-day/orders/57 [32m204[0m 0.246 ms - 0[0m
[0mGET /api/one-day/orders/57 [36m304[0m 476.230 ms - -[0m
[0mOPTIONS /api/rental/bookings/57 [32m204[0m 0.263 ms - 0[0m
[0mGET /api/rental/bookings/57 [36m304[0m 428.799 ms - -[0m
[0mOPTIONS /api/order/store/list/57 [32m204[0m 0.186 ms - 0[0m
[0mGET /api/order/store/list/57 [36m304[0m 108.702 ms - -[0m
[0mOPTIONS /api/one-day/orders/57 [32m204[0m 0.172 ms - 0[0m
[0mGET /api/one-day/orders/57 [36m304[0m 460.298 ms - -[0m
[0mOPTIONS /api/rental/bookings/57 [32m204[0m 0.169 ms - 0[0m
[0mGET /api/rental/bookings/57 [36m304[0m 451.173 ms - -[0m
[0mOPTIONS /api/order/store/list/57 [32m204[0m 0.187 ms - 0[0m
[0mGET /api/order/store/list/57 [36m304[0m 106.749 ms - -[0m
[0mOPTIONS /api/one-day/orders/57 [32m204[0m 0.409 ms - 0[0m
[0mGET /api/one-day/orders/57 [36m304[0m 458.449 ms - -[0m
[0mOPTIONS /api/rental/bookings/57 [32m204[0m 0.175 ms - 0[0m
[0mGET /api/rental/bookings/57 [36m304[0m 408.517 ms - -[0m
[0mOPTIONS /api/order/store/list/57 [32m204[0m 0.275 ms - 0[0m
[0mGET /api/order/store/list/57 [36m304[0m 126.041 ms - -[0m
[0mOPTIONS /api/one-day/orders/57 [32m204[0m 0.230 ms - 0[0m
[0mGET /api/one-day/orders/57 [36m304[0m 466.121 ms - -[0m
[0mOPTIONS /api/rental/bookings/57 [32m204[0m 0.406 ms - 0[0m
[0mGET /api/rental/bookings/57 [36m304[0m 461.836 ms - -[0m
[0mOPTIONS /api/order/store/list/57 [32m204[0m 0.206 ms - 0[0m
[0mGET /api/order/store/list/57 [36m304[0m 112.370 ms - -[0m
[0mOPTIONS /api/one-day/orders/57 [32m204[0m 0.435 ms - 0[0m
[0mGET /api/one-day/orders/57 [36m304[0m 500.073 ms - -[0m
[0mOPTIONS /api/rental/bookings/57 [32m204[0m 0.212 ms - 0[0m
[0mGET /api/rental/bookings/57 [36m304[0m 543.544 ms - -[0m
[0mOPTIONS /api/order/store/list/57 [32m204[0m 0.419 ms - 0[0m
[0mGET /api/order/store/list/57 [36m304[0m 217.171 ms - -[0m
[0mOPTIONS /api/one-day/orders/57 [32m204[0m 0.248 ms - 0[0m
[0mOPTIONS /api/rental/bookings/57 [32m204[0m 0.386 ms - 0[0m
[0mGET /api/one-day/orders/57 [36m304[0m 1268.546 ms - -[0m
[0mGET /api/rental/bookings/57 [36m304[0m 763.913 ms - -[0m
[0mOPTIONS /api/order/store/list/57 [32m204[0m 0.281 ms - 0[0m
[0mGET /api/order/store/list/57 [36m304[0m 717.583 ms - -[0m
[0mOPTIONS /api/one-day/orders/57 [32m204[0m 0.701 ms - 0[0m
[0mOPTIONS /api/rental/bookings/57 [32m204[0m 0.404 ms - 0[0m
[0mGET /api/rental/bookings/57 [36m304[0m 327.078 ms - -[0m
[0mGET /api/one-day/orders/57 [36m304[0m 593.312 ms - -[0m
[0mOPTIONS /api/order/store/list/57 [32m204[0m 0.934 ms - 0[0m
[0mGET /api/order/store/list/57 [36m304[0m 111.898 ms - -[0m
[0mOPTIONS /api/rental/bookings/57 [32m204[0m 0.251 ms - 0[0m
[0mOPTIONS /api/one-day/orders/57 [32m204[0m 0.203 ms - 0[0m
[0mGET /api/one-day/orders/57 [36m304[0m 308.607 ms - -[0m
[0mGET /api/rental/bookings/57 [36m304[0m 463.197 ms - -[0m
[0mOPTIONS /api/order/store/list/57 [32m204[0m 0.604 ms - 0[0m
[0mGET /api/order/store/list/57 [36m304[0m 117.942 ms - -[0m
[0mOPTIONS /api/one-day/orders/57 [32m204[0m 0.247 ms - 0[0m
[0mOPTIONS /api/rental/bookings/57 [32m204[0m 0.101 ms - 0[0m
[0mGET /api/rental/bookings/57 [36m304[0m 314.034 ms - -[0m
[0mGET /api/one-day/orders/57 [36m304[0m 531.863 ms - -[0m
[0mOPTIONS /api/order/store/list/57 [32m204[0m 0.419 ms - 0[0m
[0mOPTIONS /api/rental/bookings/57 [32m204[0m 0.380 ms - 0[0m
[0mOPTIONS /api/one-day/orders/57 [32m204[0m 0.216 ms - 0[0m
[0mGET /api/order/store/list/57 [36m304[0m 4704.180 ms - -[0m
[0mGET /api/rental/bookings/57 [36m304[0m 10909.833 ms - -[0m
[0mOPTIONS /api/order/store/list/57 [32m204[0m 0.969 ms - 0[0m
[0mGET /api/order/store/list/57 [36m304[0m 2092.934 ms - -[0m
[0mGET /api/one-day/orders/57 [36m304[0m 13273.028 ms - -[0m
[0mOPTIONS /api/rental/bookings/57 [32m204[0m 0.448 ms - 0[0m
[0mGET /api/rental/bookings/57 [36m304[0m 1529.625 ms - -[0m
[0mOPTIONS /api/order/store/list/57 [32m204[0m 0.258 ms - 0[0m
[0mOPTIONS /api/one-day/orders/57 [32m204[0m 0.109 ms - 0[0m
[0mGET /api/order/store/list/57 [36m304[0m 117.550 ms - -[0m
[0mGET /api/one-day/orders/57 [36m304[0m 358.140 ms - -[0m
[0mOPTIONS /api/rental/bookings/57 [32m204[0m 0.419 ms - 0[0m
[0mGET /api/rental/bookings/57 [36m304[0m 472.836 ms - -[0m
[0mOPTIONS /api/order/store/list/57 [32m204[0m 0.502 ms - 0[0m
[0mOPTIONS /api/one-day/orders/57 [32m204[0m 0.244 ms - 0[0m
[0mGET /api/order/store/list/57 [36m304[0m 64.796 ms - -[0m
[0mGET /api/one-day/orders/57 [36m304[0m 523.152 ms - -[0m
[0mOPTIONS /api/rental/bookings/57 [32m204[0m 0.560 ms - 0[0m
[0mGET /api/rental/bookings/57 [36m304[0m 493.527 ms - -[0m
[0mOPTIONS /api/order/store/list/57 [32m204[0m 0.463 ms - 0[0m
[0mOPTIONS /api/one-day/orders/57 [32m204[0m 0.354 ms - 0[0m
[0mGET /api/order/store/list/57 [36m304[0m 117.011 ms - -[0m
[0mGET /api/one-day/orders/57 [36m304[0m 311.897 ms - -[0m
[0mOPTIONS /api/rental/bookings/57 [32m204[0m 0.258 ms - 0[0m
[0mGET /api/rental/bookings/57 [36m304[0m 260.239 ms - -[0m
[0mOPTIONS /api/order/store/list/57 [32m204[0m 0.831 ms - 0[0m
[0mOPTIONS /api/one-day/orders/57 [32m204[0m 0.326 ms - 0[0m
[0mGET /api/order/store/list/57 [36m304[0m 65.775 ms - -[0m
[0mGET /api/one-day/orders/57 [36m304[0m 495.445 ms - -[0m
[0mOPTIONS /api/rental/bookings/57 [32m204[0m 0.260 ms - 0[0m
[0mGET /api/rental/bookings/57 [36m304[0m 500.516 ms - -[0m
[0mOPTIONS /api/order/store/list/57 [32m204[0m 0.256 ms - 0[0m
[0mOPTIONS /api/one-day/orders/57 [32m204[0m 0.128 ms - 0[0m
[0mGET /api/order/store/list/57 [36m304[0m 193.734 ms - -[0m
[0mGET /api/one-day/orders/57 [36m304[0m 591.934 ms - -[0m
[0mOPTIONS /api/rental/bookings/57 [32m204[0m 0.299 ms - 0[0m
[0mGET /api/rental/bookings/57 [36m304[0m 488.526 ms - -[0m
[0mOPTIONS /api/order/store/list/57 [32m204[0m 0.447 ms - 0[0m
[0mOPTIONS /api/one-day/orders/57 [32m204[0m 0.142 ms - 0[0m
[0mGET /api/order/store/list/57 [36m304[0m 113.018 ms - -[0m
[0mGET /api/one-day/orders/57 [36m304[0m 289.396 ms - -[0m
[0mOPTIONS /api/rental/bookings/57 [32m204[0m 0.332 ms - 0[0m
[0mGET /api/rental/bookings/57 [36m304[0m 256.584 ms - -[0m
[0mOPTIONS /api/order/store/list/57 [32m204[0m 0.315 ms - 0[0m
[0mOPTIONS /api/one-day/orders/57 [32m204[0m 0.138 ms - 0[0m
[0mGET /api/order/store/list/57 [36m304[0m 60.250 ms - -[0m
[0mGET /api/one-day/orders/57 [36m304[0m 487.685 ms - -[0m
[0mOPTIONS /api/rental/bookings/57 [32m204[0m 0.289 ms - 0[0m
[0mGET /api/rental/bookings/57 [36m304[0m 539.066 ms - -[0m
[0mOPTIONS /api/order/store/list/57 [32m204[0m 0.187 ms - 0[0m
[0mOPTIONS /api/one-day/orders/57 [32m204[0m 0.080 ms - 0[0m
[0mGET /api/order/store/list/57 [36m304[0m 116.872 ms - -[0m
[0mGET /api/one-day/orders/57 [36m304[0m 488.383 ms - -[0m
[0mOPTIONS /api/rental/bookings/57 [32m204[0m 0.202 ms - 0[0m
[0mGET /api/rental/bookings/57 [36m304[0m 257.487 ms - -[0m
[0mOPTIONS /api/order/store/list/57 [32m204[0m 0.197 ms - 0[0m
[0mOPTIONS /api/one-day/orders/57 [32m204[0m 0.543 ms - 0[0m
[0mGET /api/order/store/list/57 [36m304[0m 59.843 ms - -[0m
[0mGET /api/one-day/orders/57 [36m304[0m 530.807 ms - -[0m
[0mOPTIONS /api/rental/bookings/57 [32m204[0m 0.335 ms - 0[0m
[0mGET /api/rental/bookings/57 [36m304[0m 550.674 ms - -[0m
[0mOPTIONS /api/order/store/list/57 [32m204[0m 0.554 ms - 0[0m
[0mOPTIONS /api/one-day/orders/57 [32m204[0m 0.309 ms - 0[0m
[0mGET /api/order/store/list/57 [36m304[0m 149.802 ms - -[0m
[0mGET /api/one-day/orders/57 [36m304[0m 524.821 ms - -[0m
[0mOPTIONS /api/rental/bookings/57 [32m204[0m 0.670 ms - 0[0m
[0mGET /api/rental/bookings/57 [36m304[0m 294.560 ms - -[0m
[0mOPTIONS /api/order/store/list/57 [32m204[0m 0.243 ms - 0[0m
[0mOPTIONS /api/one-day/orders/57 [32m204[0m 0.124 ms - 0[0m
[0mGET /api/order/store/list/57 [36m304[0m 76.736 ms - -[0m
[0mGET /api/one-day/orders/57 [36m304[0m 586.396 ms - -[0m
[0mOPTIONS /api/rental/bookings/57 [32m204[0m 0.585 ms - 0[0m
[0mGET /api/rental/bookings/57 [36m304[0m 438.688 ms - -[0m
[0mOPTIONS /api/order/store/list/57 [32m204[0m 0.308 ms - 0[0m
[0mOPTIONS /api/one-day/orders/57 [32m204[0m 0.295 ms - 0[0m
[0mGET /api/order/store/list/57 [36m304[0m 112.990 ms - -[0m
[0mGET /api/one-day/orders/57 [36m304[0m 297.898 ms - -[0m
[0mOPTIONS /api/rental/bookings/57 [32m204[0m 0.196 ms - 0[0m
[0mGET /api/rental/bookings/57 [36m304[0m 251.249 ms - -[0m
[0mOPTIONS /api/order/store/list/57 [32m204[0m 0.239 ms - 0[0m
[0mOPTIONS /api/one-day/orders/57 [32m204[0m 0.155 ms - 0[0m
[0mGET /api/order/store/list/57 [36m304[0m 57.079 ms - -[0m
[0mGET /api/one-day/orders/57 [36m304[0m 475.823 ms - -[0m
[0mOPTIONS /api/rental/bookings/57 [32m204[0m 0.197 ms - 0[0m
[0mGET /api/rental/bookings/57 [36m304[0m 433.495 ms - -[0m
[0mOPTIONS /api/order/store/list/57 [32m204[0m 0.296 ms - 0[0m
[0mOPTIONS /api/one-day/orders/57 [32m204[0m 0.135 ms - 0[0m
[0mGET /api/order/store/list/57 [36m304[0m 113.186 ms - -[0m
[0mGET /api/one-day/orders/57 [36m304[0m 313.599 ms - -[0m
[0mOPTIONS /api/rental/bookings/57 [32m204[0m 0.324 ms - 0[0m
[0mGET /api/rental/bookings/57 [36m304[0m 308.013 ms - -[0m
[0mOPTIONS /api/order/store/list/57 [32m204[0m 0.454 ms - 0[0m
[0mOPTIONS /api/one-day/orders/57 [32m204[0m 0.752 ms - 0[0m
[0mGET /api/order/store/list/57 [36m304[0m 76.780 ms - -[0m
[0mGET /api/one-day/orders/57 [36m304[0m 551.286 ms - -[0m
[0mOPTIONS /api/rental/bookings/57 [32m204[0m 1.330 ms - 0[0m
[0mGET /api/rental/bookings/57 [36m304[0m 438.131 ms - -[0m
[0mOPTIONS /api/order/store/list/57 [32m204[0m 0.307 ms - 0[0m
[0mOPTIONS /api/one-day/orders/57 [32m204[0m 0.189 ms - 0[0m
[0mGET /api/order/store/list/57 [36m304[0m 121.181 ms - -[0m
[0mGET /api/one-day/orders/57 [36m304[0m 302.581 ms - -[0m
[0mOPTIONS /api/rental/bookings/57 [32m204[0m 0.260 ms - 0[0m
[0mGET /api/rental/bookings/57 [36m304[0m 253.605 ms - -[0m
[0mOPTIONS /api/order/store/list/57 [32m204[0m 0.321 ms - 0[0m
[0mOPTIONS /api/one-day/orders/57 [32m204[0m 0.107 ms - 0[0m
[0mGET /api/order/store/list/57 [36m304[0m 56.824 ms - -[0m
[0mGET /api/one-day/orders/57 [36m304[0m 482.734 ms - -[0m
[0mOPTIONS /api/rental/bookings/57 [32m204[0m 0.398 ms - 0[0m
[0mGET /api/rental/bookings/57 [36m304[0m 434.953 ms - -[0m
[0mOPTIONS /api/order/store/list/57 [32m204[0m 0.728 ms - 0[0m
[0mOPTIONS /api/one-day/orders/57 [32m204[0m 0.579 ms - 0[0m
[0mGET /api/order/store/list/57 [36m304[0m 115.958 ms - -[0m
[0mGET /api/one-day/orders/57 [36m304[0m 299.520 ms - -[0m
[0mOPTIONS /api/rental/bookings/57 [32m204[0m 0.445 ms - 0[0m
[0mGET /api/rental/bookings/57 [36m304[0m 250.020 ms - -[0m
[0mOPTIONS /api/order/store/list/57 [32m204[0m 0.544 ms - 0[0m
[0mOPTIONS /api/one-day/orders/57 [32m204[0m 0.400 ms - 0[0m
[0mGET /api/order/store/list/57 [36m304[0m 60.001 ms - -[0m
[0mGET /api/one-day/orders/57 [36m304[0m 494.147 ms - -[0m
[0mOPTIONS /api/rental/bookings/57 [32m204[0m 0.410 ms - 0[0m
[0mGET /api/rental/bookings/57 [36m304[0m 457.303 ms - -[0m
[0mOPTIONS /api/order/store/list/57 [32m204[0m 0.282 ms - 0[0m
[0mOPTIONS /api/one-day/orders/57 [32m204[0m 0.120 ms - 0[0m
[0mGET /api/order/store/list/57 [36m304[0m 111.526 ms - -[0m
[0mGET /api/one-day/orders/57 [36m304[0m 294.245 ms - -[0m
[0mOPTIONS /api/rental/bookings/57 [32m204[0m 0.245 ms - 0[0m
[0mGET /api/rental/bookings/57 [36m304[0m 256.521 ms - -[0m
[0mOPTIONS /api/order/store/list/57 [32m204[0m 0.244 ms - 0[0m
[0mOPTIONS /api/one-day/orders/57 [32m204[0m 0.157 ms - 0[0m
[0mGET /api/order/store/list/57 [36m304[0m 58.272 ms - -[0m
[0mGET /api/one-day/orders/57 [36m304[0m 523.557 ms - -[0m
[0mOPTIONS /api/rental/bookings/57 [32m204[0m 0.460 ms - 0[0m
[0mGET /api/rental/bookings/57 [36m304[0m 424.541 ms - -[0m
[0mOPTIONS /api/order/store/list/57 [32m204[0m 0.847 ms - 0[0m
[0mOPTIONS /api/one-day/orders/57 [32m204[0m 0.616 ms - 0[0m
[0mGET /api/order/store/list/57 [36m304[0m 116.375 ms - -[0m
[0mGET /api/one-day/orders/57 [36m304[0m 302.159 ms - -[0m
[0mOPTIONS /api/rental/bookings/57 [32m204[0m 0.191 ms - 0[0m
[0mGET /api/rental/bookings/57 [36m304[0m 259.174 ms - -[0m
[0mOPTIONS /api/order/store/list/57 [32m204[0m 0.888 ms - 0[0m
[0mOPTIONS /api/one-day/orders/57 [32m204[0m 0.499 ms - 0[0m
[0mGET /api/order/store/list/57 [36m304[0m 57.839 ms - -[0m
[0mGET /api/one-day/orders/57 [36m304[0m 508.928 ms - -[0m
[0mOPTIONS /api/rental/bookings/57 [32m204[0m 0.450 ms - 0[0m
[0mGET /api/rental/bookings/57 [36m304[0m 438.832 ms - -[0m
[0mOPTIONS /api/order/store/list/57 [32m204[0m 0.479 ms - 0[0m
[0mOPTIONS /api/one-day/orders/57 [32m204[0m 0.484 ms - 0[0m
[0mGET /api/order/store/list/57 [36m304[0m 121.923 ms - -[0m
[0mGET /api/one-day/orders/57 [36m304[0m 330.411 ms - -[0m
[0mOPTIONS /api/rental/bookings/57 [32m204[0m 0.500 ms - 0[0m
[0mGET /api/rental/bookings/57 [36m304[0m 252.658 ms - -[0m
[0mOPTIONS /api/order/store/list/57 [32m204[0m 0.200 ms - 0[0m
[0mOPTIONS /api/one-day/orders/57 [32m204[0m 0.073 ms - 0[0m
[0mGET /api/order/store/list/57 [36m304[0m 56.834 ms - -[0m
[0mGET /api/one-day/orders/57 [36m304[0m 516.729 ms - -[0m
[0mOPTIONS /api/rental/bookings/57 [32m204[0m 0.493 ms - 0[0m
[0mGET /api/rental/bookings/57 [36m304[0m 449.882 ms - -[0m
[0mOPTIONS /api/order/store/list/57 [32m204[0m 0.815 ms - 0[0m
[0mOPTIONS /api/one-day/orders/57 [32m204[0m 0.414 ms - 0[0m
[0mGET /api/order/store/list/57 [36m304[0m 119.255 ms - -[0m
[0mGET /api/one-day/orders/57 [36m304[0m 294.340 ms - -[0m
[0mOPTIONS /api/rental/bookings/57 [32m204[0m 0.757 ms - 0[0m
[0mGET /api/rental/bookings/57 [36m304[0m 295.946 ms - -[0m
[0mOPTIONS /api/order/store/list/57 [32m204[0m 0.366 ms - 0[0m
[0mOPTIONS /api/one-day/orders/57 [32m204[0m 0.904 ms - 0[0m
[0mGET /api/order/store/list/57 [36m304[0m 65.707 ms - -[0m
[0mGET /api/one-day/orders/57 [36m304[0m 562.725 ms - -[0m
[0mOPTIONS /api/rental/bookings/57 [32m204[0m 0.468 ms - 0[0m
[0mGET /api/rental/bookings/57 [36m304[0m 575.896 ms - -[0m
[0mOPTIONS /api/order/store/list/57 [32m204[0m 0.195 ms - 0[0m
[0mOPTIONS /api/one-day/orders/57 [32m204[0m 0.088 ms - 0[0m
[0mGET /api/order/store/list/57 [36m304[0m 123.914 ms - -[0m
[0mGET /api/one-day/orders/57 [36m304[0m 502.379 ms - -[0m
[0mOPTIONS /api/rental/bookings/57 [32m204[0m 0.643 ms - 0[0m
[0mGET /api/rental/bookings/57 [36m304[0m 552.242 ms - -[0m
[0mOPTIONS /api/order/store/list/57 [32m204[0m 0.690 ms - 0[0m
[0mOPTIONS /api/one-day/orders/57 [32m204[0m 0.412 ms - 0[0m
[0mGET /api/order/store/list/57 [36m304[0m 118.968 ms - -[0m
[0mGET /api/one-day/orders/57 [36m304[0m 322.547 ms - -[0m
[0mOPTIONS /api/rental/bookings/57 [32m204[0m 0.622 ms - 0[0m
[0mGET /api/rental/bookings/57 [36m304[0m 357.320 ms - -[0m
[0mOPTIONS /api/order/store/list/57 [32m204[0m 0.241 ms - 0[0m
[0mOPTIONS /api/one-day/orders/57 [32m204[0m 0.089 ms - 0[0m
[0mGET /api/order/store/list/57 [36m304[0m 58.409 ms - -[0m
[0mGET /api/one-day/orders/57 [36m304[0m 530.091 ms - -[0m
[0mOPTIONS /api/rental/bookings/57 [32m204[0m 1.717 ms - 0[0m
[0mGET /api/rental/bookings/57 [36m304[0m 444.136 ms - -[0m
[0mOPTIONS /api/order/store/list/57 [32m204[0m 0.551 ms - 0[0m
[0mOPTIONS /api/one-day/orders/57 [32m204[0m 0.390 ms - 0[0m
[0mGET /api/order/store/list/57 [36m304[0m 112.003 ms - -[0m
[0mGET /api/one-day/orders/57 [36m304[0m 441.755 ms - -[0m
[0mOPTIONS /api/rental/bookings/57 [32m204[0m 0.541 ms - 0[0m
[0mGET /api/rental/bookings/57 [36m304[0m 254.701 ms - -[0m
[0mOPTIONS /api/order/store/list/57 [32m204[0m 0.201 ms - 0[0m
[0mOPTIONS /api/one-day/orders/57 [32m204[0m 0.129 ms - 0[0m
[0mGET /api/order/store/list/57 [36m304[0m 254.887 ms - -[0m
[0mGET /api/one-day/orders/57 [36m304[0m 487.074 ms - -[0m
[0mOPTIONS /api/rental/bookings/57 [32m204[0m 0.616 ms - 0[0m
[0mGET /api/rental/bookings/57 [36m304[0m 445.806 ms - -[0m
[0mOPTIONS /api/order/store/list/57 [32m204[0m 0.500 ms - 0[0m
[0mOPTIONS /api/one-day/orders/57 [32m204[0m 0.331 ms - 0[0m
[0mGET /api/order/store/list/57 [36m304[0m 215.677 ms - -[0m
[0mGET /api/one-day/orders/57 [36m304[0m 364.399 ms - -[0m
[0mOPTIONS /api/rental/bookings/57 [32m204[0m 0.232 ms - 0[0m
[0mGET /api/rental/bookings/57 [36m304[0m 239.390 ms - -[0m
[0mOPTIONS /api/order/store/list/57 [32m204[0m 0.780 ms - 0[0m
[0mOPTIONS /api/one-day/orders/57 [32m204[0m 0.171 ms - 0[0m
[0mGET /api/order/store/list/57 [36m304[0m 60.846 ms - -[0m
[0mGET /api/one-day/orders/57 [36m304[0m 504.180 ms - -[0m
[0mOPTIONS /api/rental/bookings/57 [32m204[0m 1.004 ms - 0[0m
[0mGET /api/rental/bookings/57 [36m304[0m 452.833 ms - -[0m
[0mOPTIONS /api/order/store/list/57 [32m204[0m 0.345 ms - 0[0m
[0mOPTIONS /api/one-day/orders/57 [32m204[0m 0.220 ms - 0[0m
[0mGET /api/order/store/list/57 [36m304[0m 111.228 ms - -[0m
[0mGET /api/one-day/orders/57 [36m304[0m 311.882 ms - -[0m
[0mOPTIONS /api/rental/bookings/57 [32m204[0m 0.213 ms - 0[0m
[0mGET /api/rental/bookings/57 [36m304[0m 232.282 ms - -[0m
[0mOPTIONS /api/order/store/list/57 [32m204[0m 0.525 ms - 0[0m
[0mOPTIONS /api/one-day/orders/57 [32m204[0m 0.341 ms - 0[0m
[0mGET /api/order/store/list/57 [36m304[0m 74.485 ms - -[0m
[0mGET /api/one-day/orders/57 [36m304[0m 483.242 ms - -[0m
[0mOPTIONS /api/rental/bookings/57 [32m204[0m 0.363 ms - 0[0m
[0mGET /api/rental/bookings/57 [36m304[0m 552.895 ms - -[0m
[0mOPTIONS /api/order/store/list/57 [32m204[0m 0.512 ms - 0[0m
[0mOPTIONS /api/one-day/orders/57 [32m204[0m 0.185 ms - 0[0m
[0mGET /api/order/store/list/57 [36m304[0m 116.983 ms - -[0m
[0mGET /api/one-day/orders/57 [36m304[0m 659.164 ms - -[0m
[0mOPTIONS /api/rental/bookings/57 [32m204[0m 0.164 ms - 0[0m
[0mGET /api/rental/bookings/57 [36m304[0m 497.383 ms - -[0m
[0mOPTIONS /api/order/store/list/57 [32m204[0m 1.401 ms - 0[0m
[0mOPTIONS /api/one-day/orders/57 [32m204[0m 0.984 ms - 0[0m
[0mGET /api/order/store/list/57 [36m304[0m 132.411 ms - -[0m
[0mGET /api/one-day/orders/57 [36m304[0m 297.595 ms - -[0m
[0mOPTIONS /api/rental/bookings/57 [32m204[0m 0.329 ms - 0[0m
[0mGET /api/rental/bookings/57 [36m304[0m 266.176 ms - -[0m
[0mOPTIONS /api/order/store/list/57 [32m204[0m 0.462 ms - 0[0m
[0mOPTIONS /api/one-day/orders/57 [32m204[0m 0.119 ms - 0[0m
[0mGET /api/order/store/list/57 [36m304[0m 69.029 ms - -[0m
[0mGET /api/one-day/orders/57 [36m304[0m 540.655 ms - -[0m
[0mOPTIONS /api/rental/bookings/57 [32m204[0m 0.585 ms - 0[0m
[0mGET /api/rental/bookings/57 [36m304[0m 486.446 ms - -[0m
[0mOPTIONS /api/order/store/list/57 [32m204[0m 0.544 ms - 0[0m
[0mOPTIONS /api/one-day/orders/57 [32m204[0m 0.245 ms - 0[0m
[0mGET /api/order/store/list/57 [36m304[0m 133.710 ms - -[0m
[0mGET /api/one-day/orders/57 [36m304[0m 323.983 ms - -[0m
[0mOPTIONS /api/rental/bookings/57 [32m204[0m 0.484 ms - 0[0m
[0mGET /api/rental/bookings/57 [36m304[0m 264.188 ms - -[0m
[0mOPTIONS /api/order/store/list/57 [32m204[0m 0.839 ms - 0[0m
[0mOPTIONS /api/one-day/orders/57 [32m204[0m 0.312 ms - 0[0m
[0mGET /api/order/store/list/57 [36m304[0m 60.327 ms - -[0m
[0mGET /api/one-day/orders/57 [36m304[0m 512.523 ms - -[0m
[0mOPTIONS /api/rental/bookings/57 [32m204[0m 0.689 ms - 0[0m
[0mGET /api/rental/bookings/57 [36m304[0m 546.995 ms - -[0m
[0mOPTIONS /api/order/store/list/57 [32m204[0m 0.341 ms - 0[0m
[0mOPTIONS /api/one-day/orders/57 [32m204[0m 0.186 ms - 0[0m
[0mGET /api/order/store/list/57 [36m304[0m 127.735 ms - -[0m
[0mGET /api/one-day/orders/57 [36m304[0m 353.602 ms - -[0m
[0mOPTIONS /api/rental/bookings/57 [32m204[0m 0.637 ms - 0[0m
[0mGET /api/rental/bookings/57 [36m304[0m 266.833 ms - -[0m
[0mOPTIONS /api/order/store/list/57 [32m204[0m 0.747 ms - 0[0m
[0mOPTIONS /api/one-day/orders/57 [32m204[0m 0.270 ms - 0[0m
[0mGET /api/order/store/list/57 [36m304[0m 58.983 ms - -[0m
[0mGET /api/one-day/orders/57 [36m304[0m 518.528 ms - -[0m
[0mOPTIONS /api/rental/bookings/57 [32m204[0m 0.658 ms - 0[0m
[0mGET /api/rental/bookings/57 [36m304[0m 474.561 ms - -[0m
[0mOPTIONS /api/order/store/list/57 [32m204[0m 5.922 ms - 0[0m
[0mOPTIONS /api/one-day/orders/57 [32m204[0m 0.399 ms - 0[0m
[0mGET /api/order/store/list/57 [36m304[0m 122.448 ms - -[0m
[0mGET /api/one-day/orders/57 [36m304[0m 300.569 ms - -[0m
[0mOPTIONS /api/rental/bookings/57 [32m204[0m 0.393 ms - 0[0m
[0mGET /api/rental/bookings/57 [36m304[0m 273.862 ms - -[0m
[0mOPTIONS /api/order/store/list/57 [32m204[0m 0.198 ms - 0[0m
[0mOPTIONS /api/one-day/orders/57 [32m204[0m 0.085 ms - 0[0m
[0mGET /api/order/store/list/57 [36m304[0m 59.166 ms - -[0m
[0mGET /api/one-day/orders/57 [36m304[0m 484.801 ms - -[0m
[0mOPTIONS /api/rental/bookings/57 [32m204[0m 6.283 ms - 0[0m
[0mGET /api/rental/bookings/57 [36m304[0m 490.595 ms - -[0m
[0mOPTIONS /api/order/store/list/57 [32m204[0m 0.506 ms - 0[0m
[0mOPTIONS /api/one-day/orders/57 [32m204[0m 0.704 ms - 0[0m
[0mGET /api/order/store/list/57 [36m304[0m 117.244 ms - -[0m
[0mGET /api/one-day/orders/57 [36m304[0m 339.635 ms - -[0m
[0mOPTIONS /api/rental/bookings/57 [32m204[0m 0.558 ms - 0[0m
[0mGET /api/rental/bookings/57 [36m304[0m 1594.313 ms - -[0m
[0mOPTIONS /api/order/store/list/57 [32m204[0m 21.010 ms - 0[0m
[0mOPTIONS /api/one-day/orders/57 [32m204[0m 1.027 ms - 0[0m
[0mGET /api/order/store/list/57 [36m304[0m 237.278 ms - -[0m
[0mGET /api/one-day/orders/57 [36m304[0m 501.767 ms - -[0m
[0mOPTIONS /api/rental/bookings/57 [32m204[0m 0.208 ms - 0[0m
[0mGET /api/rental/bookings/57 [36m304[0m 438.234 ms - -[0m
[0mOPTIONS /api/order/store/list/57 [32m204[0m 0.380 ms - 0[0m
[0mOPTIONS /api/one-day/orders/57 [32m204[0m 0.300 ms - 0[0m
[0mGET /api/order/store/list/57 [36m304[0m 114.039 ms - -[0m
[0mGET /api/one-day/orders/57 [36m304[0m 638.314 ms - -[0m
[0mOPTIONS /api/rental/bookings/57 [32m204[0m 0.510 ms - 0[0m
[0mGET /api/rental/bookings/57 [36m304[0m 550.326 ms - -[0m
[0mOPTIONS /api/order/store/list/57 [32m204[0m 0.792 ms - 0[0m
[0mOPTIONS /api/one-day/orders/57 [32m204[0m 0.173 ms - 0[0m
[0mGET /api/order/store/list/57 [36m304[0m 146.088 ms - -[0m
[0mGET /api/one-day/orders/57 [36m304[0m 927.262 ms - -[0m
[0mOPTIONS /api/rental/bookings/57 [32m204[0m 0.305 ms - 0[0m
[0mGET /api/rental/bookings/57 [36m304[0m 462.449 ms - -[0m
[0mOPTIONS /api/order/store/list/57 [32m204[0m 5.301 ms - 0[0m
[0mOPTIONS /api/one-day/orders/57 [32m204[0m 0.332 ms - 0[0m
[0mGET /api/order/store/list/57 [36m304[0m 114.474 ms - -[0m
[0mGET /api/one-day/orders/57 [36m304[0m 1122.409 ms - -[0m
[0mOPTIONS /api/rental/bookings/57 [32m204[0m 2.228 ms - 0[0m
[0mGET /api/rental/bookings/57 [36m304[0m 608.515 ms - -[0m
[0mOPTIONS /api/order/store/list/57 [32m204[0m 0.227 ms - 0[0m
[0mGET /api/order/store/list/57 [36m304[0m 147.802 ms - -[0m
[0mOPTIONS /api/one-day/orders/57 [32m204[0m 0.223 ms - 0[0m
[0mGET /api/one-day/orders/57 [36m304[0m 602.538 ms - -[0m
[0mOPTIONS /api/rental/bookings/57 [32m204[0m 0.517 ms - 0[0m
[0mGET /api/rental/bookings/57 [36m304[0m 549.164 ms - -[0m
[0mOPTIONS /api/order/store/list/57 [32m204[0m 0.262 ms - 0[0m
[0mGET /api/order/store/list/57 [36m304[0m 144.544 ms - -[0m
[0mOPTIONS /api/one-day/orders/57 [32m204[0m 0.229 ms - 0[0m
[0mGET /api/one-day/orders/57 [36m304[0m 590.902 ms - -[0m
[0mOPTIONS /api/rental/bookings/57 [32m204[0m 1.276 ms - 0[0m
[0mGET /api/rental/bookings/57 [36m304[0m 541.050 ms - -[0m
[0mOPTIONS /api/order/store/list/57 [32m204[0m 0.358 ms - 0[0m
[0mGET /api/order/store/list/57 [36m304[0m 152.760 ms - -[0m
[0mOPTIONS /api/one-day/orders/57 [32m204[0m 0.296 ms - 0[0m
[0mGET /api/one-day/orders/57 [32m200[0m 583.549 ms - -[0m
[0mOPTIONS /api/rental/bookings/57 [32m204[0m 0.337 ms - 0[0m
[0mGET /api/rental/bookings/57 [36m304[0m 548.300 ms - -[0m
[0mOPTIONS /api/order/store/list/57 [32m204[0m 0.443 ms - 0[0m
[0mGET /api/order/store/list/57 [36m304[0m 158.511 ms - -[0m
[0mOPTIONS /api/one-day/orders/57 [32m204[0m 0.378 ms - 0[0m
[0mGET /api/one-day/orders/57 [36m304[0m 583.748 ms - -[0m
[0mOPTIONS /api/rental/bookings/57 [32m204[0m 0.306 ms - 0[0m
[0mGET /api/rental/bookings/57 [36m304[0m 540.484 ms - -[0m
[0mOPTIONS /api/order/store/list/57 [32m204[0m 0.825 ms - 0[0m
[0mGET /api/order/store/list/57 [36m304[0m 156.346 ms - -[0m
[0mOPTIONS /api/one-day/orders/57 [32m204[0m 0.548 ms - 0[0m
[0mGET /api/one-day/orders/57 [36m304[0m 732.856 ms - -[0m
[0mOPTIONS /api/rental/bookings/57 [32m204[0m 0.826 ms - 0[0m
[0mGET /api/rental/bookings/57 [36m304[0m 535.705 ms - -[0m
[0mOPTIONS /api/order/store/list/57 [32m204[0m 0.612 ms - 0[0m
[0mGET /api/order/store/list/57 [36m304[0m 161.503 ms - -[0m
[0mOPTIONS /api/one-day/orders/57 [32m204[0m 0.379 ms - 0[0m
[0mGET /api/one-day/orders/57 [36m304[0m 580.461 ms - -[0m
[0mOPTIONS /api/rental/bookings/57 [32m204[0m 0.997 ms - 0[0m
[0mGET /api/rental/bookings/57 [36m304[0m 536.548 ms - -[0m
[0mOPTIONS /api/order/store/list/57 [32m204[0m 0.232 ms - 0[0m
[0mGET /api/order/store/list/57 [36m304[0m 204.288 ms - -[0m
[0mOPTIONS /api/one-day/orders/57 [32m204[0m 0.206 ms - 0[0m
[0mGET /api/one-day/orders/57 [36m304[0m 595.402 ms - -[0m
[0mOPTIONS /api/rental/bookings/57 [32m204[0m 0.780 ms - 0[0m
[0mGET /api/rental/bookings/57 [36m304[0m 543.308 ms - -[0m
[0mOPTIONS /api/order/store/list/57 [32m204[0m 0.455 ms - 0[0m
[0mGET /api/order/store/list/57 [36m304[0m 173.332 ms - -[0m
[0mOPTIONS /api/one-day/orders/57 [32m204[0m 0.763 ms - 0[0m
[0mGET /api/one-day/orders/57 [36m304[0m 567.456 ms - -[0m
[0mOPTIONS /api/rental/bookings/57 [32m204[0m 0.649 ms - 0[0m
[0mGET /api/rental/bookings/57 [36m304[0m 534.910 ms - -[0m
[0mOPTIONS /api/order/store/list/57 [32m204[0m 1.842 ms - 0[0m
[0mGET /api/order/store/list/57 [36m304[0m 142.661 ms - -[0m
[0mOPTIONS /api/one-day/orders/57 [32m204[0m 0.267 ms - 0[0m
[0mGET /api/one-day/orders/57 [36m304[0m 551.185 ms - -[0m
[0mOPTIONS /api/rental/bookings/57 [32m204[0m 0.342 ms - 0[0m
[0mGET /api/rental/bookings/57 [36m304[0m 518.458 ms - -[0m
[0mOPTIONS /api/order/store/list/57 [32m204[0m 0.419 ms - 0[0m
[0mGET /api/order/store/list/57 [36m304[0m 141.228 ms - -[0m
[0mOPTIONS /api/one-day/orders/57 [32m204[0m 0.409 ms - 0[0m
[0mGET /api/one-day/orders/57 [36m304[0m 607.328 ms - -[0m
[0mOPTIONS /api/rental/bookings/57 [32m204[0m 0.351 ms - 0[0m
[0mGET /api/rental/bookings/57 [36m304[0m 533.449 ms - -[0m
[0mOPTIONS /api/order/store/list/57 [32m204[0m 1.306 ms - 0[0m
[0mGET /api/order/store/list/57 [36m304[0m 138.249 ms - -[0m
[0mOPTIONS /api/one-day/orders/57 [32m204[0m 0.712 ms - 0[0m
[0mGET /api/one-day/orders/57 [36m304[0m 554.660 ms - -[0m
[0mOPTIONS /api/rental/bookings/57 [32m204[0m 2.158 ms - 0[0m
[0mGET /api/rental/bookings/57 [36m304[0m 514.018 ms - -[0m
[0mOPTIONS /api/order/store/list/57 [32m204[0m 0.369 ms - 0[0m
[0mGET /api/order/store/list/57 [36m304[0m 133.913 ms - -[0m
[0mOPTIONS /api/one-day/orders/57 [32m204[0m 0.641 ms - 0[0m
[0mGET /api/one-day/orders/57 [36m304[0m 569.709 ms - -[0m
[0mOPTIONS /api/rental/bookings/57 [32m204[0m 0.814 ms - 0[0m
[0mGET /api/rental/bookings/57 [36m304[0m 515.230 ms - -[0m
[0mOPTIONS /api/order/store/list/57 [32m204[0m 0.459 ms - 0[0m
[0mGET /api/order/store/list/57 [36m304[0m 134.910 ms - -[0m
[0mOPTIONS /api/one-day/orders/57 [32m204[0m 2.759 ms - 0[0m
[0mGET /api/one-day/orders/57 [36m304[0m 566.070 ms - -[0m
[0mOPTIONS /api/rental/bookings/57 [32m204[0m 0.268 ms - 0[0m
[0mGET /api/rental/bookings/57 [36m304[0m 520.032 ms - -[0m
[0mOPTIONS /api/order/store/list/57 [32m204[0m 2.018 ms - 0[0m
[0mGET /api/order/store/list/57 [36m304[0m 138.605 ms - -[0m
[0mOPTIONS /api/one-day/orders/57 [32m204[0m 0.433 ms - 0[0m
[0mGET /api/one-day/orders/57 [36m304[0m 566.730 ms - -[0m
[0mOPTIONS /api/rental/bookings/57 [32m204[0m 0.414 ms - 0[0m
[0mGET /api/rental/bookings/57 [36m304[0m 522.949 ms - -[0m
[0mOPTIONS /api/order/store/list/57 [32m204[0m 0.335 ms - 0[0m
[0mGET /api/order/store/list/57 [36m304[0m 136.807 ms - -[0m
[0mOPTIONS /api/one-day/orders/57 [32m204[0m 0.293 ms - 0[0m
[0mGET /api/one-day/orders/57 [36m304[0m 571.323 ms - -[0m
[0mOPTIONS /api/rental/bookings/57 [32m204[0m 0.475 ms - 0[0m
[0mGET /api/rental/bookings/57 [36m304[0m 524.670 ms - -[0m
[0mOPTIONS /api/order/store/list/57 [32m204[0m 0.494 ms - 0[0m
[0mGET /api/order/store/list/57 [36m304[0m 140.486 ms - -[0m
[0mOPTIONS /api/one-day/orders/57 [32m204[0m 0.377 ms - 0[0m
[0mGET /api/one-day/orders/57 [36m304[0m 571.650 ms - -[0m
[0mOPTIONS /api/rental/bookings/57 [32m204[0m 0.413 ms - 0[0m
[0mGET /api/rental/bookings/57 [36m304[0m 636.500 ms - -[0m
[0mOPTIONS /api/order/store/list/57 [32m204[0m 0.999 ms - 0[0m
[0mGET /api/order/store/list/57 [36m304[0m 156.196 ms - -[0m
[0mOPTIONS /api/one-day/orders/57 [32m204[0m 0.264 ms - 0[0m
[0mGET /api/one-day/orders/57 [36m304[0m 758.469 ms - -[0m
[0mOPTIONS /api/rental/bookings/57 [32m204[0m 0.211 ms - 0[0m
[0mGET /api/rental/bookings/57 [36m304[0m 978.357 ms - -[0m
[0mOPTIONS /api/order/store/list/57 [32m204[0m 0.633 ms - 0[0m
[0mGET /api/order/store/list/57 [36m304[0m 203.339 ms - -[0m
[0mOPTIONS /api/one-day/orders/57 [32m204[0m 0.630 ms - 0[0m
[0mGET /api/one-day/orders/57 [36m304[0m 752.069 ms - -[0m
[0mOPTIONS /api/rental/bookings/57 [32m204[0m 0.329 ms - 0[0m
[0mGET /api/rental/bookings/57 [36m304[0m 522.109 ms - -[0m
[0mOPTIONS /api/order/store/list/57 [32m204[0m 0.917 ms - 0[0m
[0mGET /api/order/store/list/57 [36m304[0m 451.295 ms - -[0m
[0mOPTIONS /api/one-day/orders/57 [32m204[0m 0.333 ms - 0[0m
[0mGET /api/one-day/orders/57 [36m304[0m 579.981 ms - -[0m
[0mOPTIONS /api/rental/bookings/57 [32m204[0m 0.482 ms - 0[0m
[0mGET /api/rental/bookings/57 [36m304[0m 508.839 ms - -[0m
[0mOPTIONS /api/order/store/list/57 [32m204[0m 0.240 ms - 0[0m
[0mGET /api/order/store/list/57 [36m304[0m 135.555 ms - -[0m
[0mOPTIONS /api/one-day/orders/57 [32m204[0m 0.413 ms - 0[0m
[0mGET /api/one-day/orders/57 [36m304[0m 563.882 ms - -[0m
[0mOPTIONS /api/rental/bookings/57 [32m204[0m 0.270 ms - 0[0m
[0mGET /api/rental/bookings/57 [36m304[0m 501.403 ms - -[0m
[0mOPTIONS /api/order/store/list/57 [32m204[0m 0.723 ms - 0[0m
[0mGET /api/order/store/list/57 [36m304[0m 130.873 ms - -[0m
[0mOPTIONS /api/one-day/orders/57 [32m204[0m 0.244 ms - 0[0m
[0mGET /api/one-day/orders/57 [36m304[0m 567.576 ms - -[0m
[0mOPTIONS /api/rental/bookings/57 [32m204[0m 0.227 ms - 0[0m
[0mGET /api/rental/bookings/57 [36m304[0m 523.087 ms - -[0m
[0mOPTIONS /api/order/store/list/57 [32m204[0m 0.256 ms - 0[0m
[0mGET /api/order/store/list/57 [36m304[0m 131.701 ms - -[0m
[0mOPTIONS /api/one-day/orders/57 [32m204[0m 2.835 ms - 0[0m
[0mGET /api/one-day/orders/57 [36m304[0m 541.120 ms - -[0m
[0mOPTIONS /api/rental/bookings/57 [32m204[0m 0.370 ms - 0[0m
[0mGET /api/rental/bookings/57 [36m304[0m 437.982 ms - -[0m
[0mOPTIONS /api/order/store/list/57 [32m204[0m 0.401 ms - 0[0m
[0mGET /api/order/store/list/57 [36m304[0m 113.501 ms - -[0m
[0mOPTIONS /api/one-day/orders/57 [32m204[0m 0.280 ms - 0[0m
[0mGET /api/one-day/orders/57 [36m304[0m 529.060 ms - -[0m
[0mOPTIONS /api/rental/bookings/57 [32m204[0m 0.225 ms - 0[0m
[0mGET /api/rental/bookings/57 [36m304[0m 447.976 ms - -[0m
[0mOPTIONS /api/order/store/list/57 [32m204[0m 0.453 ms - 0[0m
[0mGET /api/order/store/list/57 [36m304[0m 127.236 ms - -[0m
[0mOPTIONS /api/one-day/orders/57 [32m204[0m 0.329 ms - 0[0m
[0mGET /api/one-day/orders/57 [36m304[0m 534.141 ms - -[0m
[0mOPTIONS /api/rental/bookings/57 [32m204[0m 0.210 ms - 0[0m
[0mGET /api/rental/bookings/57 [36m304[0m 436.771 ms - -[0m
[0mOPTIONS /api/order/store/list/57 [32m204[0m 0.464 ms - 0[0m
[0mGET /api/order/store/list/57 [36m304[0m 225.440 ms - -[0m
[0mOPTIONS /api/one-day/orders/57 [32m204[0m 0.387 ms - 0[0m
[0mGET /api/one-day/orders/57 [36m304[0m 542.321 ms - -[0m
[0mOPTIONS /api/rental/bookings/57 [32m204[0m 0.233 ms - 0[0m
[0mGET /api/rental/bookings/57 [36m304[0m 467.932 ms - -[0m
[0mOPTIONS /api/order/store/list/57 [32m204[0m 0.512 ms - 0[0m
[0mGET /api/order/store/list/57 [36m304[0m 122.975 ms - -[0m
[0mOPTIONS /api/one-day/orders/57 [32m204[0m 0.325 ms - 0[0m
[0mGET /api/one-day/orders/57 [36m304[0m 624.366 ms - -[0m
[0mOPTIONS /api/rental/bookings/57 [32m204[0m 0.268 ms - 0[0m
[0mGET /api/rental/bookings/57 [36m304[0m 535.498 ms - -[0m
[0mOPTIONS /api/order/store/list/57 [32m204[0m 0.256 ms - 0[0m
[0mGET /api/order/store/list/57 [36m304[0m 138.027 ms - -[0m
[0mOPTIONS /api/one-day/orders/57 [32m204[0m 0.345 ms - 0[0m
[0mGET /api/one-day/orders/57 [36m304[0m 633.298 ms - -[0m
[0mOPTIONS /api/rental/bookings/57 [32m204[0m 0.188 ms - 0[0m
[0mGET /api/rental/bookings/57 [36m304[0m 502.763 ms - -[0m
[0mOPTIONS /api/order/store/list/57 [32m204[0m 0.357 ms - 0[0m
[0mGET /api/order/store/list/57 [36m304[0m 132.727 ms - -[0m
[0mOPTIONS /api/one-day/orders/57 [32m204[0m 0.914 ms - 0[0m
[0mGET /api/one-day/orders/57 [36m304[0m 566.672 ms - -[0m
[0mOPTIONS /api/rental/bookings/57 [32m204[0m 0.160 ms - 0[0m
[0mGET /api/rental/bookings/57 [36m304[0m 496.804 ms - -[0m
[0mOPTIONS /api/order/store/list/57 [32m204[0m 0.466 ms - 0[0m
[0mGET /api/order/store/list/57 [36m304[0m 131.457 ms - -[0m
[0mOPTIONS /api/one-day/orders/57 [32m204[0m 0.393 ms - 0[0m
[0mGET /api/one-day/orders/57 [36m304[0m 560.746 ms - -[0m
[0mOPTIONS /api/rental/bookings/57 [32m204[0m 0.205 ms - 0[0m
[0mGET /api/rental/bookings/57 [36m304[0m 484.769 ms - -[0m
[0mOPTIONS /api/order/store/list/57 [32m204[0m 0.242 ms - 0[0m
[0mGET /api/order/store/list/57 [36m304[0m 129.993 ms - -[0m
[0mOPTIONS /api/one-day/orders/57 [32m204[0m 0.210 ms - 0[0m
[0mGET /api/one-day/orders/57 [36m304[0m 634.184 ms - -[0m
[0mOPTIONS /api/rental/bookings/57 [32m204[0m 0.911 ms - 0[0m
[0mGET /api/rental/bookings/57 [36m304[0m 555.604 ms - -[0m
[0mOPTIONS /api/order/store/list/57 [32m204[0m 0.645 ms - 0[0m
[0mGET /api/order/store/list/57 [36m304[0m 148.008 ms - -[0m
[0mOPTIONS /api/one-day/orders/57 [32m204[0m 0.527 ms - 0[0m
[0mGET /api/one-day/orders/57 [36m304[0m 584.680 ms - -[0m
[0mOPTIONS /api/billing/getByStoreId/57 [32m204[0m 0.224 ms - 0[0m
[0mGET /api/billing/getByStoreId/57 [32m200[0m 720.535 ms - -[0m
[0mOPTIONS /api/order/store/list/57 [32m204[0m 1.003 ms - 0[0m
[0mOPTIONS /api/one-day/orders/57 [32m204[0m 0.114 ms - 0[0m
[0mOPTIONS /api/rental/bookings/57 [32m204[0m 0.055 ms - 0[0m
[0mOPTIONS /api/store/menu-permissions/57 [32m204[0m 0.043 ms - 0[0m
[0mOPTIONS /api/auth/user/122 [32m204[0m 0.038 ms - 0[0m
[0mOPTIONS /api/store/product/admin/getAllProductById/57 [32m204[0m 0.290 ms - 0[0m
[0mOPTIONS /api/invoice-formats/list [32m204[0m 0.163 ms - 0[0m
[0mOPTIONS /api/invoice-formats/store/57 [32m204[0m 0.110 ms - 0[0m
[0mGET /api/order/store/list/57 [36m304[0m 288.448 ms - -[0m
[0mGET /api/auth/user/122 [36m304[0m 337.800 ms - -[0m
[0mGET /api/invoice-formats/list [32m200[0m 276.080 ms - -[0m
[0mGET /api/store/menu-permissions/57 [36m304[0m 518.564 ms - -[0m
[0mGET /api/store/product/admin/getAllProductById/57 [32m200[0m 261.490 ms - -[0m
[0mGET /api/rental/bookings/57 [36m304[0m 545.850 ms - -[0m
[0mGET /api/invoice-formats/store/57 [32m200[0m 209.298 ms - -[0m
[0mGET /api/one-day/orders/57 [36m304[0m 572.405 ms - -[0m
[0mOPTIONS /api/order/store/list/57 [32m204[0m 0.286 ms - 0[0m
[0mOPTIONS /api/rental/bookings/57 [32m204[0m 0.139 ms - 0[0m
[0mOPTIONS /api/one-day/orders/57 [32m204[0m 0.075 ms - 0[0m
[0mGET /api/order/store/list/57 [36m304[0m 60.659 ms - -[0m
[0mGET /api/rental/bookings/57 [36m304[0m 239.466 ms - -[0m
[0mGET /api/one-day/orders/57 [36m304[0m 286.278 ms - -[0m
[0mOPTIONS /api/store/product/admin/getAllProductById/57 [32m204[0m 1.490 ms - 0[0m
[0mGET /api/store/product/admin/getAllProductById/57 [36m304[0m 207.028 ms - -[0m
[0mOPTIONS /api/order/store/list/57 [32m204[0m 0.475 ms - 0[0m
[0mGET /api/order/store/list/57 [36m304[0m 61.490 ms - -[0m
[0mOPTIONS /api/rental/bookings/57 [32m204[0m 0.515 ms - 0[0m
[0mOPTIONS /api/one-day/orders/57 [32m204[0m 0.613 ms - 0[0m
[0mGET /api/rental/bookings/57 [36m304[0m 244.196 ms - -[0m
[0mGET /api/one-day/orders/57 [36m304[0m 327.279 ms - -[0m
[0mOPTIONS /api/category/getAllCategory [32m204[0m 0.316 ms - 0[0m
[0mOPTIONS /api/store/list/57 [32m204[0m 0.304 ms - 0[0m
[0mOPTIONS /api/product/getProductById/608 [32m204[0m 0.309 ms - 0[0m
[0mGET /api/product/getProductById/608 [32m200[0m 79.825 ms - -[0m
[0mGET /api/category/getAllCategory [36m304[0m 90.184 ms - -[0m
[0mGET /api/store/product/admin/getAllProductById/57 [36m304[0m 225.033 ms - -[0m
[0mGET /api/store/list/57 [36m304[0m 330.833 ms - -[0m
[0mOPTIONS /api/order/store/list/57 [32m204[0m 0.303 ms - 0[0m
[0mGET /api/order/store/list/57 [36m304[0m 60.585 ms - -[0m
[0mOPTIONS /api/rental/bookings/57 [32m204[0m 0.309 ms - 0[0m
[0mOPTIONS /api/one-day/orders/57 [32m204[0m 0.089 ms - 0[0m
[0mGET /api/rental/bookings/57 [36m304[0m 255.872 ms - -[0m
[0mGET /api/one-day/orders/57 [36m304[0m 305.613 ms - -[0m
[0mOPTIONS /api/order/store/list/57 [32m204[0m 0.427 ms - 0[0m
[0mGET /api/order/store/list/57 [36m304[0m 74.059 ms - -[0m
[0mOPTIONS /api/rental/bookings/57 [32m204[0m 0.574 ms - 0[0m
[0mOPTIONS /api/one-day/orders/57 [32m204[0m 0.383 ms - 0[0m
[0mGET /api/one-day/orders/57 [32m200[0m 306.887 ms - -[0m
[0mGET /api/rental/bookings/57 [36m304[0m 436.288 ms - -[0m
[0mOPTIONS /api/auth/user/122 [32m204[0m 0.298 ms - 0[0m
[0mOPTIONS /api/store/menu-permissions/57 [32m204[0m 0.097 ms - 0[0m
[0mGET /api/order/store/list/57 [36m304[0m 85.728 ms - -[0m
[0mOPTIONS /api/category/getAllCategory [32m204[0m 0.196 ms - 0[0m
[0mOPTIONS /api/store/list/57 [32m204[0m 0.123 ms - 0[0m
[0mOPTIONS /api/store/product/admin/getAllProductById/57 [32m204[0m 0.081 ms - 0[0m
[0mOPTIONS /api/product/getProductById/608 [32m204[0m 0.098 ms - 0[0m
[0mGET /api/category/getAllCategory [36m304[0m 179.550 ms - -[0m
[0mGET /api/auth/user/122 [36m304[0m 293.015 ms - -[0m
[0mGET /api/product/getProductById/608 [32m200[0m 75.411 ms - -[0m
[0mGET /api/store/menu-permissions/57 [36m304[0m 424.248 ms - -[0m
[0mGET /api/rental/bookings/57 [36m304[0m 438.276 ms - -[0m
[0mGET /api/store/list/57 [36m304[0m 359.801 ms - -[0m
[0mGET /api/one-day/orders/57 [36m304[0m 456.301 ms - -[0m
[0mGET /api/store/product/admin/getAllProductById/57 [32m200[0m 263.148 ms - -[0m
[0mOPTIONS /api/order/store/list/57 [32m204[0m 0.338 ms - 0[0m
[0mGET /api/order/store/list/57 [36m304[0m 59.778 ms - -[0m
[0mOPTIONS /api/rental/bookings/57 [32m204[0m 0.464 ms - 0[0m
[0mOPTIONS /api/one-day/orders/57 [32m204[0m 0.306 ms - 0[0m
[0mGET /api/rental/bookings/57 [36m304[0m 265.518 ms - -[0m
[0mGET /api/one-day/orders/57 [36m304[0m 318.807 ms - -[0m
[0mOPTIONS /api/order/store/list/57 [32m204[0m 0.600 ms - 0[0m
[0mGET /api/order/store/list/57 [36m304[0m 87.114 ms - -[0m
[0mOPTIONS /api/rental/bookings/57 [32m204[0m 0.420 ms - 0[0m
[0mOPTIONS /api/one-day/orders/57 [32m204[0m 0.135 ms - 0[0m
[0mGET /api/rental/bookings/57 [36m304[0m 248.578 ms - -[0m
[0mGET /api/one-day/orders/57 [36m304[0m 374.447 ms - -[0m
[0mOPTIONS /api/order/store/list/57 [32m204[0m 0.944 ms - 0[0m
[0mGET /api/order/store/list/57 [36m304[0m 59.704 ms - -[0m
[0mOPTIONS /api/rental/bookings/57 [32m204[0m 1.255 ms - 0[0m
[0mOPTIONS /api/one-day/orders/57 [32m204[0m 0.662 ms - 0[0m
[0mGET /api/rental/bookings/57 [36m304[0m 691.709 ms - -[0m
[0mGET /api/one-day/orders/57 [36m304[0m 632.827 ms - -[0m
[0mOPTIONS /api/billing/getByStoreId/57 [32m204[0m 0.413 ms - 0[0m
[0mGET /api/billing/getByStoreId/57 [32m200[0m 325.834 ms - -[0m
[0mOPTIONS /api/store/product/admin/getAllProductById/57 [32m204[0m 0.367 ms - 0[0m
[0mOPTIONS /api/invoice-formats/list [32m204[0m 0.347 ms - 0[0m
[0mOPTIONS /api/invoice-formats/store/57 [32m204[0m 0.832 ms - 0[0m
[0mGET /api/store/product/admin/getAllProductById/57 [36m304[0m 290.080 ms - -[0m
[0mGET /api/invoice-formats/list [36m304[0m 342.849 ms - -[0m
[0mGET /api/invoice-formats/store/57 [36m304[0m 368.135 ms - -[0m
[0mOPTIONS /api/order/store/list/57 [32m204[0m 0.292 ms - 0[0m
[0mGET /api/order/store/list/57 [36m304[0m 156.673 ms - -[0m
[0mOPTIONS /api/rental/bookings/57 [32m204[0m 0.535 ms - 0[0m
[0mOPTIONS /api/one-day/orders/57 [32m204[0m 0.554 ms - 0[0m
[0mGET /api/rental/bookings/57 [36m304[0m 687.555 ms - -[0m
[0mGET /api/one-day/orders/57 [36m304[0m 678.266 ms - -[0m
[0mOPTIONS /api/order/store/list/57 [32m204[0m 0.320 ms - 0[0m
[0mGET /api/order/store/list/57 [36m304[0m 60.405 ms - -[0m
[0mOPTIONS /api/rental/bookings/57 [32m204[0m 0.827 ms - 0[0m
[0mOPTIONS /api/one-day/orders/57 [32m204[0m 0.222 ms - 0[0m
[0mGET /api/rental/bookings/57 [36m304[0m 295.053 ms - -[0m
[0mGET /api/one-day/orders/57 [36m304[0m 346.029 ms - -[0m
[0mOPTIONS /api/order/store/list/57 [32m204[0m 0.519 ms - 0[0m
[0mGET /api/order/store/list/57 [36m304[0m 61.495 ms - -[0m
[0mOPTIONS /api/rental/bookings/57 [32m204[0m 0.393 ms - 0[0m
[0mOPTIONS /api/one-day/orders/57 [32m204[0m 0.278 ms - 0[0m
[0mGET /api/rental/bookings/57 [36m304[0m 257.126 ms - -[0m
[0mGET /api/one-day/orders/57 [36m304[0m 362.486 ms - -[0m
[0mOPTIONS /api/order/store/list/57 [32m204[0m 0.464 ms - 0[0m
[0mGET /api/order/store/list/57 [36m304[0m 64.263 ms - -[0m
[0mOPTIONS /api/rental/bookings/57 [32m204[0m 0.533 ms - 0[0m
[0mOPTIONS /api/one-day/orders/57 [32m204[0m 0.265 ms - 0[0m
[0mGET /api/rental/bookings/57 [36m304[0m 363.004 ms - -[0m
[0mGET /api/one-day/orders/57 [36m304[0m 324.669 ms - -[0m
